ISO-10303-21;
HEADER;
/* Generated by software containing ST-Developer
 * from STEP Tools, Inc. (www.steptools.com) 
 */
/* OPTION: using custom renumber hook */

FILE_DESCRIPTION(
/* description */ ('STEP AP242',
'CAx-IF Rec.Pracs.---Representation and Presentation of Product Manufa
cturing Information (PMI)---4.0---2014-10-13',
'CAx-IF Rec.Pracs.---3D Tessellated Geometry---0.4---2014-09-14','2;1'),

/* implementation_level */ '2;1');

FILE_NAME(
/* name */ '68dff3924ef02431c98943a9',
/* time_stamp */ '2025-10-03T16:02:27Z',
/* author */ (''),
/* organization */ (''),
/* preprocessor_version */ 'ST-DEVELOPER v20',
/* originating_system */ 'ONSHAPE BY PTC INC, 1.204',
/* authorisation */ '  ');

FILE_SCHEMA (('AP242_MANAGED_MODEL_BASED_3D_ENGINEERING_MIM_LF { 1 0 10303 442 1 1 4 }'));
ENDSEC;

DATA;
#10=SHAPE_REPRESENTATION_RELATIONSHIP('','',#1527,#11);
#11=ADVANCED_BREP_SHAPE_REPRESENTATION('',(#1525),#2665);
#12=B_SPLINE_CURVE_WITH_KNOTS('',3,(#2278,#2279,#2280,#2281),
 .UNSPECIFIED.,.F.,.F.,(4,4),(0.,1.),.UNSPECIFIED.);
#13=B_SPLINE_CURVE_WITH_KNOTS('',3,(#2286,#2287,#2288,#2289),
 .UNSPECIFIED.,.F.,.F.,(4,4),(0.,1.),.UNSPECIFIED.);
#14=B_SPLINE_CURVE_WITH_KNOTS('',3,(#2309,#2310,#2311,#2312),
 .UNSPECIFIED.,.F.,.F.,(4,4),(0.,1.),.UNSPECIFIED.);
#15=B_SPLINE_CURVE_WITH_KNOTS('',3,(#2316,#2317,#2318,#2319),
 .UNSPECIFIED.,.F.,.F.,(4,4),(0.,1.),.UNSPECIFIED.);
#16=B_SPLINE_CURVE_WITH_KNOTS('',3,(#2343,#2344,#2345,#2346,#2347,#2348,
#2349,#2350,#2351,#2352,#2353,#2354,#2355,#2356,#2357,#2358,#2359,#2360,
#2361,#2362,#2363,#2364,#2365,#2366,#2367,#2368,#2369,#2370,#2371,#2372,
#2373,#2374,#2375,#2376,#2377,#2378,#2379),.UNSPECIFIED.,.F.,.F.,(4,1,1,
1,1,1,1,1,1,1,1,1,1,1,1,1,1,1,1,1,1,1,1,1,1,1,1,1,1,1,1,1,1,1,4),(0.,0.125,
0.1875,0.25,0.3125,0.34375,0.375,0.40625,0.4375,0.46875,0.5,0.53125,0.5625,
0.59375,0.609375,0.625,0.640625,0.65625,0.6875,0.71875,0.734375,0.75,0.765625,
0.78125,0.8125,0.84375,0.859375,0.8671875,0.875,0.8828125,0.890625,0.90625,
0.9375,0.96875,1.),.UNSPECIFIED.);
#17=B_SPLINE_CURVE_WITH_KNOTS('',3,(#2386,#2387,#2388,#2389,#2390,#2391,
#2392,#2393,#2394,#2395,#2396,#2397,#2398,#2399,#2400,#2401,#2402,#2403,
#2404,#2405,#2406,#2407,#2408,#2409,#2410,#2411,#2412,#2413,#2414,#2415,
#2416,#2417,#2418,#2419,#2420,#2421,#2422),.UNSPECIFIED.,.F.,.F.,(4,1,1,
1,1,1,1,1,1,1,1,1,1,1,1,1,1,1,1,1,1,1,1,1,1,1,1,1,1,1,1,1,1,1,4),(0.,0.125,
0.1875,0.25,0.3125,0.34375,0.375,0.40625,0.4375,0.46875,0.5,0.53125,0.5625,
0.59375,0.609375,0.625,0.640625,0.65625,0.6875,0.71875,0.734375,0.75,0.765625,
0.78125,0.8125,0.84375,0.859375,0.8671875,0.875,0.8828125,0.890625,0.90625,
0.9375,0.96875,1.),.UNSPECIFIED.);
#18=B_SPLINE_CURVE_WITH_KNOTS('',3,(#2438,#2439,#2440,#2441,#2442,#2443,
#2444,#2445,#2446,#2447,#2448,#2449,#2450,#2451,#2452,#2453,#2454,#2455,
#2456,#2457,#2458,#2459,#2460,#2461,#2462,#2463,#2464,#2465,#2466,#2467,
#2468,#2469,#2470,#2471,#2472,#2473,#2474),.UNSPECIFIED.,.F.,.F.,(4,1,1,
1,1,1,1,1,1,1,1,1,1,1,1,1,1,1,1,1,1,1,1,1,1,1,1,1,1,1,1,1,1,1,4),(0.,0.03125,
0.0625,0.09375,0.109375,0.1171875,0.125,0.1328125,0.140625,0.15625,0.1875,
0.21875,0.234375,0.25,0.265625,0.28125,0.3125,0.34375,0.359375,0.375,0.390625,
0.40625,0.4375,0.46875,0.5,0.53125,0.5625,0.59375,0.625,0.65625,0.6875,
0.75,0.8125,0.875,1.),.UNSPECIFIED.);
#19=B_SPLINE_CURVE_WITH_KNOTS('',3,(#2480,#2481,#2482,#2483,#2484,#2485,
#2486,#2487,#2488,#2489,#2490,#2491,#2492,#2493,#2494,#2495,#2496,#2497,
#2498,#2499,#2500,#2501,#2502,#2503,#2504,#2505,#2506,#2507,#2508,#2509,
#2510,#2511,#2512,#2513,#2514,#2515,#2516),.UNSPECIFIED.,.F.,.F.,(4,1,1,
1,1,1,1,1,1,1,1,1,1,1,1,1,1,1,1,1,1,1,1,1,1,1,1,1,1,1,1,1,1,1,4),(0.,0.125,
0.1875,0.25,0.3125,0.34375,0.375,0.40625,0.4375,0.46875,0.5,0.53125,0.5625,
0.59375,0.609375,0.625,0.640625,0.65625,0.6875,0.71875,0.734375,0.75,0.765625,
0.78125,0.8125,0.84375,0.859375,0.8671875,0.875,0.8828125,0.890625,0.90625,
0.9375,0.96875,1.),.UNSPECIFIED.);
#20=B_SPLINE_SURFACE_WITH_KNOTS('',3,1,((#2270,#2271),(#2272,#2273),(#2274,
#2275),(#2276,#2277)),.SURF_OF_LINEAR_EXTRUSION.,.F.,.F.,.F.,(4,4),(2,2),
(0.104165369522084,0.887026534165178),(0.,1.),.PIECEWISE_BEZIER_KNOTS.);
#21=B_SPLINE_SURFACE_WITH_KNOTS('',3,1,((#2301,#2302),(#2303,#2304),(#2305,
#2306),(#2307,#2308)),.SURF_OF_LINEAR_EXTRUSION.,.F.,.F.,.F.,(4,4),(2,2),
(0.104165369522084,0.887026534165178),(0.,1.),.PIECEWISE_BEZIER_KNOTS.);
#22=B_SPLINE_SURFACE_WITH_KNOTS('',3,1,((#2520,#2521),(#2522,#2523),(#2524,
#2525),(#2526,#2527),(#2528,#2529),(#2530,#2531),(#2532,#2533),(#2534,#2535),
(#2536,#2537)),.SURF_OF_LINEAR_EXTRUSION.,.F.,.F.,.F.,(4,1,1,1,1,1,4),(2,
2),(0.,0.25,0.5,0.625,0.75,0.875,1.),(0.,1.),.UNSPECIFIED.);
#23=B_SPLINE_SURFACE_WITH_KNOTS('',3,1,((#2540,#2541),(#2542,#2543),(#2544,
#2545),(#2546,#2547),(#2548,#2549),(#2550,#2551),(#2552,#2553),(#2554,#2555),
(#2556,#2557)),.SURF_OF_LINEAR_EXTRUSION.,.F.,.F.,.F.,(4,1,1,1,1,1,4),(2,
2),(0.,0.25,0.5,0.625,0.75,0.875,1.),(0.,1.),.UNSPECIFIED.);
#24=CYLINDRICAL_SURFACE('',#1551,0.0017);
#25=CYLINDRICAL_SURFACE('',#1553,0.0017);
#26=CYLINDRICAL_SURFACE('',#1555,0.0017);
#27=CYLINDRICAL_SURFACE('',#1557,0.0017);
#28=CYLINDRICAL_SURFACE('',#1565,0.01);
#29=CYLINDRICAL_SURFACE('',#1568,0.01);
#30=CYLINDRICAL_SURFACE('',#1573,0.0099);
#31=CYLINDRICAL_SURFACE('',#1576,0.0099);
#32=CYLINDRICAL_SURFACE('',#1581,0.0099);
#33=CYLINDRICAL_SURFACE('',#1584,0.0099);
#34=CYLINDRICAL_SURFACE('',#1590,0.00746);
#35=CYLINDRICAL_SURFACE('',#1591,0.00746);
#36=CYLINDRICAL_SURFACE('',#1593,0.00275);
#37=CYLINDRICAL_SURFACE('',#1596,0.00275);
#38=CYLINDRICAL_SURFACE('',#1599,0.00275);
#39=CYLINDRICAL_SURFACE('',#1602,0.00275);
#40=CYLINDRICAL_SURFACE('',#1605,0.003224);
#41=CYLINDRICAL_SURFACE('',#1610,0.003224);
#42=CYLINDRICAL_SURFACE('',#1612,0.003224);
#43=CYLINDRICAL_SURFACE('',#1615,0.003224);
#44=CYLINDRICAL_SURFACE('',#1627,0.003224);
#45=CYLINDRICAL_SURFACE('',#1638,0.003224);
#46=CIRCLE('',#1530,0.003224);
#47=CIRCLE('',#1531,0.003224);
#48=CIRCLE('',#1532,0.003224);
#49=CIRCLE('',#1533,0.003224);
#50=CIRCLE('',#1534,0.00275);
#51=CIRCLE('',#1535,0.00275);
#52=CIRCLE('',#1536,0.00275);
#53=CIRCLE('',#1537,0.00275);
#54=CIRCLE('',#1538,0.003224);
#55=CIRCLE('',#1539,0.003224);
#56=CIRCLE('',#1541,0.003224);
#57=CIRCLE('',#1542,0.0017);
#58=CIRCLE('',#1543,0.0017);
#59=CIRCLE('',#1544,0.0017);
#60=CIRCLE('',#1545,0.0017);
#61=CIRCLE('',#1546,0.003224);
#62=CIRCLE('',#1547,0.003224);
#63=CIRCLE('',#1548,0.003224);
#64=CIRCLE('',#1549,0.003224);
#65=CIRCLE('',#1550,0.003224);
#66=CIRCLE('',#1552,0.0017);
#67=CIRCLE('',#1554,0.0017);
#68=CIRCLE('',#1556,0.0017);
#69=CIRCLE('',#1558,0.0017);
#70=CIRCLE('',#1560,0.0099);
#71=CIRCLE('',#1561,0.0099);
#72=CIRCLE('',#1563,0.0099);
#73=CIRCLE('',#1564,0.0099);
#74=CIRCLE('',#1566,0.01);
#75=CIRCLE('',#1567,0.01);
#76=CIRCLE('',#1569,0.01);
#77=CIRCLE('',#1570,0.01);
#78=CIRCLE('',#1574,0.0099);
#79=CIRCLE('',#1577,0.0099);
#80=CIRCLE('',#1579,0.00746);
#81=CIRCLE('',#1580,0.00746);
#82=CIRCLE('',#1582,0.0099);
#83=CIRCLE('',#1585,0.0099);
#84=CIRCLE('',#1587,0.00746);
#85=CIRCLE('',#1588,0.00746);
#86=CIRCLE('',#1594,0.00275);
#87=CIRCLE('',#1597,0.00275);
#88=CIRCLE('',#1600,0.00275);
#89=CIRCLE('',#1603,0.00275);
#90=ORIENTED_EDGE('',*,*,#498,.F.);
#91=ORIENTED_EDGE('',*,*,#499,.F.);
#92=ORIENTED_EDGE('',*,*,#500,.T.);
#93=ORIENTED_EDGE('',*,*,#501,.T.);
#94=ORIENTED_EDGE('',*,*,#502,.F.);
#95=ORIENTED_EDGE('',*,*,#503,.F.);
#96=ORIENTED_EDGE('',*,*,#504,.T.);
#97=ORIENTED_EDGE('',*,*,#505,.T.);
#98=ORIENTED_EDGE('',*,*,#506,.F.);
#99=ORIENTED_EDGE('',*,*,#507,.F.);
#100=ORIENTED_EDGE('',*,*,#508,.T.);
#101=ORIENTED_EDGE('',*,*,#509,.F.);
#102=ORIENTED_EDGE('',*,*,#510,.F.);
#103=ORIENTED_EDGE('',*,*,#511,.T.);
#104=ORIENTED_EDGE('',*,*,#512,.F.);
#105=ORIENTED_EDGE('',*,*,#513,.T.);
#106=ORIENTED_EDGE('',*,*,#514,.T.);
#107=ORIENTED_EDGE('',*,*,#515,.F.);
#108=ORIENTED_EDGE('',*,*,#516,.F.);
#109=ORIENTED_EDGE('',*,*,#517,.F.);
#110=ORIENTED_EDGE('',*,*,#518,.F.);
#111=ORIENTED_EDGE('',*,*,#519,.T.);
#112=ORIENTED_EDGE('',*,*,#520,.F.);
#113=ORIENTED_EDGE('',*,*,#521,.F.);
#114=ORIENTED_EDGE('',*,*,#522,.F.);
#115=ORIENTED_EDGE('',*,*,#523,.T.);
#116=ORIENTED_EDGE('',*,*,#524,.F.);
#117=ORIENTED_EDGE('',*,*,#525,.T.);
#118=ORIENTED_EDGE('',*,*,#526,.F.);
#119=ORIENTED_EDGE('',*,*,#527,.F.);
#120=ORIENTED_EDGE('',*,*,#528,.F.);
#121=ORIENTED_EDGE('',*,*,#529,.T.);
#122=ORIENTED_EDGE('',*,*,#530,.F.);
#123=ORIENTED_EDGE('',*,*,#531,.T.);
#124=ORIENTED_EDGE('',*,*,#532,.T.);
#125=ORIENTED_EDGE('',*,*,#533,.F.);
#126=ORIENTED_EDGE('',*,*,#534,.F.);
#127=ORIENTED_EDGE('',*,*,#535,.F.);
#128=ORIENTED_EDGE('',*,*,#536,.T.);
#129=ORIENTED_EDGE('',*,*,#537,.T.);
#130=ORIENTED_EDGE('',*,*,#538,.T.);
#131=ORIENTED_EDGE('',*,*,#539,.T.);
#132=ORIENTED_EDGE('',*,*,#540,.F.);
#133=ORIENTED_EDGE('',*,*,#541,.T.);
#134=ORIENTED_EDGE('',*,*,#542,.T.);
#135=ORIENTED_EDGE('',*,*,#543,.F.);
#136=ORIENTED_EDGE('',*,*,#544,.T.);
#137=ORIENTED_EDGE('',*,*,#545,.T.);
#138=ORIENTED_EDGE('',*,*,#546,.T.);
#139=ORIENTED_EDGE('',*,*,#547,.F.);
#140=ORIENTED_EDGE('',*,*,#548,.T.);
#141=ORIENTED_EDGE('',*,*,#549,.T.);
#142=ORIENTED_EDGE('',*,*,#550,.F.);
#143=ORIENTED_EDGE('',*,*,#551,.F.);
#144=ORIENTED_EDGE('',*,*,#552,.T.);
#145=ORIENTED_EDGE('',*,*,#553,.T.);
#146=ORIENTED_EDGE('',*,*,#554,.F.);
#147=ORIENTED_EDGE('',*,*,#555,.F.);
#148=ORIENTED_EDGE('',*,*,#556,.T.);
#149=ORIENTED_EDGE('',*,*,#557,.T.);
#150=ORIENTED_EDGE('',*,*,#558,.F.);
#151=ORIENTED_EDGE('',*,*,#559,.T.);
#152=ORIENTED_EDGE('',*,*,#560,.T.);
#153=ORIENTED_EDGE('',*,*,#561,.T.);
#154=ORIENTED_EDGE('',*,*,#562,.F.);
#155=ORIENTED_EDGE('',*,*,#563,.T.);
#156=ORIENTED_EDGE('',*,*,#564,.T.);
#157=ORIENTED_EDGE('',*,*,#565,.T.);
#158=ORIENTED_EDGE('',*,*,#566,.F.);
#159=ORIENTED_EDGE('',*,*,#567,.T.);
#160=ORIENTED_EDGE('',*,*,#568,.T.);
#161=ORIENTED_EDGE('',*,*,#569,.T.);
#162=ORIENTED_EDGE('',*,*,#570,.F.);
#163=ORIENTED_EDGE('',*,*,#571,.F.);
#164=ORIENTED_EDGE('',*,*,#572,.T.);
#165=ORIENTED_EDGE('',*,*,#573,.F.);
#166=ORIENTED_EDGE('',*,*,#574,.T.);
#167=ORIENTED_EDGE('',*,*,#575,.T.);
#168=ORIENTED_EDGE('',*,*,#576,.F.);
#169=ORIENTED_EDGE('',*,*,#577,.T.);
#170=ORIENTED_EDGE('',*,*,#578,.F.);
#171=ORIENTED_EDGE('',*,*,#579,.F.);
#172=ORIENTED_EDGE('',*,*,#580,.F.);
#173=ORIENTED_EDGE('',*,*,#581,.T.);
#174=ORIENTED_EDGE('',*,*,#582,.F.);
#175=ORIENTED_EDGE('',*,*,#583,.T.);
#176=ORIENTED_EDGE('',*,*,#584,.F.);
#177=ORIENTED_EDGE('',*,*,#585,.T.);
#178=ORIENTED_EDGE('',*,*,#586,.T.);
#179=ORIENTED_EDGE('',*,*,#587,.F.);
#180=ORIENTED_EDGE('',*,*,#588,.F.);
#181=ORIENTED_EDGE('',*,*,#589,.T.);
#182=ORIENTED_EDGE('',*,*,#590,.F.);
#183=ORIENTED_EDGE('',*,*,#591,.F.);
#184=ORIENTED_EDGE('',*,*,#592,.T.);
#185=ORIENTED_EDGE('',*,*,#593,.T.);
#186=ORIENTED_EDGE('',*,*,#594,.F.);
#187=ORIENTED_EDGE('',*,*,#595,.F.);
#188=ORIENTED_EDGE('',*,*,#596,.T.);
#189=ORIENTED_EDGE('',*,*,#597,.F.);
#190=ORIENTED_EDGE('',*,*,#572,.F.);
#191=ORIENTED_EDGE('',*,*,#598,.T.);
#192=ORIENTED_EDGE('',*,*,#571,.T.);
#193=ORIENTED_EDGE('',*,*,#599,.F.);
#194=ORIENTED_EDGE('',*,*,#577,.F.);
#195=ORIENTED_EDGE('',*,*,#600,.T.);
#196=ORIENTED_EDGE('',*,*,#578,.T.);
#197=ORIENTED_EDGE('',*,*,#601,.F.);
#198=ORIENTED_EDGE('',*,*,#602,.F.);
#199=ORIENTED_EDGE('',*,*,#603,.T.);
#200=ORIENTED_EDGE('',*,*,#604,.T.);
#201=ORIENTED_EDGE('',*,*,#605,.F.);
#202=ORIENTED_EDGE('',*,*,#606,.T.);
#203=ORIENTED_EDGE('',*,*,#607,.T.);
#204=ORIENTED_EDGE('',*,*,#608,.F.);
#205=ORIENTED_EDGE('',*,*,#609,.F.);
#206=ORIENTED_EDGE('',*,*,#610,.F.);
#207=ORIENTED_EDGE('',*,*,#611,.T.);
#208=ORIENTED_EDGE('',*,*,#612,.T.);
#209=ORIENTED_EDGE('',*,*,#613,.F.);
#210=ORIENTED_EDGE('',*,*,#614,.F.);
#211=ORIENTED_EDGE('',*,*,#533,.T.);
#212=ORIENTED_EDGE('',*,*,#615,.T.);
#213=ORIENTED_EDGE('',*,*,#611,.F.);
#214=ORIENTED_EDGE('',*,*,#616,.F.);
#215=ORIENTED_EDGE('',*,*,#617,.T.);
#216=ORIENTED_EDGE('',*,*,#618,.T.);
#217=ORIENTED_EDGE('',*,*,#531,.F.);
#218=ORIENTED_EDGE('',*,*,#617,.F.);
#219=ORIENTED_EDGE('',*,*,#619,.T.);
#220=ORIENTED_EDGE('',*,*,#620,.T.);
#221=ORIENTED_EDGE('',*,*,#621,.F.);
#222=ORIENTED_EDGE('',*,*,#622,.F.);
#223=ORIENTED_EDGE('',*,*,#620,.F.);
#224=ORIENTED_EDGE('',*,*,#623,.T.);
#225=ORIENTED_EDGE('',*,*,#608,.T.);
#226=ORIENTED_EDGE('',*,*,#624,.F.);
#227=ORIENTED_EDGE('',*,*,#613,.T.);
#228=ORIENTED_EDGE('',*,*,#625,.T.);
#229=ORIENTED_EDGE('',*,*,#604,.F.);
#230=ORIENTED_EDGE('',*,*,#626,.T.);
#231=ORIENTED_EDGE('',*,*,#627,.F.);
#232=ORIENTED_EDGE('',*,*,#605,.T.);
#233=ORIENTED_EDGE('',*,*,#628,.F.);
#234=ORIENTED_EDGE('',*,*,#629,.F.);
#235=ORIENTED_EDGE('',*,*,#630,.F.);
#236=ORIENTED_EDGE('',*,*,#602,.T.);
#237=ORIENTED_EDGE('',*,*,#627,.T.);
#238=ORIENTED_EDGE('',*,*,#631,.F.);
#239=ORIENTED_EDGE('',*,*,#632,.T.);
#240=ORIENTED_EDGE('',*,*,#603,.F.);
#241=ORIENTED_EDGE('',*,*,#630,.T.);
#242=ORIENTED_EDGE('',*,*,#633,.F.);
#243=ORIENTED_EDGE('',*,*,#634,.T.);
#244=ORIENTED_EDGE('',*,*,#635,.T.);
#245=ORIENTED_EDGE('',*,*,#636,.T.);
#246=ORIENTED_EDGE('',*,*,#623,.F.);
#247=ORIENTED_EDGE('',*,*,#619,.F.);
#248=ORIENTED_EDGE('',*,*,#616,.T.);
#249=ORIENTED_EDGE('',*,*,#534,.T.);
#250=ORIENTED_EDGE('',*,*,#614,.T.);
#251=ORIENTED_EDGE('',*,*,#610,.T.);
#252=ORIENTED_EDGE('',*,*,#624,.T.);
#253=ORIENTED_EDGE('',*,*,#632,.F.);
#254=ORIENTED_EDGE('',*,*,#637,.F.);
#255=ORIENTED_EDGE('',*,*,#638,.F.);
#256=ORIENTED_EDGE('',*,*,#639,.F.);
#257=ORIENTED_EDGE('',*,*,#574,.F.);
#258=ORIENTED_EDGE('',*,*,#640,.T.);
#259=ORIENTED_EDGE('',*,*,#641,.F.);
#260=ORIENTED_EDGE('',*,*,#609,.T.);
#261=ORIENTED_EDGE('',*,*,#636,.F.);
#262=ORIENTED_EDGE('',*,*,#641,.T.);
#263=ORIENTED_EDGE('',*,*,#642,.T.);
#264=ORIENTED_EDGE('',*,*,#643,.F.);
#265=ORIENTED_EDGE('',*,*,#606,.F.);
#266=ORIENTED_EDGE('',*,*,#644,.F.);
#267=ORIENTED_EDGE('',*,*,#645,.T.);
#268=ORIENTED_EDGE('',*,*,#607,.F.);
#269=ORIENTED_EDGE('',*,*,#643,.T.);
#270=ORIENTED_EDGE('',*,*,#646,.F.);
#271=ORIENTED_EDGE('',*,*,#647,.T.);
#272=ORIENTED_EDGE('',*,*,#576,.T.);
#273=ORIENTED_EDGE('',*,*,#648,.T.);
#274=ORIENTED_EDGE('',*,*,#649,.T.);
#275=ORIENTED_EDGE('',*,*,#650,.T.);
#276=ORIENTED_EDGE('',*,*,#628,.T.);
#277=ORIENTED_EDGE('',*,*,#625,.F.);
#278=ORIENTED_EDGE('',*,*,#612,.F.);
#279=ORIENTED_EDGE('',*,*,#615,.F.);
#280=ORIENTED_EDGE('',*,*,#532,.F.);
#281=ORIENTED_EDGE('',*,*,#618,.F.);
#282=ORIENTED_EDGE('',*,*,#621,.T.);
#283=ORIENTED_EDGE('',*,*,#622,.T.);
#284=ORIENTED_EDGE('',*,*,#645,.F.);
#285=ORIENTED_EDGE('',*,*,#651,.F.);
#286=ORIENTED_EDGE('',*,*,#652,.F.);
#287=ORIENTED_EDGE('',*,*,#638,.T.);
#288=ORIENTED_EDGE('',*,*,#653,.T.);
#289=ORIENTED_EDGE('',*,*,#649,.F.);
#290=ORIENTED_EDGE('',*,*,#634,.F.);
#291=ORIENTED_EDGE('',*,*,#654,.T.);
#292=ORIENTED_EDGE('',*,*,#646,.T.);
#293=ORIENTED_EDGE('',*,*,#655,.F.);
#294=ORIENTED_EDGE('',*,*,#635,.F.);
#295=ORIENTED_EDGE('',*,*,#655,.T.);
#296=ORIENTED_EDGE('',*,*,#651,.T.);
#297=ORIENTED_EDGE('',*,*,#644,.T.);
#298=ORIENTED_EDGE('',*,*,#642,.F.);
#299=ORIENTED_EDGE('',*,*,#640,.F.);
#300=ORIENTED_EDGE('',*,*,#575,.F.);
#301=ORIENTED_EDGE('',*,*,#639,.T.);
#302=ORIENTED_EDGE('',*,*,#652,.T.);
#303=ORIENTED_EDGE('',*,*,#648,.F.);
#304=ORIENTED_EDGE('',*,*,#654,.F.);
#305=ORIENTED_EDGE('',*,*,#633,.T.);
#306=ORIENTED_EDGE('',*,*,#573,.T.);
#307=ORIENTED_EDGE('',*,*,#647,.F.);
#308=ORIENTED_EDGE('',*,*,#650,.F.);
#309=ORIENTED_EDGE('',*,*,#653,.F.);
#310=ORIENTED_EDGE('',*,*,#637,.T.);
#311=ORIENTED_EDGE('',*,*,#631,.T.);
#312=ORIENTED_EDGE('',*,*,#629,.T.);
#313=ORIENTED_EDGE('',*,*,#626,.F.);
#314=ORIENTED_EDGE('',*,*,#656,.T.);
#315=ORIENTED_EDGE('',*,*,#529,.F.);
#316=ORIENTED_EDGE('',*,*,#656,.F.);
#317=ORIENTED_EDGE('',*,*,#601,.T.);
#318=ORIENTED_EDGE('',*,*,#657,.F.);
#319=ORIENTED_EDGE('',*,*,#530,.T.);
#320=ORIENTED_EDGE('',*,*,#600,.F.);
#321=ORIENTED_EDGE('',*,*,#657,.T.);
#322=ORIENTED_EDGE('',*,*,#658,.T.);
#323=ORIENTED_EDGE('',*,*,#536,.F.);
#324=ORIENTED_EDGE('',*,*,#599,.T.);
#325=ORIENTED_EDGE('',*,*,#658,.F.);
#326=ORIENTED_EDGE('',*,*,#659,.F.);
#327=ORIENTED_EDGE('',*,*,#535,.T.);
#328=ORIENTED_EDGE('',*,*,#659,.T.);
#329=ORIENTED_EDGE('',*,*,#598,.F.);
#330=ORIENTED_EDGE('',*,*,#537,.F.);
#331=ORIENTED_EDGE('',*,*,#660,.F.);
#332=ORIENTED_EDGE('',*,*,#580,.T.);
#333=ORIENTED_EDGE('',*,*,#661,.T.);
#334=ORIENTED_EDGE('',*,*,#540,.T.);
#335=ORIENTED_EDGE('',*,*,#662,.F.);
#336=ORIENTED_EDGE('',*,*,#581,.F.);
#337=ORIENTED_EDGE('',*,*,#660,.T.);
#338=ORIENTED_EDGE('',*,*,#539,.F.);
#339=ORIENTED_EDGE('',*,*,#663,.F.);
#340=ORIENTED_EDGE('',*,*,#582,.T.);
#341=ORIENTED_EDGE('',*,*,#662,.T.);
#342=ORIENTED_EDGE('',*,*,#538,.F.);
#343=ORIENTED_EDGE('',*,*,#661,.F.);
#344=ORIENTED_EDGE('',*,*,#579,.T.);
#345=ORIENTED_EDGE('',*,*,#663,.T.);
#346=ORIENTED_EDGE('',*,*,#525,.F.);
#347=ORIENTED_EDGE('',*,*,#664,.F.);
#348=ORIENTED_EDGE('',*,*,#584,.T.);
#349=ORIENTED_EDGE('',*,*,#665,.T.);
#350=ORIENTED_EDGE('',*,*,#528,.T.);
#351=ORIENTED_EDGE('',*,*,#666,.F.);
#352=ORIENTED_EDGE('',*,*,#585,.F.);
#353=ORIENTED_EDGE('',*,*,#664,.T.);
#354=ORIENTED_EDGE('',*,*,#527,.T.);
#355=ORIENTED_EDGE('',*,*,#667,.F.);
#356=ORIENTED_EDGE('',*,*,#586,.F.);
#357=ORIENTED_EDGE('',*,*,#666,.T.);
#358=ORIENTED_EDGE('',*,*,#526,.T.);
#359=ORIENTED_EDGE('',*,*,#665,.F.);
#360=ORIENTED_EDGE('',*,*,#583,.F.);
#361=ORIENTED_EDGE('',*,*,#667,.T.);
#362=ORIENTED_EDGE('',*,*,#541,.F.);
#363=ORIENTED_EDGE('',*,*,#668,.F.);
#364=ORIENTED_EDGE('',*,*,#588,.T.);
#365=ORIENTED_EDGE('',*,*,#669,.T.);
#366=ORIENTED_EDGE('',*,*,#543,.T.);
#367=ORIENTED_EDGE('',*,*,#670,.F.);
#368=ORIENTED_EDGE('',*,*,#589,.F.);
#369=ORIENTED_EDGE('',*,*,#668,.T.);
#370=ORIENTED_EDGE('',*,*,#542,.F.);
#371=ORIENTED_EDGE('',*,*,#669,.F.);
#372=ORIENTED_EDGE('',*,*,#587,.T.);
#373=ORIENTED_EDGE('',*,*,#670,.T.);
#374=ORIENTED_EDGE('',*,*,#522,.T.);
#375=ORIENTED_EDGE('',*,*,#671,.F.);
#376=ORIENTED_EDGE('',*,*,#567,.F.);
#377=ORIENTED_EDGE('',*,*,#672,.T.);
#378=ORIENTED_EDGE('',*,*,#521,.T.);
#379=ORIENTED_EDGE('',*,*,#673,.F.);
#380=ORIENTED_EDGE('',*,*,#568,.F.);
#381=ORIENTED_EDGE('',*,*,#671,.T.);
#382=ORIENTED_EDGE('',*,*,#524,.T.);
#383=ORIENTED_EDGE('',*,*,#674,.F.);
#384=ORIENTED_EDGE('',*,*,#569,.F.);
#385=ORIENTED_EDGE('',*,*,#673,.T.);
#386=ORIENTED_EDGE('',*,*,#523,.F.);
#387=ORIENTED_EDGE('',*,*,#672,.F.);
#388=ORIENTED_EDGE('',*,*,#570,.T.);
#389=ORIENTED_EDGE('',*,*,#674,.T.);
#390=ORIENTED_EDGE('',*,*,#518,.T.);
#391=ORIENTED_EDGE('',*,*,#675,.F.);
#392=ORIENTED_EDGE('',*,*,#563,.F.);
#393=ORIENTED_EDGE('',*,*,#676,.T.);
#394=ORIENTED_EDGE('',*,*,#517,.T.);
#395=ORIENTED_EDGE('',*,*,#677,.F.);
#396=ORIENTED_EDGE('',*,*,#564,.F.);
#397=ORIENTED_EDGE('',*,*,#675,.T.);
#398=ORIENTED_EDGE('',*,*,#520,.T.);
#399=ORIENTED_EDGE('',*,*,#678,.F.);
#400=ORIENTED_EDGE('',*,*,#565,.F.);
#401=ORIENTED_EDGE('',*,*,#677,.T.);
#402=ORIENTED_EDGE('',*,*,#519,.F.);
#403=ORIENTED_EDGE('',*,*,#676,.F.);
#404=ORIENTED_EDGE('',*,*,#566,.T.);
#405=ORIENTED_EDGE('',*,*,#678,.T.);
#406=ORIENTED_EDGE('',*,*,#513,.F.);
#407=ORIENTED_EDGE('',*,*,#679,.F.);
#408=ORIENTED_EDGE('',*,*,#591,.T.);
#409=ORIENTED_EDGE('',*,*,#680,.T.);
#410=ORIENTED_EDGE('',*,*,#516,.T.);
#411=ORIENTED_EDGE('',*,*,#681,.F.);
#412=ORIENTED_EDGE('',*,*,#592,.F.);
#413=ORIENTED_EDGE('',*,*,#679,.T.);
#414=ORIENTED_EDGE('',*,*,#515,.T.);
#415=ORIENTED_EDGE('',*,*,#682,.F.);
#416=ORIENTED_EDGE('',*,*,#593,.F.);
#417=ORIENTED_EDGE('',*,*,#681,.T.);
#418=ORIENTED_EDGE('',*,*,#514,.F.);
#419=ORIENTED_EDGE('',*,*,#680,.F.);
#420=ORIENTED_EDGE('',*,*,#590,.T.);
#421=ORIENTED_EDGE('',*,*,#682,.T.);
#422=ORIENTED_EDGE('',*,*,#544,.F.);
#423=ORIENTED_EDGE('',*,*,#683,.F.);
#424=ORIENTED_EDGE('',*,*,#595,.T.);
#425=ORIENTED_EDGE('',*,*,#684,.T.);
#426=ORIENTED_EDGE('',*,*,#547,.T.);
#427=ORIENTED_EDGE('',*,*,#685,.F.);
#428=ORIENTED_EDGE('',*,*,#596,.F.);
#429=ORIENTED_EDGE('',*,*,#683,.T.);
#430=ORIENTED_EDGE('',*,*,#546,.F.);
#431=ORIENTED_EDGE('',*,*,#686,.F.);
#432=ORIENTED_EDGE('',*,*,#597,.T.);
#433=ORIENTED_EDGE('',*,*,#685,.T.);
#434=ORIENTED_EDGE('',*,*,#545,.F.);
#435=ORIENTED_EDGE('',*,*,#684,.F.);
#436=ORIENTED_EDGE('',*,*,#594,.T.);
#437=ORIENTED_EDGE('',*,*,#686,.T.);
#438=ORIENTED_EDGE('',*,*,#510,.T.);
#439=ORIENTED_EDGE('',*,*,#687,.F.);
#440=ORIENTED_EDGE('',*,*,#559,.F.);
#441=ORIENTED_EDGE('',*,*,#688,.T.);
#442=ORIENTED_EDGE('',*,*,#509,.T.);
#443=ORIENTED_EDGE('',*,*,#689,.F.);
#444=ORIENTED_EDGE('',*,*,#560,.F.);
#445=ORIENTED_EDGE('',*,*,#687,.T.);
#446=ORIENTED_EDGE('',*,*,#512,.T.);
#447=ORIENTED_EDGE('',*,*,#690,.F.);
#448=ORIENTED_EDGE('',*,*,#561,.F.);
#449=ORIENTED_EDGE('',*,*,#689,.T.);
#450=ORIENTED_EDGE('',*,*,#511,.F.);
#451=ORIENTED_EDGE('',*,*,#688,.F.);
#452=ORIENTED_EDGE('',*,*,#562,.T.);
#453=ORIENTED_EDGE('',*,*,#690,.T.);
#454=ORIENTED_EDGE('',*,*,#507,.T.);
#455=ORIENTED_EDGE('',*,*,#691,.F.);
#456=ORIENTED_EDGE('',*,*,#556,.F.);
#457=ORIENTED_EDGE('',*,*,#692,.T.);
#458=ORIENTED_EDGE('',*,*,#506,.T.);
#459=ORIENTED_EDGE('',*,*,#693,.F.);
#460=ORIENTED_EDGE('',*,*,#557,.F.);
#461=ORIENTED_EDGE('',*,*,#691,.T.);
#462=ORIENTED_EDGE('',*,*,#508,.F.);
#463=ORIENTED_EDGE('',*,*,#692,.F.);
#464=ORIENTED_EDGE('',*,*,#558,.T.);
#465=ORIENTED_EDGE('',*,*,#693,.T.);
#466=ORIENTED_EDGE('',*,*,#503,.T.);
#467=ORIENTED_EDGE('',*,*,#694,.F.);
#468=ORIENTED_EDGE('',*,*,#552,.F.);
#469=ORIENTED_EDGE('',*,*,#695,.T.);
#470=ORIENTED_EDGE('',*,*,#502,.T.);
#471=ORIENTED_EDGE('',*,*,#696,.F.);
#472=ORIENTED_EDGE('',*,*,#553,.F.);
#473=ORIENTED_EDGE('',*,*,#694,.T.);
#474=ORIENTED_EDGE('',*,*,#505,.F.);
#475=ORIENTED_EDGE('',*,*,#697,.F.);
#476=ORIENTED_EDGE('',*,*,#554,.T.);
#477=ORIENTED_EDGE('',*,*,#696,.T.);
#478=ORIENTED_EDGE('',*,*,#504,.F.);
#479=ORIENTED_EDGE('',*,*,#695,.F.);
#480=ORIENTED_EDGE('',*,*,#555,.T.);
#481=ORIENTED_EDGE('',*,*,#697,.T.);
#482=ORIENTED_EDGE('',*,*,#499,.T.);
#483=ORIENTED_EDGE('',*,*,#698,.F.);
#484=ORIENTED_EDGE('',*,*,#548,.F.);
#485=ORIENTED_EDGE('',*,*,#699,.T.);
#486=ORIENTED_EDGE('',*,*,#498,.T.);
#487=ORIENTED_EDGE('',*,*,#700,.F.);
#488=ORIENTED_EDGE('',*,*,#549,.F.);
#489=ORIENTED_EDGE('',*,*,#698,.T.);
#490=ORIENTED_EDGE('',*,*,#501,.F.);
#491=ORIENTED_EDGE('',*,*,#701,.F.);
#492=ORIENTED_EDGE('',*,*,#550,.T.);
#493=ORIENTED_EDGE('',*,*,#700,.T.);
#494=ORIENTED_EDGE('',*,*,#500,.F.);
#495=ORIENTED_EDGE('',*,*,#699,.F.);
#496=ORIENTED_EDGE('',*,*,#551,.T.);
#497=ORIENTED_EDGE('',*,*,#701,.T.);
#498=EDGE_CURVE('',#702,#703,#842,.T.);
#499=EDGE_CURVE('',#704,#702,#843,.T.);
#500=EDGE_CURVE('',#704,#705,#844,.T.);
#501=EDGE_CURVE('',#705,#703,#845,.T.);
#502=EDGE_CURVE('',#706,#707,#846,.T.);
#503=EDGE_CURVE('',#708,#706,#847,.T.);
#504=EDGE_CURVE('',#708,#709,#848,.T.);
#505=EDGE_CURVE('',#709,#707,#849,.T.);
#506=EDGE_CURVE('',#710,#711,#850,.T.);
#507=EDGE_CURVE('',#712,#710,#851,.T.);
#508=EDGE_CURVE('',#712,#711,#46,.T.);
#509=EDGE_CURVE('',#713,#714,#852,.T.);
#510=EDGE_CURVE('',#715,#713,#853,.T.);
#511=EDGE_CURVE('',#715,#716,#854,.T.);
#512=EDGE_CURVE('',#714,#716,#855,.T.);
#513=EDGE_CURVE('',#717,#718,#856,.T.);
#514=EDGE_CURVE('',#718,#719,#47,.T.);
#515=EDGE_CURVE('',#720,#719,#857,.T.);
#516=EDGE_CURVE('',#717,#720,#858,.T.);
#517=EDGE_CURVE('',#721,#722,#859,.T.);
#518=EDGE_CURVE('',#723,#721,#860,.T.);
#519=EDGE_CURVE('',#723,#724,#861,.T.);
#520=EDGE_CURVE('',#722,#724,#862,.T.);
#521=EDGE_CURVE('',#725,#726,#863,.T.);
#522=EDGE_CURVE('',#727,#725,#864,.T.);
#523=EDGE_CURVE('',#727,#728,#865,.T.);
#524=EDGE_CURVE('',#726,#728,#866,.T.);
#525=EDGE_CURVE('',#729,#730,#867,.T.);
#526=EDGE_CURVE('',#731,#730,#48,.T.);
#527=EDGE_CURVE('',#732,#731,#868,.T.);
#528=EDGE_CURVE('',#729,#732,#49,.T.);
#529=EDGE_CURVE('',#733,#733,#50,.T.);
#530=EDGE_CURVE('',#734,#734,#51,.T.);
#531=EDGE_CURVE('',#735,#736,#869,.T.);
#532=EDGE_CURVE('',#736,#737,#870,.T.);
#533=EDGE_CURVE('',#738,#737,#871,.T.);
#534=EDGE_CURVE('',#735,#738,#872,.T.);
#535=EDGE_CURVE('',#739,#739,#52,.T.);
#536=EDGE_CURVE('',#740,#740,#53,.T.);
#537=EDGE_CURVE('',#741,#742,#54,.T.);
#538=EDGE_CURVE('',#742,#743,#873,.T.);
#539=EDGE_CURVE('',#743,#744,#874,.T.);
#540=EDGE_CURVE('',#741,#744,#875,.T.);
#541=EDGE_CURVE('',#745,#746,#876,.T.);
#542=EDGE_CURVE('',#746,#747,#55,.T.);
#543=EDGE_CURVE('',#745,#747,#877,.T.);
#544=EDGE_CURVE('',#748,#749,#878,.T.);
#545=EDGE_CURVE('',#749,#750,#879,.T.);
#546=EDGE_CURVE('',#750,#751,#880,.T.);
#547=EDGE_CURVE('',#748,#751,#881,.T.);
#548=EDGE_CURVE('',#752,#753,#882,.T.);
#549=EDGE_CURVE('',#753,#754,#883,.T.);
#550=EDGE_CURVE('',#755,#754,#884,.T.);
#551=EDGE_CURVE('',#752,#755,#885,.T.);
#552=EDGE_CURVE('',#756,#757,#886,.T.);
#553=EDGE_CURVE('',#757,#758,#887,.T.);
#554=EDGE_CURVE('',#759,#758,#888,.T.);
#555=EDGE_CURVE('',#756,#759,#889,.T.);
#556=EDGE_CURVE('',#760,#761,#890,.T.);
#557=EDGE_CURVE('',#761,#762,#891,.T.);
#558=EDGE_CURVE('',#760,#762,#56,.T.);
#559=EDGE_CURVE('',#763,#764,#892,.T.);
#560=EDGE_CURVE('',#764,#765,#893,.T.);
#561=EDGE_CURVE('',#765,#766,#894,.T.);
#562=EDGE_CURVE('',#763,#766,#895,.T.);
#563=EDGE_CURVE('',#767,#768,#896,.T.);
#564=EDGE_CURVE('',#768,#769,#897,.T.);
#565=EDGE_CURVE('',#769,#770,#898,.T.);
#566=EDGE_CURVE('',#767,#770,#899,.T.);
#567=EDGE_CURVE('',#771,#772,#900,.T.);
#568=EDGE_CURVE('',#772,#773,#901,.T.);
#569=EDGE_CURVE('',#773,#774,#902,.T.);
#570=EDGE_CURVE('',#771,#774,#903,.T.);
#571=EDGE_CURVE('',#775,#775,#57,.T.);
#572=EDGE_CURVE('',#776,#776,#58,.T.);
#573=EDGE_CURVE('',#777,#778,#904,.T.);
#574=EDGE_CURVE('',#777,#779,#905,.T.);
#575=EDGE_CURVE('',#779,#780,#906,.T.);
#576=EDGE_CURVE('',#778,#780,#907,.T.);
#577=EDGE_CURVE('',#781,#781,#59,.T.);
#578=EDGE_CURVE('',#782,#782,#60,.T.);
#579=EDGE_CURVE('',#783,#784,#908,.T.);
#580=EDGE_CURVE('',#785,#783,#61,.T.);
#581=EDGE_CURVE('',#785,#786,#909,.T.);
#582=EDGE_CURVE('',#784,#786,#910,.T.);
#583=EDGE_CURVE('',#787,#788,#62,.T.);
#584=EDGE_CURVE('',#789,#788,#911,.T.);
#585=EDGE_CURVE('',#789,#790,#63,.T.);
#586=EDGE_CURVE('',#790,#787,#912,.T.);
#587=EDGE_CURVE('',#791,#792,#64,.T.);
#588=EDGE_CURVE('',#793,#791,#913,.T.);
#589=EDGE_CURVE('',#793,#792,#914,.T.);
#590=EDGE_CURVE('',#794,#795,#65,.T.);
#591=EDGE_CURVE('',#796,#794,#915,.T.);
#592=EDGE_CURVE('',#796,#797,#916,.T.);
#593=EDGE_CURVE('',#797,#795,#917,.T.);
#594=EDGE_CURVE('',#798,#799,#918,.T.);
#595=EDGE_CURVE('',#800,#798,#919,.T.);
#596=EDGE_CURVE('',#800,#801,#920,.T.);
#597=EDGE_CURVE('',#799,#801,#921,.T.);
#598=EDGE_CURVE('',#802,#802,#66,.T.);
#599=EDGE_CURVE('',#803,#803,#67,.T.);
#600=EDGE_CURVE('',#804,#804,#68,.T.);
#601=EDGE_CURVE('',#805,#805,#69,.T.);
#602=EDGE_CURVE('',#806,#807,#922,.F.);
#603=EDGE_CURVE('',#806,#808,#70,.F.);
#604=EDGE_CURVE('',#808,#809,#923,.T.);
#605=EDGE_CURVE('',#807,#809,#71,.T.);
#606=EDGE_CURVE('',#810,#811,#924,.F.);
#607=EDGE_CURVE('',#811,#812,#72,.F.);
#608=EDGE_CURVE('',#813,#812,#925,.T.);
#609=EDGE_CURVE('',#810,#813,#73,.T.);
#610=EDGE_CURVE('',#814,#815,#12,.F.);
#611=EDGE_CURVE('',#814,#816,#926,.T.);
#612=EDGE_CURVE('',#816,#817,#13,.F.);
#613=EDGE_CURVE('',#815,#817,#927,.T.);
#614=EDGE_CURVE('',#738,#814,#74,.T.);
#615=EDGE_CURVE('',#737,#816,#75,.T.);
#616=EDGE_CURVE('',#818,#735,#76,.T.);
#617=EDGE_CURVE('',#818,#819,#928,.T.);
#618=EDGE_CURVE('',#819,#736,#77,.T.);
#619=EDGE_CURVE('',#818,#820,#14,.F.);
#620=EDGE_CURVE('',#820,#821,#929,.T.);
#621=EDGE_CURVE('',#819,#821,#15,.F.);
#622=EDGE_CURVE('',#821,#812,#930,.T.);
#623=EDGE_CURVE('',#820,#813,#931,.T.);
#624=EDGE_CURVE('',#815,#808,#932,.T.);
#625=EDGE_CURVE('',#817,#809,#933,.T.);
#626=EDGE_CURVE('',#822,#823,#78,.F.);
#627=EDGE_CURVE('',#807,#823,#934,.T.);
#628=EDGE_CURVE('',#822,#809,#935,.F.);
#629=EDGE_CURVE('',#824,#823,#936,.F.);
#630=EDGE_CURVE('',#806,#824,#937,.T.);
#631=EDGE_CURVE('',#825,#824,#79,.T.);
#632=EDGE_CURVE('',#825,#808,#938,.F.);
#633=EDGE_CURVE('',#826,#777,#80,.T.);
#634=EDGE_CURVE('',#826,#827,#16,.T.);
#635=EDGE_CURVE('',#827,#828,#939,.F.);
#636=EDGE_CURVE('',#828,#813,#940,.F.);
#637=EDGE_CURVE('',#829,#825,#941,.T.);
#638=EDGE_CURVE('',#830,#829,#17,.T.);
#639=EDGE_CURVE('',#779,#830,#81,.T.);
#640=EDGE_CURVE('',#828,#831,#82,.F.);
#641=EDGE_CURVE('',#810,#831,#942,.F.);
#642=EDGE_CURVE('',#831,#832,#943,.F.);
#643=EDGE_CURVE('',#811,#832,#944,.T.);
#644=EDGE_CURVE('',#833,#832,#83,.T.);
#645=EDGE_CURVE('',#833,#812,#945,.F.);
#646=EDGE_CURVE('',#834,#835,#18,.F.);
#647=EDGE_CURVE('',#834,#778,#84,.F.);
#648=EDGE_CURVE('',#780,#836,#85,.F.);
#649=EDGE_CURVE('',#836,#837,#19,.T.);
#650=EDGE_CURVE('',#837,#822,#946,.T.);
#651=EDGE_CURVE('',#835,#833,#947,.F.);
#652=EDGE_CURVE('',#830,#836,#948,.T.);
#653=EDGE_CURVE('',#829,#837,#949,.T.);
#654=EDGE_CURVE('',#826,#834,#950,.T.);
#655=EDGE_CURVE('',#827,#835,#951,.T.);
#656=EDGE_CURVE('',#838,#838,#86,.T.);
#657=EDGE_CURVE('',#839,#839,#87,.T.);
#658=EDGE_CURVE('',#840,#840,#88,.T.);
#659=EDGE_CURVE('',#841,#841,#89,.T.);
#660=EDGE_CURVE('',#785,#741,#952,.T.);
#661=EDGE_CURVE('',#783,#742,#953,.T.);
#662=EDGE_CURVE('',#786,#744,#954,.T.);
#663=EDGE_CURVE('',#784,#743,#955,.T.);
#664=EDGE_CURVE('',#789,#729,#956,.T.);
#665=EDGE_CURVE('',#788,#730,#957,.T.);
#666=EDGE_CURVE('',#790,#732,#958,.T.);
#667=EDGE_CURVE('',#787,#731,#959,.T.);
#668=EDGE_CURVE('',#793,#745,#960,.T.);
#669=EDGE_CURVE('',#791,#746,#961,.T.);
#670=EDGE_CURVE('',#792,#747,#962,.T.);
#671=EDGE_CURVE('',#772,#725,#963,.T.);
#672=EDGE_CURVE('',#771,#727,#964,.T.);
#673=EDGE_CURVE('',#773,#726,#965,.T.);
#674=EDGE_CURVE('',#774,#728,#966,.T.);
#675=EDGE_CURVE('',#768,#721,#967,.T.);
#676=EDGE_CURVE('',#767,#723,#968,.T.);
#677=EDGE_CURVE('',#769,#722,#969,.T.);
#678=EDGE_CURVE('',#770,#724,#970,.T.);
#679=EDGE_CURVE('',#796,#717,#971,.T.);
#680=EDGE_CURVE('',#794,#718,#972,.T.);
#681=EDGE_CURVE('',#797,#720,#973,.T.);
#682=EDGE_CURVE('',#795,#719,#974,.T.);
#683=EDGE_CURVE('',#800,#748,#975,.T.);
#684=EDGE_CURVE('',#798,#749,#976,.T.);
#685=EDGE_CURVE('',#801,#751,#977,.T.);
#686=EDGE_CURVE('',#799,#750,#978,.T.);
#687=EDGE_CURVE('',#764,#713,#979,.T.);
#688=EDGE_CURVE('',#763,#715,#980,.T.);
#689=EDGE_CURVE('',#765,#714,#981,.T.);
#690=EDGE_CURVE('',#766,#716,#982,.T.);
#691=EDGE_CURVE('',#761,#710,#983,.T.);
#692=EDGE_CURVE('',#760,#712,#984,.T.);
#693=EDGE_CURVE('',#762,#711,#985,.T.);
#694=EDGE_CURVE('',#757,#706,#986,.T.);
#695=EDGE_CURVE('',#756,#708,#987,.T.);
#696=EDGE_CURVE('',#758,#707,#988,.T.);
#697=EDGE_CURVE('',#759,#709,#989,.T.);
#698=EDGE_CURVE('',#753,#702,#990,.T.);
#699=EDGE_CURVE('',#752,#704,#991,.T.);
#700=EDGE_CURVE('',#754,#703,#992,.T.);
#701=EDGE_CURVE('',#755,#705,#993,.T.);
#702=VERTEX_POINT('',#2040);
#703=VERTEX_POINT('',#2041);
#704=VERTEX_POINT('',#2043);
#705=VERTEX_POINT('',#2045);
#706=VERTEX_POINT('',#2048);
#707=VERTEX_POINT('',#2049);
#708=VERTEX_POINT('',#2051);
#709=VERTEX_POINT('',#2053);
#710=VERTEX_POINT('',#2056);
#711=VERTEX_POINT('',#2057);
#712=VERTEX_POINT('',#2059);
#713=VERTEX_POINT('',#2062);
#714=VERTEX_POINT('',#2063);
#715=VERTEX_POINT('',#2065);
#716=VERTEX_POINT('',#2067);
#717=VERTEX_POINT('',#2070);
#718=VERTEX_POINT('',#2071);
#719=VERTEX_POINT('',#2073);
#720=VERTEX_POINT('',#2075);
#721=VERTEX_POINT('',#2078);
#722=VERTEX_POINT('',#2079);
#723=VERTEX_POINT('',#2081);
#724=VERTEX_POINT('',#2083);
#725=VERTEX_POINT('',#2086);
#726=VERTEX_POINT('',#2087);
#727=VERTEX_POINT('',#2089);
#728=VERTEX_POINT('',#2091);
#729=VERTEX_POINT('',#2094);
#730=VERTEX_POINT('',#2095);
#731=VERTEX_POINT('',#2097);
#732=VERTEX_POINT('',#2099);
#733=VERTEX_POINT('',#2102);
#734=VERTEX_POINT('',#2104);
#735=VERTEX_POINT('',#2106);
#736=VERTEX_POINT('',#2107);
#737=VERTEX_POINT('',#2109);
#738=VERTEX_POINT('',#2111);
#739=VERTEX_POINT('',#2114);
#740=VERTEX_POINT('',#2116);
#741=VERTEX_POINT('',#2118);
#742=VERTEX_POINT('',#2119);
#743=VERTEX_POINT('',#2121);
#744=VERTEX_POINT('',#2123);
#745=VERTEX_POINT('',#2126);
#746=VERTEX_POINT('',#2127);
#747=VERTEX_POINT('',#2129);
#748=VERTEX_POINT('',#2132);
#749=VERTEX_POINT('',#2133);
#750=VERTEX_POINT('',#2135);
#751=VERTEX_POINT('',#2137);
#752=VERTEX_POINT('',#2141);
#753=VERTEX_POINT('',#2142);
#754=VERTEX_POINT('',#2144);
#755=VERTEX_POINT('',#2146);
#756=VERTEX_POINT('',#2149);
#757=VERTEX_POINT('',#2150);
#758=VERTEX_POINT('',#2152);
#759=VERTEX_POINT('',#2154);
#760=VERTEX_POINT('',#2157);
#761=VERTEX_POINT('',#2158);
#762=VERTEX_POINT('',#2160);
#763=VERTEX_POINT('',#2163);
#764=VERTEX_POINT('',#2164);
#765=VERTEX_POINT('',#2166);
#766=VERTEX_POINT('',#2168);
#767=VERTEX_POINT('',#2171);
#768=VERTEX_POINT('',#2172);
#769=VERTEX_POINT('',#2174);
#770=VERTEX_POINT('',#2176);
#771=VERTEX_POINT('',#2179);
#772=VERTEX_POINT('',#2180);
#773=VERTEX_POINT('',#2182);
#774=VERTEX_POINT('',#2184);
#775=VERTEX_POINT('',#2187);
#776=VERTEX_POINT('',#2189);
#777=VERTEX_POINT('',#2191);
#778=VERTEX_POINT('',#2192);
#779=VERTEX_POINT('',#2194);
#780=VERTEX_POINT('',#2196);
#781=VERTEX_POINT('',#2199);
#782=VERTEX_POINT('',#2201);
#783=VERTEX_POINT('',#2203);
#784=VERTEX_POINT('',#2204);
#785=VERTEX_POINT('',#2206);
#786=VERTEX_POINT('',#2208);
#787=VERTEX_POINT('',#2211);
#788=VERTEX_POINT('',#2212);
#789=VERTEX_POINT('',#2214);
#790=VERTEX_POINT('',#2216);
#791=VERTEX_POINT('',#2219);
#792=VERTEX_POINT('',#2220);
#793=VERTEX_POINT('',#2222);
#794=VERTEX_POINT('',#2225);
#795=VERTEX_POINT('',#2226);
#796=VERTEX_POINT('',#2228);
#797=VERTEX_POINT('',#2230);
#798=VERTEX_POINT('',#2233);
#799=VERTEX_POINT('',#2234);
#800=VERTEX_POINT('',#2236);
#801=VERTEX_POINT('',#2238);
#802=VERTEX_POINT('',#2242);
#803=VERTEX_POINT('',#2245);
#804=VERTEX_POINT('',#2248);
#805=VERTEX_POINT('',#2251);
#806=VERTEX_POINT('',#2254);
#807=VERTEX_POINT('',#2255);
#808=VERTEX_POINT('',#2257);
#809=VERTEX_POINT('',#2259);
#810=VERTEX_POINT('',#2263);
#811=VERTEX_POINT('',#2264);
#812=VERTEX_POINT('',#2266);
#813=VERTEX_POINT('',#2268);
#814=VERTEX_POINT('',#2282);
#815=VERTEX_POINT('',#2283);
#816=VERTEX_POINT('',#2285);
#817=VERTEX_POINT('',#2290);
#818=VERTEX_POINT('',#2297);
#819=VERTEX_POINT('',#2299);
#820=VERTEX_POINT('',#2313);
#821=VERTEX_POINT('',#2315);
#822=VERTEX_POINT('',#2328);
#823=VERTEX_POINT('',#2329);
#824=VERTEX_POINT('',#2334);
#825=VERTEX_POINT('',#2338);
#826=VERTEX_POINT('',#2342);
#827=VERTEX_POINT('',#2380);
#828=VERTEX_POINT('',#2382);
#829=VERTEX_POINT('',#2385);
#830=VERTEX_POINT('',#2423);
#831=VERTEX_POINT('',#2427);
#832=VERTEX_POINT('',#2431);
#833=VERTEX_POINT('',#2435);
#834=VERTEX_POINT('',#2475);
#835=VERTEX_POINT('',#2476);
#836=VERTEX_POINT('',#2479);
#837=VERTEX_POINT('',#2517);
#838=VERTEX_POINT('',#2566);
#839=VERTEX_POINT('',#2570);
#840=VERTEX_POINT('',#2574);
#841=VERTEX_POINT('',#2578);
#842=LINE('',#2039,#994);
#843=LINE('',#2042,#995);
#844=LINE('',#2044,#996);
#845=LINE('',#2046,#997);
#846=LINE('',#2047,#998);
#847=LINE('',#2050,#999);
#848=LINE('',#2052,#1000);
#849=LINE('',#2054,#1001);
#850=LINE('',#2055,#1002);
#851=LINE('',#2058,#1003);
#852=LINE('',#2061,#1004);
#853=LINE('',#2064,#1005);
#854=LINE('',#2066,#1006);
#855=LINE('',#2068,#1007);
#856=LINE('',#2069,#1008);
#857=LINE('',#2074,#1009);
#858=LINE('',#2076,#1010);
#859=LINE('',#2077,#1011);
#860=LINE('',#2080,#1012);
#861=LINE('',#2082,#1013);
#862=LINE('',#2084,#1014);
#863=LINE('',#2085,#1015);
#864=LINE('',#2088,#1016);
#865=LINE('',#2090,#1017);
#866=LINE('',#2092,#1018);
#867=LINE('',#2093,#1019);
#868=LINE('',#2098,#1020);
#869=LINE('',#2105,#1021);
#870=LINE('',#2108,#1022);
#871=LINE('',#2110,#1023);
#872=LINE('',#2112,#1024);
#873=LINE('',#2120,#1025);
#874=LINE('',#2122,#1026);
#875=LINE('',#2124,#1027);
#876=LINE('',#2125,#1028);
#877=LINE('',#2130,#1029);
#878=LINE('',#2131,#1030);
#879=LINE('',#2134,#1031);
#880=LINE('',#2136,#1032);
#881=LINE('',#2138,#1033);
#882=LINE('',#2140,#1034);
#883=LINE('',#2143,#1035);
#884=LINE('',#2145,#1036);
#885=LINE('',#2147,#1037);
#886=LINE('',#2148,#1038);
#887=LINE('',#2151,#1039);
#888=LINE('',#2153,#1040);
#889=LINE('',#2155,#1041);
#890=LINE('',#2156,#1042);
#891=LINE('',#2159,#1043);
#892=LINE('',#2162,#1044);
#893=LINE('',#2165,#1045);
#894=LINE('',#2167,#1046);
#895=LINE('',#2169,#1047);
#896=LINE('',#2170,#1048);
#897=LINE('',#2173,#1049);
#898=LINE('',#2175,#1050);
#899=LINE('',#2177,#1051);
#900=LINE('',#2178,#1052);
#901=LINE('',#2181,#1053);
#902=LINE('',#2183,#1054);
#903=LINE('',#2185,#1055);
#904=LINE('',#2190,#1056);
#905=LINE('',#2193,#1057);
#906=LINE('',#2195,#1058);
#907=LINE('',#2197,#1059);
#908=LINE('',#2202,#1060);
#909=LINE('',#2207,#1061);
#910=LINE('',#2209,#1062);
#911=LINE('',#2213,#1063);
#912=LINE('',#2217,#1064);
#913=LINE('',#2221,#1065);
#914=LINE('',#2223,#1066);
#915=LINE('',#2227,#1067);
#916=LINE('',#2229,#1068);
#917=LINE('',#2231,#1069);
#918=LINE('',#2232,#1070);
#919=LINE('',#2235,#1071);
#920=LINE('',#2237,#1072);
#921=LINE('',#2239,#1073);
#922=LINE('',#2253,#1074);
#923=LINE('',#2258,#1075);
#924=LINE('',#2262,#1076);
#925=LINE('',#2267,#1077);
#926=LINE('',#2284,#1078);
#927=LINE('',#2291,#1079);
#928=LINE('',#2298,#1080);
#929=LINE('',#2314,#1081);
#930=LINE('',#2321,#1082);
#931=LINE('',#2322,#1083);
#932=LINE('',#2324,#1084);
#933=LINE('',#2325,#1085);
#934=LINE('',#2330,#1086);
#935=LINE('',#2331,#1087);
#936=LINE('',#2333,#1088);
#937=LINE('',#2335,#1089);
#938=LINE('',#2339,#1090);
#939=LINE('',#2381,#1091);
#940=LINE('',#2383,#1092);
#941=LINE('',#2384,#1093);
#942=LINE('',#2428,#1094);
#943=LINE('',#2430,#1095);
#944=LINE('',#2432,#1096);
#945=LINE('',#2436,#1097);
#946=LINE('',#2518,#1098);
#947=LINE('',#2519,#1099);
#948=LINE('',#2538,#1100);
#949=LINE('',#2539,#1101);
#950=LINE('',#2558,#1102);
#951=LINE('',#2559,#1103);
#952=LINE('',#2581,#1104);
#953=LINE('',#2582,#1105);
#954=LINE('',#2584,#1106);
#955=LINE('',#2586,#1107);
#956=LINE('',#2589,#1108);
#957=LINE('',#2590,#1109);
#958=LINE('',#2592,#1110);
#959=LINE('',#2594,#1111);
#960=LINE('',#2597,#1112);
#961=LINE('',#2598,#1113);
#962=LINE('',#2600,#1114);
#963=LINE('',#2603,#1115);
#964=LINE('',#2604,#1116);
#965=LINE('',#2606,#1117);
#966=LINE('',#2608,#1118);
#967=LINE('',#2611,#1119);
#968=LINE('',#2612,#1120);
#969=LINE('',#2614,#1121);
#970=LINE('',#2616,#1122);
#971=LINE('',#2619,#1123);
#972=LINE('',#2620,#1124);
#973=LINE('',#2622,#1125);
#974=LINE('',#2624,#1126);
#975=LINE('',#2627,#1127);
#976=LINE('',#2628,#1128);
#977=LINE('',#2630,#1129);
#978=LINE('',#2632,#1130);
#979=LINE('',#2635,#1131);
#980=LINE('',#2636,#1132);
#981=LINE('',#2638,#1133);
#982=LINE('',#2640,#1134);
#983=LINE('',#2643,#1135);
#984=LINE('',#2644,#1136);
#985=LINE('',#2646,#1137);
#986=LINE('',#2649,#1138);
#987=LINE('',#2650,#1139);
#988=LINE('',#2652,#1140);
#989=LINE('',#2654,#1141);
#990=LINE('',#2657,#1142);
#991=LINE('',#2658,#1143);
#992=LINE('',#2660,#1144);
#993=LINE('',#2662,#1145);
#994=VECTOR('',#1651,1.);
#995=VECTOR('',#1652,1.);
#996=VECTOR('',#1653,1.);
#997=VECTOR('',#1654,1.);
#998=VECTOR('',#1655,1.);
#999=VECTOR('',#1656,1.);
#1000=VECTOR('',#1657,1.);
#1001=VECTOR('',#1658,1.);
#1002=VECTOR('',#1659,1.);
#1003=VECTOR('',#1660,1.);
#1004=VECTOR('',#1663,1.);
#1005=VECTOR('',#1664,1.);
#1006=VECTOR('',#1665,1.);
#1007=VECTOR('',#1666,1.);
#1008=VECTOR('',#1667,1.);
#1009=VECTOR('',#1670,1.);
#1010=VECTOR('',#1671,1.);
#1011=VECTOR('',#1672,1.);
#1012=VECTOR('',#1673,1.);
#1013=VECTOR('',#1674,1.);
#1014=VECTOR('',#1675,1.);
#1015=VECTOR('',#1676,1.);
#1016=VECTOR('',#1677,1.);
#1017=VECTOR('',#1678,1.);
#1018=VECTOR('',#1679,1.);
#1019=VECTOR('',#1680,1.);
#1020=VECTOR('',#1683,1.);
#1021=VECTOR('',#1690,1.);
#1022=VECTOR('',#1691,1.);
#1023=VECTOR('',#1692,1.);
#1024=VECTOR('',#1693,1.);
#1025=VECTOR('',#1700,1.);
#1026=VECTOR('',#1701,1.);
#1027=VECTOR('',#1702,1.);
#1028=VECTOR('',#1703,1.);
#1029=VECTOR('',#1706,1.);
#1030=VECTOR('',#1707,1.);
#1031=VECTOR('',#1708,1.);
#1032=VECTOR('',#1709,1.);
#1033=VECTOR('',#1710,1.);
#1034=VECTOR('',#1713,1.);
#1035=VECTOR('',#1714,1.);
#1036=VECTOR('',#1715,1.);
#1037=VECTOR('',#1716,1.);
#1038=VECTOR('',#1717,1.);
#1039=VECTOR('',#1718,1.);
#1040=VECTOR('',#1719,1.);
#1041=VECTOR('',#1720,1.);
#1042=VECTOR('',#1721,1.);
#1043=VECTOR('',#1722,1.);
#1044=VECTOR('',#1725,1.);
#1045=VECTOR('',#1726,1.);
#1046=VECTOR('',#1727,1.);
#1047=VECTOR('',#1728,1.);
#1048=VECTOR('',#1729,1.);
#1049=VECTOR('',#1730,1.);
#1050=VECTOR('',#1731,1.);
#1051=VECTOR('',#1732,1.);
#1052=VECTOR('',#1733,1.);
#1053=VECTOR('',#1734,1.);
#1054=VECTOR('',#1735,1.);
#1055=VECTOR('',#1736,1.);
#1056=VECTOR('',#1741,1.);
#1057=VECTOR('',#1742,1.);
#1058=VECTOR('',#1743,1.);
#1059=VECTOR('',#1744,1.);
#1060=VECTOR('',#1749,1.);
#1061=VECTOR('',#1752,1.);
#1062=VECTOR('',#1753,1.);
#1063=VECTOR('',#1756,1.);
#1064=VECTOR('',#1759,1.);
#1065=VECTOR('',#1762,1.);
#1066=VECTOR('',#1763,1.);
#1067=VECTOR('',#1766,1.);
#1068=VECTOR('',#1767,1.);
#1069=VECTOR('',#1768,1.);
#1070=VECTOR('',#1769,1.);
#1071=VECTOR('',#1770,1.);
#1072=VECTOR('',#1771,1.);
#1073=VECTOR('',#1772,1.);
#1074=VECTOR('',#1791,1.);
#1075=VECTOR('',#1794,1.);
#1076=VECTOR('',#1799,1.);
#1077=VECTOR('',#1802,1.);
#1078=VECTOR('',#1805,1.);
#1079=VECTOR('',#1806,1.);
#1080=VECTOR('',#1817,1.);
#1081=VECTOR('',#1820,1.);
#1082=VECTOR('',#1823,1.);
#1083=VECTOR('',#1824,1.);
#1084=VECTOR('',#1827,1.);
#1085=VECTOR('',#1828,1.);
#1086=VECTOR('',#1833,1.);
#1087=VECTOR('',#1834,1.);
#1088=VECTOR('',#1837,1.);
#1089=VECTOR('',#1838,1.);
#1090=VECTOR('',#1843,1.);
#1091=VECTOR('',#1848,1.);
#1092=VECTOR('',#1849,1.);
#1093=VECTOR('',#1850,1.);
#1094=VECTOR('',#1857,1.);
#1095=VECTOR('',#1860,1.);
#1096=VECTOR('',#1861,1.);
#1097=VECTOR('',#1866,1.);
#1098=VECTOR('',#1873,1.);
#1099=VECTOR('',#1874,1.);
#1100=VECTOR('',#1875,1.);
#1101=VECTOR('',#1876,1.);
#1102=VECTOR('',#1877,1.);
#1103=VECTOR('',#1878,1.);
#1104=VECTOR('',#1913,1.);
#1105=VECTOR('',#1914,1.);
#1106=VECTOR('',#1917,1.);
#1107=VECTOR('',#1920,1.);
#1108=VECTOR('',#1925,1.);
#1109=VECTOR('',#1926,1.);
#1110=VECTOR('',#1929,1.);
#1111=VECTOR('',#1932,1.);
#1112=VECTOR('',#1937,1.);
#1113=VECTOR('',#1938,1.);
#1114=VECTOR('',#1941,1.);
#1115=VECTOR('',#1946,1.);
#1116=VECTOR('',#1947,1.);
#1117=VECTOR('',#1950,1.);
#1118=VECTOR('',#1953,1.);
#1119=VECTOR('',#1958,1.);
#1120=VECTOR('',#1959,1.);
#1121=VECTOR('',#1962,1.);
#1122=VECTOR('',#1965,1.);
#1123=VECTOR('',#1970,1.);
#1124=VECTOR('',#1971,1.);
#1125=VECTOR('',#1974,1.);
#1126=VECTOR('',#1977,1.);
#1127=VECTOR('',#1982,1.);
#1128=VECTOR('',#1983,1.);
#1129=VECTOR('',#1986,1.);
#1130=VECTOR('',#1989,1.);
#1131=VECTOR('',#1994,1.);
#1132=VECTOR('',#1995,1.);
#1133=VECTOR('',#1998,1.);
#1134=VECTOR('',#2001,1.);
#1135=VECTOR('',#2006,1.);
#1136=VECTOR('',#2007,1.);
#1137=VECTOR('',#2010,1.);
#1138=VECTOR('',#2015,1.);
#1139=VECTOR('',#2016,1.);
#1140=VECTOR('',#2019,1.);
#1141=VECTOR('',#2022,1.);
#1142=VECTOR('',#2027,1.);
#1143=VECTOR('',#2028,1.);
#1144=VECTOR('',#2031,1.);
#1145=VECTOR('',#2034,1.);
#1146=EDGE_LOOP('',(#90,#91,#92,#93));
#1147=EDGE_LOOP('',(#94,#95,#96,#97));
#1148=EDGE_LOOP('',(#98,#99,#100));
#1149=EDGE_LOOP('',(#101,#102,#103,#104));
#1150=EDGE_LOOP('',(#105,#106,#107,#108));
#1151=EDGE_LOOP('',(#109,#110,#111,#112));
#1152=EDGE_LOOP('',(#113,#114,#115,#116));
#1153=EDGE_LOOP('',(#117,#118,#119,#120));
#1154=EDGE_LOOP('',(#121));
#1155=EDGE_LOOP('',(#122));
#1156=EDGE_LOOP('',(#123,#124,#125,#126));
#1157=EDGE_LOOP('',(#127));
#1158=EDGE_LOOP('',(#128));
#1159=EDGE_LOOP('',(#129,#130,#131,#132));
#1160=EDGE_LOOP('',(#133,#134,#135));
#1161=EDGE_LOOP('',(#136,#137,#138,#139));
#1162=EDGE_LOOP('',(#140,#141,#142,#143));
#1163=EDGE_LOOP('',(#144,#145,#146,#147));
#1164=EDGE_LOOP('',(#148,#149,#150));
#1165=EDGE_LOOP('',(#151,#152,#153,#154));
#1166=EDGE_LOOP('',(#155,#156,#157,#158));
#1167=EDGE_LOOP('',(#159,#160,#161,#162));
#1168=EDGE_LOOP('',(#163));
#1169=EDGE_LOOP('',(#164));
#1170=EDGE_LOOP('',(#165,#166,#167,#168));
#1171=EDGE_LOOP('',(#169));
#1172=EDGE_LOOP('',(#170));
#1173=EDGE_LOOP('',(#171,#172,#173,#174));
#1174=EDGE_LOOP('',(#175,#176,#177,#178));
#1175=EDGE_LOOP('',(#179,#180,#181));
#1176=EDGE_LOOP('',(#182,#183,#184,#185));
#1177=EDGE_LOOP('',(#186,#187,#188,#189));
#1178=EDGE_LOOP('',(#190));
#1179=EDGE_LOOP('',(#191));
#1180=EDGE_LOOP('',(#192));
#1181=EDGE_LOOP('',(#193));
#1182=EDGE_LOOP('',(#194));
#1183=EDGE_LOOP('',(#195));
#1184=EDGE_LOOP('',(#196));
#1185=EDGE_LOOP('',(#197));
#1186=EDGE_LOOP('',(#198,#199,#200,#201));
#1187=EDGE_LOOP('',(#202,#203,#204,#205));
#1188=EDGE_LOOP('',(#206,#207,#208,#209));
#1189=EDGE_LOOP('',(#210,#211,#212,#213));
#1190=EDGE_LOOP('',(#214,#215,#216,#217));
#1191=EDGE_LOOP('',(#218,#219,#220,#221));
#1192=EDGE_LOOP('',(#222,#223,#224,#225));
#1193=EDGE_LOOP('',(#226,#227,#228,#229));
#1194=EDGE_LOOP('',(#230,#231,#232,#233));
#1195=EDGE_LOOP('',(#234,#235,#236,#237));
#1196=EDGE_LOOP('',(#238,#239,#240,#241));
#1197=EDGE_LOOP('',(#242,#243,#244,#245,#246,#247,#248,#249,#250,#251,#252,
#253,#254,#255,#256,#257));
#1198=EDGE_LOOP('',(#258,#259,#260,#261));
#1199=EDGE_LOOP('',(#262,#263,#264,#265));
#1200=EDGE_LOOP('',(#266,#267,#268,#269));
#1201=EDGE_LOOP('',(#270,#271,#272,#273,#274,#275,#276,#277,#278,#279,#280,
#281,#282,#283,#284,#285));
#1202=EDGE_LOOP('',(#286,#287,#288,#289));
#1203=EDGE_LOOP('',(#290,#291,#292,#293));
#1204=EDGE_LOOP('',(#294,#295,#296,#297,#298,#299));
#1205=EDGE_LOOP('',(#300,#301,#302,#303));
#1206=EDGE_LOOP('',(#304,#305,#306,#307));
#1207=EDGE_LOOP('',(#308,#309,#310,#311,#312,#313));
#1208=EDGE_LOOP('',(#314));
#1209=EDGE_LOOP('',(#315));
#1210=EDGE_LOOP('',(#316));
#1211=EDGE_LOOP('',(#317));
#1212=EDGE_LOOP('',(#318));
#1213=EDGE_LOOP('',(#319));
#1214=EDGE_LOOP('',(#320));
#1215=EDGE_LOOP('',(#321));
#1216=EDGE_LOOP('',(#322));
#1217=EDGE_LOOP('',(#323));
#1218=EDGE_LOOP('',(#324));
#1219=EDGE_LOOP('',(#325));
#1220=EDGE_LOOP('',(#326));
#1221=EDGE_LOOP('',(#327));
#1222=EDGE_LOOP('',(#328));
#1223=EDGE_LOOP('',(#329));
#1224=EDGE_LOOP('',(#330,#331,#332,#333));
#1225=EDGE_LOOP('',(#334,#335,#336,#337));
#1226=EDGE_LOOP('',(#338,#339,#340,#341));
#1227=EDGE_LOOP('',(#342,#343,#344,#345));
#1228=EDGE_LOOP('',(#346,#347,#348,#349));
#1229=EDGE_LOOP('',(#350,#351,#352,#353));
#1230=EDGE_LOOP('',(#354,#355,#356,#357));
#1231=EDGE_LOOP('',(#358,#359,#360,#361));
#1232=EDGE_LOOP('',(#362,#363,#364,#365));
#1233=EDGE_LOOP('',(#366,#367,#368,#369));
#1234=EDGE_LOOP('',(#370,#371,#372,#373));
#1235=EDGE_LOOP('',(#374,#375,#376,#377));
#1236=EDGE_LOOP('',(#378,#379,#380,#381));
#1237=EDGE_LOOP('',(#382,#383,#384,#385));
#1238=EDGE_LOOP('',(#386,#387,#388,#389));
#1239=EDGE_LOOP('',(#390,#391,#392,#393));
#1240=EDGE_LOOP('',(#394,#395,#396,#397));
#1241=EDGE_LOOP('',(#398,#399,#400,#401));
#1242=EDGE_LOOP('',(#402,#403,#404,#405));
#1243=EDGE_LOOP('',(#406,#407,#408,#409));
#1244=EDGE_LOOP('',(#410,#411,#412,#413));
#1245=EDGE_LOOP('',(#414,#415,#416,#417));
#1246=EDGE_LOOP('',(#418,#419,#420,#421));
#1247=EDGE_LOOP('',(#422,#423,#424,#425));
#1248=EDGE_LOOP('',(#426,#427,#428,#429));
#1249=EDGE_LOOP('',(#430,#431,#432,#433));
#1250=EDGE_LOOP('',(#434,#435,#436,#437));
#1251=EDGE_LOOP('',(#438,#439,#440,#441));
#1252=EDGE_LOOP('',(#442,#443,#444,#445));
#1253=EDGE_LOOP('',(#446,#447,#448,#449));
#1254=EDGE_LOOP('',(#450,#451,#452,#453));
#1255=EDGE_LOOP('',(#454,#455,#456,#457));
#1256=EDGE_LOOP('',(#458,#459,#460,#461));
#1257=EDGE_LOOP('',(#462,#463,#464,#465));
#1258=EDGE_LOOP('',(#466,#467,#468,#469));
#1259=EDGE_LOOP('',(#470,#471,#472,#473));
#1260=EDGE_LOOP('',(#474,#475,#476,#477));
#1261=EDGE_LOOP('',(#478,#479,#480,#481));
#1262=EDGE_LOOP('',(#482,#483,#484,#485));
#1263=EDGE_LOOP('',(#486,#487,#488,#489));
#1264=EDGE_LOOP('',(#490,#491,#492,#493));
#1265=EDGE_LOOP('',(#494,#495,#496,#497));
#1266=FACE_BOUND('',#1146,.T.);
#1267=FACE_BOUND('',#1147,.T.);
#1268=FACE_BOUND('',#1148,.T.);
#1269=FACE_BOUND('',#1149,.T.);
#1270=FACE_BOUND('',#1150,.T.);
#1271=FACE_BOUND('',#1151,.T.);
#1272=FACE_BOUND('',#1152,.T.);
#1273=FACE_BOUND('',#1153,.T.);
#1274=FACE_BOUND('',#1154,.T.);
#1275=FACE_BOUND('',#1155,.T.);
#1276=FACE_BOUND('',#1156,.T.);
#1277=FACE_BOUND('',#1157,.T.);
#1278=FACE_BOUND('',#1158,.T.);
#1279=FACE_BOUND('',#1159,.T.);
#1280=FACE_BOUND('',#1160,.T.);
#1281=FACE_BOUND('',#1161,.T.);
#1282=FACE_BOUND('',#1162,.T.);
#1283=FACE_BOUND('',#1163,.T.);
#1284=FACE_BOUND('',#1164,.T.);
#1285=FACE_BOUND('',#1165,.T.);
#1286=FACE_BOUND('',#1166,.T.);
#1287=FACE_BOUND('',#1167,.T.);
#1288=FACE_BOUND('',#1168,.T.);
#1289=FACE_BOUND('',#1169,.T.);
#1290=FACE_BOUND('',#1170,.T.);
#1291=FACE_BOUND('',#1171,.T.);
#1292=FACE_BOUND('',#1172,.T.);
#1293=FACE_BOUND('',#1173,.T.);
#1294=FACE_BOUND('',#1174,.T.);
#1295=FACE_BOUND('',#1175,.T.);
#1296=FACE_BOUND('',#1176,.T.);
#1297=FACE_BOUND('',#1177,.T.);
#1298=FACE_BOUND('',#1178,.T.);
#1299=FACE_BOUND('',#1179,.T.);
#1300=FACE_BOUND('',#1180,.T.);
#1301=FACE_BOUND('',#1181,.T.);
#1302=FACE_BOUND('',#1182,.T.);
#1303=FACE_BOUND('',#1183,.T.);
#1304=FACE_BOUND('',#1184,.T.);
#1305=FACE_BOUND('',#1185,.T.);
#1306=FACE_BOUND('',#1186,.T.);
#1307=FACE_BOUND('',#1187,.T.);
#1308=FACE_BOUND('',#1188,.T.);
#1309=FACE_BOUND('',#1189,.T.);
#1310=FACE_BOUND('',#1190,.T.);
#1311=FACE_BOUND('',#1191,.T.);
#1312=FACE_BOUND('',#1192,.T.);
#1313=FACE_BOUND('',#1193,.T.);
#1314=FACE_BOUND('',#1194,.T.);
#1315=FACE_BOUND('',#1195,.T.);
#1316=FACE_BOUND('',#1196,.T.);
#1317=FACE_BOUND('',#1197,.T.);
#1318=FACE_BOUND('',#1198,.T.);
#1319=FACE_BOUND('',#1199,.T.);
#1320=FACE_BOUND('',#1200,.T.);
#1321=FACE_BOUND('',#1201,.T.);
#1322=FACE_BOUND('',#1202,.T.);
#1323=FACE_BOUND('',#1203,.T.);
#1324=FACE_BOUND('',#1204,.T.);
#1325=FACE_BOUND('',#1205,.T.);
#1326=FACE_BOUND('',#1206,.T.);
#1327=FACE_BOUND('',#1207,.T.);
#1328=FACE_BOUND('',#1208,.T.);
#1329=FACE_BOUND('',#1209,.T.);
#1330=FACE_BOUND('',#1210,.T.);
#1331=FACE_BOUND('',#1211,.T.);
#1332=FACE_BOUND('',#1212,.T.);
#1333=FACE_BOUND('',#1213,.T.);
#1334=FACE_BOUND('',#1214,.T.);
#1335=FACE_BOUND('',#1215,.T.);
#1336=FACE_BOUND('',#1216,.T.);
#1337=FACE_BOUND('',#1217,.T.);
#1338=FACE_BOUND('',#1218,.T.);
#1339=FACE_BOUND('',#1219,.T.);
#1340=FACE_BOUND('',#1220,.T.);
#1341=FACE_BOUND('',#1221,.T.);
#1342=FACE_BOUND('',#1222,.T.);
#1343=FACE_BOUND('',#1223,.T.);
#1344=FACE_BOUND('',#1224,.T.);
#1345=FACE_BOUND('',#1225,.T.);
#1346=FACE_BOUND('',#1226,.T.);
#1347=FACE_BOUND('',#1227,.T.);
#1348=FACE_BOUND('',#1228,.T.);
#1349=FACE_BOUND('',#1229,.T.);
#1350=FACE_BOUND('',#1230,.T.);
#1351=FACE_BOUND('',#1231,.T.);
#1352=FACE_BOUND('',#1232,.T.);
#1353=FACE_BOUND('',#1233,.T.);
#1354=FACE_BOUND('',#1234,.T.);
#1355=FACE_BOUND('',#1235,.T.);
#1356=FACE_BOUND('',#1236,.T.);
#1357=FACE_BOUND('',#1237,.T.);
#1358=FACE_BOUND('',#1238,.T.);
#1359=FACE_BOUND('',#1239,.T.);
#1360=FACE_BOUND('',#1240,.T.);
#1361=FACE_BOUND('',#1241,.T.);
#1362=FACE_BOUND('',#1242,.T.);
#1363=FACE_BOUND('',#1243,.T.);
#1364=FACE_BOUND('',#1244,.T.);
#1365=FACE_BOUND('',#1245,.T.);
#1366=FACE_BOUND('',#1246,.T.);
#1367=FACE_BOUND('',#1247,.T.);
#1368=FACE_BOUND('',#1248,.T.);
#1369=FACE_BOUND('',#1249,.T.);
#1370=FACE_BOUND('',#1250,.T.);
#1371=FACE_BOUND('',#1251,.T.);
#1372=FACE_BOUND('',#1252,.T.);
#1373=FACE_BOUND('',#1253,.T.);
#1374=FACE_BOUND('',#1254,.T.);
#1375=FACE_BOUND('',#1255,.T.);
#1376=FACE_BOUND('',#1256,.T.);
#1377=FACE_BOUND('',#1257,.T.);
#1378=FACE_BOUND('',#1258,.T.);
#1379=FACE_BOUND('',#1259,.T.);
#1380=FACE_BOUND('',#1260,.T.);
#1381=FACE_BOUND('',#1261,.T.);
#1382=FACE_BOUND('',#1262,.T.);
#1383=FACE_BOUND('',#1263,.T.);
#1384=FACE_BOUND('',#1264,.T.);
#1385=FACE_BOUND('',#1265,.T.);
#1386=PLANE('',#1529);
#1387=PLANE('',#1540);
#1388=PLANE('',#1559);
#1389=PLANE('',#1562);
#1390=PLANE('',#1571);
#1391=PLANE('',#1572);
#1392=PLANE('',#1575);
#1393=PLANE('',#1578);
#1394=PLANE('',#1583);
#1395=PLANE('',#1586);
#1396=PLANE('',#1589);
#1397=PLANE('',#1592);
#1398=PLANE('',#1595);
#1399=PLANE('',#1598);
#1400=PLANE('',#1601);
#1401=PLANE('',#1604);
#1402=PLANE('',#1606);
#1403=PLANE('',#1607);
#1404=PLANE('',#1608);
#1405=PLANE('',#1609);
#1406=PLANE('',#1611);
#1407=PLANE('',#1613);
#1408=PLANE('',#1614);
#1409=PLANE('',#1616);
#1410=PLANE('',#1617);
#1411=PLANE('',#1618);
#1412=PLANE('',#1619);
#1413=PLANE('',#1620);
#1414=PLANE('',#1621);
#1415=PLANE('',#1622);
#1416=PLANE('',#1623);
#1417=PLANE('',#1624);
#1418=PLANE('',#1625);
#1419=PLANE('',#1626);
#1420=PLANE('',#1628);
#1421=PLANE('',#1629);
#1422=PLANE('',#1630);
#1423=PLANE('',#1631);
#1424=PLANE('',#1632);
#1425=PLANE('',#1633);
#1426=PLANE('',#1634);
#1427=PLANE('',#1635);
#1428=PLANE('',#1636);
#1429=PLANE('',#1637);
#1430=PLANE('',#1639);
#1431=PLANE('',#1640);
#1432=PLANE('',#1641);
#1433=PLANE('',#1642);
#1434=PLANE('',#1643);
#1435=PLANE('',#1644);
#1436=PLANE('',#1645);
#1437=PLANE('',#1646);
#1438=ADVANCED_FACE('',(#1266,#1267,#1268,#1269,#1270,#1271,#1272,#1273,
#1274,#1275,#1276,#1277,#1278,#1279,#1280,#1281),#1386,.F.);
#1439=ADVANCED_FACE('',(#1282,#1283,#1284,#1285,#1286,#1287,#1288,#1289,
#1290,#1291,#1292,#1293,#1294,#1295,#1296,#1297),#1387,.T.);
#1440=ADVANCED_FACE('',(#1298,#1299),#24,.F.);
#1441=ADVANCED_FACE('',(#1300,#1301),#25,.F.);
#1442=ADVANCED_FACE('',(#1302,#1303),#26,.F.);
#1443=ADVANCED_FACE('',(#1304,#1305),#27,.F.);
#1444=ADVANCED_FACE('',(#1306),#1388,.T.);
#1445=ADVANCED_FACE('',(#1307),#1389,.T.);
#1446=ADVANCED_FACE('',(#1308),#20,.T.);
#1447=ADVANCED_FACE('',(#1309),#28,.T.);
#1448=ADVANCED_FACE('',(#1310),#29,.T.);
#1449=ADVANCED_FACE('',(#1311),#21,.F.);
#1450=ADVANCED_FACE('',(#1312),#1390,.T.);
#1451=ADVANCED_FACE('',(#1313),#1391,.F.);
#1452=ADVANCED_FACE('',(#1314),#30,.T.);
#1453=ADVANCED_FACE('',(#1315),#1392,.F.);
#1454=ADVANCED_FACE('',(#1316),#31,.T.);
#1455=ADVANCED_FACE('',(#1317),#1393,.T.);
#1456=ADVANCED_FACE('',(#1318),#32,.T.);
#1457=ADVANCED_FACE('',(#1319),#1394,.F.);
#1458=ADVANCED_FACE('',(#1320),#33,.T.);
#1459=ADVANCED_FACE('',(#1321),#1395,.F.);
#1460=ADVANCED_FACE('',(#1322),#22,.F.);
#1461=ADVANCED_FACE('',(#1323),#23,.T.);
#1462=ADVANCED_FACE('',(#1324),#1396,.F.);
#1463=ADVANCED_FACE('',(#1325),#34,.F.);
#1464=ADVANCED_FACE('',(#1326),#35,.F.);
#1465=ADVANCED_FACE('',(#1327),#1397,.T.);
#1466=ADVANCED_FACE('',(#1328,#1329),#36,.F.);
#1467=ADVANCED_FACE('',(#1330,#1331),#1398,.T.);
#1468=ADVANCED_FACE('',(#1332,#1333),#37,.F.);
#1469=ADVANCED_FACE('',(#1334,#1335),#1399,.T.);
#1470=ADVANCED_FACE('',(#1336,#1337),#38,.F.);
#1471=ADVANCED_FACE('',(#1338,#1339),#1400,.T.);
#1472=ADVANCED_FACE('',(#1340,#1341),#39,.F.);
#1473=ADVANCED_FACE('',(#1342,#1343),#1401,.T.);
#1474=ADVANCED_FACE('',(#1344),#40,.T.);
#1475=ADVANCED_FACE('',(#1345),#1402,.F.);
#1476=ADVANCED_FACE('',(#1346),#1403,.T.);
#1477=ADVANCED_FACE('',(#1347),#1404,.T.);
#1478=ADVANCED_FACE('',(#1348),#1405,.T.);
#1479=ADVANCED_FACE('',(#1349),#41,.T.);
#1480=ADVANCED_FACE('',(#1350),#1406,.F.);
#1481=ADVANCED_FACE('',(#1351),#42,.T.);
#1482=ADVANCED_FACE('',(#1352),#1407,.T.);
#1483=ADVANCED_FACE('',(#1353),#1408,.F.);
#1484=ADVANCED_FACE('',(#1354),#43,.T.);
#1485=ADVANCED_FACE('',(#1355),#1409,.F.);
#1486=ADVANCED_FACE('',(#1356),#1410,.F.);
#1487=ADVANCED_FACE('',(#1357),#1411,.F.);
#1488=ADVANCED_FACE('',(#1358),#1412,.T.);
#1489=ADVANCED_FACE('',(#1359),#1413,.F.);
#1490=ADVANCED_FACE('',(#1360),#1414,.F.);
#1491=ADVANCED_FACE('',(#1361),#1415,.F.);
#1492=ADVANCED_FACE('',(#1362),#1416,.T.);
#1493=ADVANCED_FACE('',(#1363),#1417,.T.);
#1494=ADVANCED_FACE('',(#1364),#1418,.F.);
#1495=ADVANCED_FACE('',(#1365),#1419,.F.);
#1496=ADVANCED_FACE('',(#1366),#44,.T.);
#1497=ADVANCED_FACE('',(#1367),#1420,.T.);
#1498=ADVANCED_FACE('',(#1368),#1421,.F.);
#1499=ADVANCED_FACE('',(#1369),#1422,.T.);
#1500=ADVANCED_FACE('',(#1370),#1423,.T.);
#1501=ADVANCED_FACE('',(#1371),#1424,.F.);
#1502=ADVANCED_FACE('',(#1372),#1425,.F.);
#1503=ADVANCED_FACE('',(#1373),#1426,.F.);
#1504=ADVANCED_FACE('',(#1374),#1427,.T.);
#1505=ADVANCED_FACE('',(#1375),#1428,.F.);
#1506=ADVANCED_FACE('',(#1376),#1429,.F.);
#1507=ADVANCED_FACE('',(#1377),#45,.T.);
#1508=ADVANCED_FACE('',(#1378),#1430,.F.);
#1509=ADVANCED_FACE('',(#1379),#1431,.F.);
#1510=ADVANCED_FACE('',(#1380),#1432,.T.);
#1511=ADVANCED_FACE('',(#1381),#1433,.T.);
#1512=ADVANCED_FACE('',(#1382),#1434,.F.);
#1513=ADVANCED_FACE('',(#1383),#1435,.F.);
#1514=ADVANCED_FACE('',(#1384),#1436,.T.);
#1515=ADVANCED_FACE('',(#1385),#1437,.T.);
#1516=CLOSED_SHELL('',(#1438,#1439,#1440,#1441,#1442,#1443,#1444,#1445,
#1446,#1447,#1448,#1449,#1450,#1451,#1452,#1453,#1454,#1455,#1456,#1457,
#1458,#1459,#1460,#1461,#1462,#1463,#1464,#1465,#1466,#1467,#1468,#1469,
#1470,#1471,#1472,#1473,#1474,#1475,#1476,#1477,#1478,#1479,#1480,#1481,
#1482,#1483,#1484,#1485,#1486,#1487,#1488,#1489,#1490,#1491,#1492,#1493,
#1494,#1495,#1496,#1497,#1498,#1499,#1500,#1501,#1502,#1503,#1504,#1505,
#1506,#1507,#1508,#1509,#1510,#1511,#1512,#1513,#1514,#1515));
#1517=STYLED_ITEM('',(#1518),#1525);
#1518=PRESENTATION_STYLE_ASSIGNMENT((#1519));
#1519=SURFACE_STYLE_USAGE(.BOTH.,#1520);
#1520=SURFACE_SIDE_STYLE('',(#1521));
#1521=SURFACE_STYLE_FILL_AREA(#1522);
#1522=FILL_AREA_STYLE('',(#1523));
#1523=FILL_AREA_STYLE_COLOUR('',#1524);
#1524=COLOUR_RGB('',0.301960784313725,0.301960784313725,0.301960784313725);
#1525=MANIFOLD_SOLID_BREP('Back Plate',#1516);
#1526=SHAPE_DEFINITION_REPRESENTATION(#2670,#1527);
#1527=SHAPE_REPRESENTATION('Back Plate',(#1528),#2665);
#1528=AXIS2_PLACEMENT_3D('',#2037,#1647,#1648);
#1529=AXIS2_PLACEMENT_3D('',#2038,#1649,#1650);
#1530=AXIS2_PLACEMENT_3D('',#2060,#1661,#1662);
#1531=AXIS2_PLACEMENT_3D('',#2072,#1668,#1669);
#1532=AXIS2_PLACEMENT_3D('',#2096,#1681,#1682);
#1533=AXIS2_PLACEMENT_3D('',#2100,#1684,#1685);
#1534=AXIS2_PLACEMENT_3D('',#2101,#1686,#1687);
#1535=AXIS2_PLACEMENT_3D('',#2103,#1688,#1689);
#1536=AXIS2_PLACEMENT_3D('',#2113,#1694,#1695);
#1537=AXIS2_PLACEMENT_3D('',#2115,#1696,#1697);
#1538=AXIS2_PLACEMENT_3D('',#2117,#1698,#1699);
#1539=AXIS2_PLACEMENT_3D('',#2128,#1704,#1705);
#1540=AXIS2_PLACEMENT_3D('',#2139,#1711,#1712);
#1541=AXIS2_PLACEMENT_3D('',#2161,#1723,#1724);
#1542=AXIS2_PLACEMENT_3D('',#2186,#1737,#1738);
#1543=AXIS2_PLACEMENT_3D('',#2188,#1739,#1740);
#1544=AXIS2_PLACEMENT_3D('',#2198,#1745,#1746);
#1545=AXIS2_PLACEMENT_3D('',#2200,#1747,#1748);
#1546=AXIS2_PLACEMENT_3D('',#2205,#1750,#1751);
#1547=AXIS2_PLACEMENT_3D('',#2210,#1754,#1755);
#1548=AXIS2_PLACEMENT_3D('',#2215,#1757,#1758);
#1549=AXIS2_PLACEMENT_3D('',#2218,#1760,#1761);
#1550=AXIS2_PLACEMENT_3D('',#2224,#1764,#1765);
#1551=AXIS2_PLACEMENT_3D('',#2240,#1773,#1774);
#1552=AXIS2_PLACEMENT_3D('',#2241,#1775,#1776);
#1553=AXIS2_PLACEMENT_3D('',#2243,#1777,#1778);
#1554=AXIS2_PLACEMENT_3D('',#2244,#1779,#1780);
#1555=AXIS2_PLACEMENT_3D('',#2246,#1781,#1782);
#1556=AXIS2_PLACEMENT_3D('',#2247,#1783,#1784);
#1557=AXIS2_PLACEMENT_3D('',#2249,#1785,#1786);
#1558=AXIS2_PLACEMENT_3D('',#2250,#1787,#1788);
#1559=AXIS2_PLACEMENT_3D('',#2252,#1789,#1790);
#1560=AXIS2_PLACEMENT_3D('',#2256,#1792,#1793);
#1561=AXIS2_PLACEMENT_3D('',#2260,#1795,#1796);
#1562=AXIS2_PLACEMENT_3D('',#2261,#1797,#1798);
#1563=AXIS2_PLACEMENT_3D('',#2265,#1800,#1801);
#1564=AXIS2_PLACEMENT_3D('',#2269,#1803,#1804);
#1565=AXIS2_PLACEMENT_3D('',#2292,#1807,#1808);
#1566=AXIS2_PLACEMENT_3D('',#2293,#1809,#1810);
#1567=AXIS2_PLACEMENT_3D('',#2294,#1811,#1812);
#1568=AXIS2_PLACEMENT_3D('',#2295,#1813,#1814);
#1569=AXIS2_PLACEMENT_3D('',#2296,#1815,#1816);
#1570=AXIS2_PLACEMENT_3D('',#2300,#1818,#1819);
#1571=AXIS2_PLACEMENT_3D('',#2320,#1821,#1822);
#1572=AXIS2_PLACEMENT_3D('',#2323,#1825,#1826);
#1573=AXIS2_PLACEMENT_3D('',#2326,#1829,#1830);
#1574=AXIS2_PLACEMENT_3D('',#2327,#1831,#1832);
#1575=AXIS2_PLACEMENT_3D('',#2332,#1835,#1836);
#1576=AXIS2_PLACEMENT_3D('',#2336,#1839,#1840);
#1577=AXIS2_PLACEMENT_3D('',#2337,#1841,#1842);
#1578=AXIS2_PLACEMENT_3D('',#2340,#1844,#1845);
#1579=AXIS2_PLACEMENT_3D('',#2341,#1846,#1847);
#1580=AXIS2_PLACEMENT_3D('',#2424,#1851,#1852);
#1581=AXIS2_PLACEMENT_3D('',#2425,#1853,#1854);
#1582=AXIS2_PLACEMENT_3D('',#2426,#1855,#1856);
#1583=AXIS2_PLACEMENT_3D('',#2429,#1858,#1859);
#1584=AXIS2_PLACEMENT_3D('',#2433,#1862,#1863);
#1585=AXIS2_PLACEMENT_3D('',#2434,#1864,#1865);
#1586=AXIS2_PLACEMENT_3D('',#2437,#1867,#1868);
#1587=AXIS2_PLACEMENT_3D('',#2477,#1869,#1870);
#1588=AXIS2_PLACEMENT_3D('',#2478,#1871,#1872);
#1589=AXIS2_PLACEMENT_3D('',#2560,#1879,#1880);
#1590=AXIS2_PLACEMENT_3D('',#2561,#1881,#1882);
#1591=AXIS2_PLACEMENT_3D('',#2562,#1883,#1884);
#1592=AXIS2_PLACEMENT_3D('',#2563,#1885,#1886);
#1593=AXIS2_PLACEMENT_3D('',#2564,#1887,#1888);
#1594=AXIS2_PLACEMENT_3D('',#2565,#1889,#1890);
#1595=AXIS2_PLACEMENT_3D('',#2567,#1891,#1892);
#1596=AXIS2_PLACEMENT_3D('',#2568,#1893,#1894);
#1597=AXIS2_PLACEMENT_3D('',#2569,#1895,#1896);
#1598=AXIS2_PLACEMENT_3D('',#2571,#1897,#1898);
#1599=AXIS2_PLACEMENT_3D('',#2572,#1899,#1900);
#1600=AXIS2_PLACEMENT_3D('',#2573,#1901,#1902);
#1601=AXIS2_PLACEMENT_3D('',#2575,#1903,#1904);
#1602=AXIS2_PLACEMENT_3D('',#2576,#1905,#1906);
#1603=AXIS2_PLACEMENT_3D('',#2577,#1907,#1908);
#1604=AXIS2_PLACEMENT_3D('',#2579,#1909,#1910);
#1605=AXIS2_PLACEMENT_3D('',#2580,#1911,#1912);
#1606=AXIS2_PLACEMENT_3D('',#2583,#1915,#1916);
#1607=AXIS2_PLACEMENT_3D('',#2585,#1918,#1919);
#1608=AXIS2_PLACEMENT_3D('',#2587,#1921,#1922);
#1609=AXIS2_PLACEMENT_3D('',#2588,#1923,#1924);
#1610=AXIS2_PLACEMENT_3D('',#2591,#1927,#1928);
#1611=AXIS2_PLACEMENT_3D('',#2593,#1930,#1931);
#1612=AXIS2_PLACEMENT_3D('',#2595,#1933,#1934);
#1613=AXIS2_PLACEMENT_3D('',#2596,#1935,#1936);
#1614=AXIS2_PLACEMENT_3D('',#2599,#1939,#1940);
#1615=AXIS2_PLACEMENT_3D('',#2601,#1942,#1943);
#1616=AXIS2_PLACEMENT_3D('',#2602,#1944,#1945);
#1617=AXIS2_PLACEMENT_3D('',#2605,#1948,#1949);
#1618=AXIS2_PLACEMENT_3D('',#2607,#1951,#1952);
#1619=AXIS2_PLACEMENT_3D('',#2609,#1954,#1955);
#1620=AXIS2_PLACEMENT_3D('',#2610,#1956,#1957);
#1621=AXIS2_PLACEMENT_3D('',#2613,#1960,#1961);
#1622=AXIS2_PLACEMENT_3D('',#2615,#1963,#1964);
#1623=AXIS2_PLACEMENT_3D('',#2617,#1966,#1967);
#1624=AXIS2_PLACEMENT_3D('',#2618,#1968,#1969);
#1625=AXIS2_PLACEMENT_3D('',#2621,#1972,#1973);
#1626=AXIS2_PLACEMENT_3D('',#2623,#1975,#1976);
#1627=AXIS2_PLACEMENT_3D('',#2625,#1978,#1979);
#1628=AXIS2_PLACEMENT_3D('',#2626,#1980,#1981);
#1629=AXIS2_PLACEMENT_3D('',#2629,#1984,#1985);
#1630=AXIS2_PLACEMENT_3D('',#2631,#1987,#1988);
#1631=AXIS2_PLACEMENT_3D('',#2633,#1990,#1991);
#1632=AXIS2_PLACEMENT_3D('',#2634,#1992,#1993);
#1633=AXIS2_PLACEMENT_3D('',#2637,#1996,#1997);
#1634=AXIS2_PLACEMENT_3D('',#2639,#1999,#2000);
#1635=AXIS2_PLACEMENT_3D('',#2641,#2002,#2003);
#1636=AXIS2_PLACEMENT_3D('',#2642,#2004,#2005);
#1637=AXIS2_PLACEMENT_3D('',#2645,#2008,#2009);
#1638=AXIS2_PLACEMENT_3D('',#2647,#2011,#2012);
#1639=AXIS2_PLACEMENT_3D('',#2648,#2013,#2014);
#1640=AXIS2_PLACEMENT_3D('',#2651,#2017,#2018);
#1641=AXIS2_PLACEMENT_3D('',#2653,#2020,#2021);
#1642=AXIS2_PLACEMENT_3D('',#2655,#2023,#2024);
#1643=AXIS2_PLACEMENT_3D('',#2656,#2025,#2026);
#1644=AXIS2_PLACEMENT_3D('',#2659,#2029,#2030);
#1645=AXIS2_PLACEMENT_3D('',#2661,#2032,#2033);
#1646=AXIS2_PLACEMENT_3D('',#2663,#2035,#2036);
#1647=DIRECTION('',(0.,0.,1.));
#1648=DIRECTION('',(1.,0.,0.));
#1649=DIRECTION('',(0.,0.,1.));
#1650=DIRECTION('',(1.,0.,0.));
#1651=DIRECTION('',(-1.,0.,0.));
#1652=DIRECTION('',(0.707106781186547,-0.707106781186548,0.));
#1653=DIRECTION('',(0.,-1.,0.));
#1654=DIRECTION('',(0.707106781186547,-0.707106781186548,0.));
#1655=DIRECTION('',(-1.,0.,0.));
#1656=DIRECTION('',(0.707106781186547,-0.707106781186548,0.));
#1657=DIRECTION('',(-8.17756488897798E-16,-1.,0.));
#1658=DIRECTION('',(0.707106781186547,-0.707106781186548,0.));
#1659=DIRECTION('',(-1.,8.17756488897801E-16,0.));
#1660=DIRECTION('',(0.707106781186546,-0.707106781186549,0.));
#1661=DIRECTION('',(0.,0.,-1.));
#1662=DIRECTION('',(-1.,0.,0.));
#1663=DIRECTION('',(-1.,0.,0.));
#1664=DIRECTION('',(0.707106781186547,-0.707106781186548,0.));
#1665=DIRECTION('',(0.,-1.,0.));
#1666=DIRECTION('',(-0.707106781186547,0.707106781186548,0.));
#1667=DIRECTION('',(-0.707106781186548,0.707106781186548,0.));
#1668=DIRECTION('',(0.,0.,-1.));
#1669=DIRECTION('',(-1.,0.,0.));
#1670=DIRECTION('',(-0.707106781186547,0.707106781186549,0.));
#1671=DIRECTION('',(0.,-1.,0.));
#1672=DIRECTION('',(0.,-1.,0.));
#1673=DIRECTION('',(0.707106781186547,-0.707106781186548,0.));
#1674=DIRECTION('',(-1.,0.,0.));
#1675=DIRECTION('',(-0.707106781186547,0.707106781186548,0.));
#1676=DIRECTION('',(0.,-1.,0.));
#1677=DIRECTION('',(0.707106781186547,-0.707106781186548,0.));
#1678=DIRECTION('',(-1.,0.,0.));
#1679=DIRECTION('',(-0.707106781186547,0.707106781186548,0.));
#1680=DIRECTION('',(0.707106781186547,-0.707106781186548,0.));
#1681=DIRECTION('',(0.,0.,1.));
#1682=DIRECTION('',(-1.,0.,0.));
#1683=DIRECTION('',(0.707106781186547,-0.707106781186548,0.));
#1684=DIRECTION('',(0.,0.,1.));
#1685=DIRECTION('',(-1.,0.,0.));
#1686=DIRECTION('',(0.,0.,1.));
#1687=DIRECTION('',(-1.,0.,0.));
#1688=DIRECTION('',(0.,0.,-1.));
#1689=DIRECTION('',(-1.,0.,0.));
#1690=DIRECTION('',(-1.21245743559448E-16,-1.,0.));
#1691=DIRECTION('',(-1.,1.21245743559448E-16,0.));
#1692=DIRECTION('',(-1.21245743559448E-16,-1.,0.));
#1693=DIRECTION('',(-1.,1.21245743559448E-16,0.));
#1694=DIRECTION('',(0.,0.,-1.));
#1695=DIRECTION('',(-1.,0.,0.));
#1696=DIRECTION('',(0.,0.,1.));
#1697=DIRECTION('',(-1.,0.,0.));
#1698=DIRECTION('',(0.,0.,-1.));
#1699=DIRECTION('',(-1.,0.,0.));
#1700=DIRECTION('',(-0.707106781186538,0.707106781186557,0.));
#1701=DIRECTION('',(-1.,0.,0.));
#1702=DIRECTION('',(-0.707106781186547,0.707106781186548,0.));
#1703=DIRECTION('',(0.,-1.,0.));
#1704=DIRECTION('',(0.,0.,-1.));
#1705=DIRECTION('',(-1.,0.,0.));
#1706=DIRECTION('',(0.707106781186546,-0.707106781186549,0.));
#1707=DIRECTION('',(-0.707106781186547,0.707106781186548,0.));
#1708=DIRECTION('',(-1.,0.,0.));
#1709=DIRECTION('',(0.707106781186547,-0.707106781186548,0.));
#1710=DIRECTION('',(0.,-1.,0.));
#1711=DIRECTION('',(0.,0.,1.));
#1712=DIRECTION('',(1.,0.,0.));
#1713=DIRECTION('',(0.707106781186547,-0.707106781186548,0.));
#1714=DIRECTION('',(-1.,0.,0.));
#1715=DIRECTION('',(0.707106781186547,-0.707106781186548,0.));
#1716=DIRECTION('',(0.,-1.,0.));
#1717=DIRECTION('',(0.707106781186547,-0.707106781186548,0.));
#1718=DIRECTION('',(-1.,0.,0.));
#1719=DIRECTION('',(0.707106781186547,-0.707106781186548,0.));
#1720=DIRECTION('',(-8.17756488897798E-16,-1.,0.));
#1721=DIRECTION('',(0.707106781186546,-0.707106781186549,0.));
#1722=DIRECTION('',(-1.,8.17756488897801E-16,0.));
#1723=DIRECTION('',(0.,0.,-1.));
#1724=DIRECTION('',(-1.,0.,0.));
#1725=DIRECTION('',(0.707106781186547,-0.707106781186548,0.));
#1726=DIRECTION('',(-1.,0.,0.));
#1727=DIRECTION('',(-0.707106781186547,0.707106781186548,0.));
#1728=DIRECTION('',(0.,-1.,0.));
#1729=DIRECTION('',(0.707106781186547,-0.707106781186548,0.));
#1730=DIRECTION('',(0.,-1.,0.));
#1731=DIRECTION('',(-0.707106781186547,0.707106781186548,0.));
#1732=DIRECTION('',(-1.,0.,0.));
#1733=DIRECTION('',(0.707106781186547,-0.707106781186548,0.));
#1734=DIRECTION('',(0.,-1.,0.));
#1735=DIRECTION('',(-0.707106781186547,0.707106781186548,0.));
#1736=DIRECTION('',(-1.,0.,0.));
#1737=DIRECTION('',(0.,0.,1.));
#1738=DIRECTION('',(-1.,0.,0.));
#1739=DIRECTION('',(0.,0.,-1.));
#1740=DIRECTION('',(-1.,0.,0.));
#1741=DIRECTION('',(-1.21245743559448E-16,-1.,0.));
#1742=DIRECTION('',(-1.,1.21245743559448E-16,0.));
#1743=DIRECTION('',(-1.21245743559448E-16,-1.,0.));
#1744=DIRECTION('',(-1.,1.21245743559448E-16,0.));
#1745=DIRECTION('',(0.,0.,-1.));
#1746=DIRECTION('',(-1.,0.,0.));
#1747=DIRECTION('',(0.,0.,1.));
#1748=DIRECTION('',(-1.,0.,0.));
#1749=DIRECTION('',(-0.707106781186538,0.707106781186557,0.));
#1750=DIRECTION('',(0.,0.,-1.));
#1751=DIRECTION('',(-1.,0.,0.));
#1752=DIRECTION('',(-0.707106781186547,0.707106781186548,0.));
#1753=DIRECTION('',(-1.,0.,0.));
#1754=DIRECTION('',(0.,0.,1.));
#1755=DIRECTION('',(-1.,0.,0.));
#1756=DIRECTION('',(0.707106781186547,-0.707106781186548,0.));
#1757=DIRECTION('',(0.,0.,1.));
#1758=DIRECTION('',(-1.,0.,0.));
#1759=DIRECTION('',(0.707106781186547,-0.707106781186548,0.));
#1760=DIRECTION('',(0.,0.,-1.));
#1761=DIRECTION('',(-1.,0.,0.));
#1762=DIRECTION('',(0.,-1.,0.));
#1763=DIRECTION('',(0.707106781186546,-0.707106781186549,0.));
#1764=DIRECTION('',(0.,0.,-1.));
#1765=DIRECTION('',(-1.,0.,0.));
#1766=DIRECTION('',(-0.707106781186548,0.707106781186548,0.));
#1767=DIRECTION('',(0.,-1.,0.));
#1768=DIRECTION('',(-0.707106781186547,0.707106781186549,0.));
#1769=DIRECTION('',(-1.,0.,0.));
#1770=DIRECTION('',(-0.707106781186547,0.707106781186548,0.));
#1771=DIRECTION('',(0.,-1.,0.));
#1772=DIRECTION('',(0.707106781186547,-0.707106781186548,0.));
#1773=DIRECTION('',(0.,0.,-1.));
#1774=DIRECTION('',(-1.,0.,0.));
#1775=DIRECTION('',(0.,0.,-1.));
#1776=DIRECTION('',(-1.,0.,0.));
#1777=DIRECTION('',(0.,0.,-1.));
#1778=DIRECTION('',(-1.,0.,0.));
#1779=DIRECTION('',(0.,0.,1.));
#1780=DIRECTION('',(-1.,0.,0.));
#1781=DIRECTION('',(0.,0.,-1.));
#1782=DIRECTION('',(-1.,0.,0.));
#1783=DIRECTION('',(0.,0.,-1.));
#1784=DIRECTION('',(-1.,0.,0.));
#1785=DIRECTION('',(0.,0.,-1.));
#1786=DIRECTION('',(-1.,0.,0.));
#1787=DIRECTION('',(0.,0.,1.));
#1788=DIRECTION('',(-1.,0.,0.));
#1789=DIRECTION('',(0.,0.,-1.));
#1790=DIRECTION('',(-1.,0.,0.));
#1791=DIRECTION('',(3.15250595128618E-16,1.,0.));
#1792=DIRECTION('',(0.,0.,1.));
#1793=DIRECTION('',(1.,0.,0.));
#1794=DIRECTION('',(-1.21245743559448E-16,-1.,0.));
#1795=DIRECTION('',(0.,0.,1.));
#1796=DIRECTION('',(1.,0.,0.));
#1797=DIRECTION('',(0.,0.,-1.));
#1798=DIRECTION('',(1.,0.,0.));
#1799=DIRECTION('',(-3.15250595128618E-16,1.,0.));
#1800=DIRECTION('',(0.,0.,1.));
#1801=DIRECTION('',(1.,0.,0.));
#1802=DIRECTION('',(1.21245743559448E-16,-1.,0.));
#1803=DIRECTION('',(0.,0.,1.));
#1804=DIRECTION('',(1.,0.,0.));
#1805=DIRECTION('',(-1.21245743559448E-16,-1.,0.));
#1806=DIRECTION('',(-1.21245743559448E-16,-1.,0.));
#1807=DIRECTION('',(-1.21245743559448E-16,-1.,0.));
#1808=DIRECTION('',(1.,-1.21245743559448E-16,0.));
#1809=DIRECTION('',(1.21245743559448E-16,1.,0.));
#1810=DIRECTION('',(-1.,1.21245743559448E-16,0.));
#1811=DIRECTION('',(1.21245743559448E-16,1.,0.));
#1812=DIRECTION('',(-1.,1.21245743559448E-16,0.));
#1813=DIRECTION('',(-1.21245743559448E-16,-1.,0.));
#1814=DIRECTION('',(1.,-1.21245743559448E-16,0.));
#1815=DIRECTION('',(1.21245743559448E-16,1.,0.));
#1816=DIRECTION('',(-1.,1.21245743559448E-16,0.));
#1817=DIRECTION('',(-1.21245743559448E-16,-1.,0.));
#1818=DIRECTION('',(1.21245743559448E-16,1.,0.));
#1819=DIRECTION('',(-1.,1.21245743559448E-16,0.));
#1820=DIRECTION('',(-1.21245743559448E-16,-1.,0.));
#1821=DIRECTION('',(1.,-1.21245743559448E-16,0.));
#1822=DIRECTION('',(1.21245743559448E-16,1.,0.));
#1823=DIRECTION('',(0.,0.,1.));
#1824=DIRECTION('',(0.,0.,1.));
#1825=DIRECTION('',(1.,-1.21245743559448E-16,0.));
#1826=DIRECTION('',(1.21245743559448E-16,1.,0.));
#1827=DIRECTION('',(0.,0.,1.));
#1828=DIRECTION('',(0.,0.,1.));
#1829=DIRECTION('',(0.,0.,1.));
#1830=DIRECTION('',(1.,0.,0.));
#1831=DIRECTION('',(0.,0.,1.));
#1832=DIRECTION('',(1.,0.,0.));
#1833=DIRECTION('',(0.,0.,1.));
#1834=DIRECTION('',(0.,0.,1.));
#1835=DIRECTION('',(1.,-3.15250595128618E-16,0.));
#1836=DIRECTION('',(3.15250595128618E-16,1.,0.));
#1837=DIRECTION('',(3.15250595128618E-16,1.,0.));
#1838=DIRECTION('',(0.,0.,1.));
#1839=DIRECTION('',(0.,0.,1.));
#1840=DIRECTION('',(1.,0.,0.));
#1841=DIRECTION('',(0.,0.,1.));
#1842=DIRECTION('',(1.,0.,0.));
#1843=DIRECTION('',(0.,0.,1.));
#1844=DIRECTION('',(1.21245743559448E-16,1.,0.));
#1845=DIRECTION('',(-1.,1.21245743559448E-16,0.));
#1846=DIRECTION('',(1.21245743559448E-16,1.,0.));
#1847=DIRECTION('',(-1.,1.21245743559448E-16,0.));
#1848=DIRECTION('',(-1.,1.21245743559448E-16,0.));
#1849=DIRECTION('',(0.,0.,1.));
#1850=DIRECTION('',(-1.,1.21245743559448E-16,0.));
#1851=DIRECTION('',(1.21245743559448E-16,1.,0.));
#1852=DIRECTION('',(-1.,1.21245743559448E-16,0.));
#1853=DIRECTION('',(0.,0.,1.));
#1854=DIRECTION('',(-1.,0.,0.));
#1855=DIRECTION('',(0.,0.,1.));
#1856=DIRECTION('',(1.,0.,0.));
#1857=DIRECTION('',(0.,0.,-1.));
#1858=DIRECTION('',(-1.,-3.15250595128618E-16,0.));
#1859=DIRECTION('',(-3.15250595128618E-16,1.,0.));
#1860=DIRECTION('',(-3.15250595128618E-16,1.,0.));
#1861=DIRECTION('',(0.,0.,1.));
#1862=DIRECTION('',(0.,0.,1.));
#1863=DIRECTION('',(-1.,0.,0.));
#1864=DIRECTION('',(0.,0.,1.));
#1865=DIRECTION('',(1.,0.,0.));
#1866=DIRECTION('',(0.,0.,1.));
#1867=DIRECTION('',(1.21245743559448E-16,1.,0.));
#1868=DIRECTION('',(-1.,1.21245743559448E-16,0.));
#1869=DIRECTION('',(-1.21245743559448E-16,-1.,0.));
#1870=DIRECTION('',(1.,-1.21245743559448E-16,0.));
#1871=DIRECTION('',(-1.21245743559448E-16,-1.,0.));
#1872=DIRECTION('',(1.,-1.21245743559448E-16,0.));
#1873=DIRECTION('',(-1.,1.21245743559448E-16,0.));
#1874=DIRECTION('',(-1.,1.21245743559448E-16,0.));
#1875=DIRECTION('',(-1.21245743559448E-16,-1.,0.));
#1876=DIRECTION('',(-1.21245743559448E-16,-1.,0.));
#1877=DIRECTION('',(-1.21245743559448E-16,-1.,0.));
#1878=DIRECTION('',(-1.21245743559448E-16,-1.,0.));
#1879=DIRECTION('',(0.,0.,-1.));
#1880=DIRECTION('',(-1.,0.,0.));
#1881=DIRECTION('',(-1.21245743559448E-16,-1.,0.));
#1882=DIRECTION('',(1.,-1.21245743559448E-16,0.));
#1883=DIRECTION('',(-1.21245743559448E-16,-1.,0.));
#1884=DIRECTION('',(1.,-1.21245743559448E-16,0.));
#1885=DIRECTION('',(-2.73184799366422E-15,3.31224941283206E-31,1.));
#1886=DIRECTION('',(1.,0.,2.73184799366422E-15));
#1887=DIRECTION('',(0.,0.,-1.));
#1888=DIRECTION('',(-1.,0.,0.));
#1889=DIRECTION('',(0.,0.,1.));
#1890=DIRECTION('',(-1.,0.,0.));
#1891=DIRECTION('',(0.,0.,-1.));
#1892=DIRECTION('',(1.,0.,0.));
#1893=DIRECTION('',(0.,0.,-1.));
#1894=DIRECTION('',(-1.,0.,0.));
#1895=DIRECTION('',(0.,0.,-1.));
#1896=DIRECTION('',(-1.,0.,0.));
#1897=DIRECTION('',(0.,0.,-1.));
#1898=DIRECTION('',(1.,0.,0.));
#1899=DIRECTION('',(0.,0.,-1.));
#1900=DIRECTION('',(-1.,0.,0.));
#1901=DIRECTION('',(0.,0.,1.));
#1902=DIRECTION('',(-1.,0.,0.));
#1903=DIRECTION('',(0.,0.,-1.));
#1904=DIRECTION('',(1.,0.,0.));
#1905=DIRECTION('',(0.,0.,-1.));
#1906=DIRECTION('',(-1.,0.,0.));
#1907=DIRECTION('',(0.,0.,-1.));
#1908=DIRECTION('',(-1.,0.,0.));
#1909=DIRECTION('',(0.,0.,-1.));
#1910=DIRECTION('',(1.,0.,0.));
#1911=DIRECTION('',(0.,0.,-1.));
#1912=DIRECTION('',(-1.,0.,0.));
#1913=DIRECTION('',(0.,0.,-1.));
#1914=DIRECTION('',(0.,0.,-1.));
#1915=DIRECTION('',(-0.707106781186548,-0.707106781186547,0.));
#1916=DIRECTION('',(0.707106781186547,-0.707106781186548,0.));
#1917=DIRECTION('',(0.,0.,-1.));
#1918=DIRECTION('',(0.,-1.,0.));
#1919=DIRECTION('',(0.,0.,-1.));
#1920=DIRECTION('',(0.,0.,-1.));
#1921=DIRECTION('',(-0.707106781186557,-0.707106781186538,0.));
#1922=DIRECTION('',(0.707106781186538,-0.707106781186557,0.));
#1923=DIRECTION('',(0.707106781186548,0.707106781186547,0.));
#1924=DIRECTION('',(-0.707106781186547,0.707106781186548,0.));
#1925=DIRECTION('',(0.,0.,-1.));
#1926=DIRECTION('',(0.,0.,-1.));
#1927=DIRECTION('',(0.,0.,-1.));
#1928=DIRECTION('',(-1.,0.,0.));
#1929=DIRECTION('',(0.,0.,-1.));
#1930=DIRECTION('',(0.707106781186548,0.707106781186547,0.));
#1931=DIRECTION('',(-0.707106781186547,0.707106781186548,0.));
#1932=DIRECTION('',(0.,0.,-1.));
#1933=DIRECTION('',(0.,0.,-1.));
#1934=DIRECTION('',(-1.,0.,0.));
#1935=DIRECTION('',(1.,0.,0.));
#1936=DIRECTION('',(0.,0.,-1.));
#1937=DIRECTION('',(0.,0.,-1.));
#1938=DIRECTION('',(0.,0.,-1.));
#1939=DIRECTION('',(0.707106781186549,0.707106781186546,0.));
#1940=DIRECTION('',(-0.707106781186546,0.707106781186549,0.));
#1941=DIRECTION('',(0.,0.,-1.));
#1942=DIRECTION('',(0.,0.,-1.));
#1943=DIRECTION('',(-1.,0.,0.));
#1944=DIRECTION('',(0.707106781186548,0.707106781186547,0.));
#1945=DIRECTION('',(-0.707106781186547,0.707106781186548,0.));
#1946=DIRECTION('',(0.,0.,-1.));
#1947=DIRECTION('',(0.,0.,-1.));
#1948=DIRECTION('',(1.,0.,0.));
#1949=DIRECTION('',(0.,0.,-1.));
#1950=DIRECTION('',(0.,0.,-1.));
#1951=DIRECTION('',(-0.707106781186548,-0.707106781186547,0.));
#1952=DIRECTION('',(0.707106781186547,-0.707106781186548,0.));
#1953=DIRECTION('',(0.,0.,-1.));
#1954=DIRECTION('',(0.,-1.,0.));
#1955=DIRECTION('',(0.,0.,-1.));
#1956=DIRECTION('',(0.707106781186548,0.707106781186547,0.));
#1957=DIRECTION('',(-0.707106781186547,0.707106781186548,0.));
#1958=DIRECTION('',(0.,0.,-1.));
#1959=DIRECTION('',(0.,0.,-1.));
#1960=DIRECTION('',(1.,0.,0.));
#1961=DIRECTION('',(0.,0.,-1.));
#1962=DIRECTION('',(0.,0.,-1.));
#1963=DIRECTION('',(-0.707106781186548,-0.707106781186547,0.));
#1964=DIRECTION('',(0.707106781186547,-0.707106781186548,0.));
#1965=DIRECTION('',(0.,0.,-1.));
#1966=DIRECTION('',(0.,-1.,0.));
#1967=DIRECTION('',(0.,0.,-1.));
#1968=DIRECTION('',(-0.707106781186548,-0.707106781186548,0.));
#1969=DIRECTION('',(0.707106781186548,-0.707106781186548,0.));
#1970=DIRECTION('',(0.,0.,-1.));
#1971=DIRECTION('',(0.,0.,-1.));
#1972=DIRECTION('',(1.,0.,0.));
#1973=DIRECTION('',(0.,0.,-1.));
#1974=DIRECTION('',(0.,0.,-1.));
#1975=DIRECTION('',(-0.707106781186549,-0.707106781186547,0.));
#1976=DIRECTION('',(0.707106781186547,-0.707106781186549,0.));
#1977=DIRECTION('',(0.,0.,-1.));
#1978=DIRECTION('',(0.,0.,-1.));
#1979=DIRECTION('',(-1.,0.,0.));
#1980=DIRECTION('',(-0.707106781186548,-0.707106781186547,0.));
#1981=DIRECTION('',(0.707106781186547,-0.707106781186548,0.));
#1982=DIRECTION('',(0.,0.,-1.));
#1983=DIRECTION('',(0.,0.,-1.));
#1984=DIRECTION('',(1.,0.,0.));
#1985=DIRECTION('',(0.,0.,-1.));
#1986=DIRECTION('',(0.,0.,-1.));
#1987=DIRECTION('',(0.707106781186548,0.707106781186547,0.));
#1988=DIRECTION('',(-0.707106781186547,0.707106781186548,0.));
#1989=DIRECTION('',(0.,0.,-1.));
#1990=DIRECTION('',(0.,-1.,0.));
#1991=DIRECTION('',(0.,0.,-1.));
#1992=DIRECTION('',(0.707106781186548,0.707106781186547,0.));
#1993=DIRECTION('',(-0.707106781186547,0.707106781186548,0.));
#1994=DIRECTION('',(0.,0.,-1.));
#1995=DIRECTION('',(0.,0.,-1.));
#1996=DIRECTION('',(0.,-1.,0.));
#1997=DIRECTION('',(0.,0.,-1.));
#1998=DIRECTION('',(0.,0.,-1.));
#1999=DIRECTION('',(-0.707106781186548,-0.707106781186547,0.));
#2000=DIRECTION('',(0.707106781186547,-0.707106781186548,0.));
#2001=DIRECTION('',(0.,0.,-1.));
#2002=DIRECTION('',(1.,0.,0.));
#2003=DIRECTION('',(0.,0.,-1.));
#2004=DIRECTION('',(0.707106781186549,0.707106781186546,0.));
#2005=DIRECTION('',(-0.707106781186546,0.707106781186549,0.));
#2006=DIRECTION('',(0.,0.,-1.));
#2007=DIRECTION('',(0.,0.,-1.));
#2008=DIRECTION('',(-8.17756488897801E-16,-1.,0.));
#2009=DIRECTION('',(1.,-8.17756488897801E-16,0.));
#2010=DIRECTION('',(0.,0.,-1.));
#2011=DIRECTION('',(0.,0.,-1.));
#2012=DIRECTION('',(-1.,0.,0.));
#2013=DIRECTION('',(0.707106781186548,0.707106781186547,0.));
#2014=DIRECTION('',(-0.707106781186547,0.707106781186548,0.));
#2015=DIRECTION('',(0.,0.,-1.));
#2016=DIRECTION('',(0.,0.,-1.));
#2017=DIRECTION('',(0.,-1.,0.));
#2018=DIRECTION('',(0.,0.,-1.));
#2019=DIRECTION('',(0.,0.,-1.));
#2020=DIRECTION('',(0.707106781186548,0.707106781186547,0.));
#2021=DIRECTION('',(-0.707106781186547,0.707106781186548,0.));
#2022=DIRECTION('',(0.,0.,-1.));
#2023=DIRECTION('',(1.,-8.17756488897798E-16,0.));
#2024=DIRECTION('',(8.17756488897798E-16,1.,0.));
#2025=DIRECTION('',(0.707106781186548,0.707106781186547,0.));
#2026=DIRECTION('',(-0.707106781186547,0.707106781186548,0.));
#2027=DIRECTION('',(0.,0.,-1.));
#2028=DIRECTION('',(0.,0.,-1.));
#2029=DIRECTION('',(0.,-1.,0.));
#2030=DIRECTION('',(0.,0.,-1.));
#2031=DIRECTION('',(0.,0.,-1.));
#2032=DIRECTION('',(0.707106781186548,0.707106781186547,0.));
#2033=DIRECTION('',(-0.707106781186547,0.707106781186548,0.));
#2034=DIRECTION('',(0.,0.,-1.));
#2035=DIRECTION('',(1.,0.,0.));
#2036=DIRECTION('',(0.,0.,-1.));
#2037=CARTESIAN_POINT('',(0.,0.,0.));
#2038=CARTESIAN_POINT('',(-7.77803956501771E-19,0.060962,-0.0508));
#2039=CARTESIAN_POINT('',(0.00272435072388964,0.01578,-0.0508));
#2040=CARTESIAN_POINT('',(0.00484567106744928,0.01578,-0.0508));
#2041=CARTESIAN_POINT('',(0.000603030380329999,0.01578,-0.0508));
#2042=CARTESIAN_POINT('',(-0.00757716446627535,0.0282028355337247,-0.0508));
#2043=CARTESIAN_POINT('',(-0.02,0.0406256710674493,-0.0508));
#2044=CARTESIAN_POINT('',(-0.02,0.0385043507238896,-0.0508));
#2045=CARTESIAN_POINT('',(-0.02,0.03638303038033,-0.0508));
#2046=CARTESIAN_POINT('',(-0.00969848480983498,0.026081515190165,-0.0508));
#2047=CARTESIAN_POINT('',(0.0112096320981282,0.01578,-0.0508));
#2048=CARTESIAN_POINT('',(0.0133309524416879,0.01578,-0.0508));
#2049=CARTESIAN_POINT('',(0.00908831175456856,0.01578,-0.0508));
#2050=CARTESIAN_POINT('',(-0.00333452377915606,0.0324454762208439,-0.0508));
#2051=CARTESIAN_POINT('',(-0.02,0.0491109524416879,-0.0508));
#2052=CARTESIAN_POINT('',(-0.02,0.0469896320981283,-0.0508));
#2053=CARTESIAN_POINT('',(-0.02,0.0448683117545686,-0.0508));
#2054=CARTESIAN_POINT('',(-0.0054558441227157,0.0303241558772843,-0.0508));
#2055=CARTESIAN_POINT('',(-0.0142462120245875,0.01578,-0.0508));
#2056=CARTESIAN_POINT('',(-0.0121248916810278,0.01578,-0.0508));
#2057=CARTESIAN_POINT('',(-0.016776,0.01578,-0.0508));
#2058=CARTESIAN_POINT('',(-0.0130110875327006,0.0166661958516728,-0.0508));
#2059=CARTESIAN_POINT('',(-0.0138972833843734,0.0175523917033456,-0.0508));
#2060=CARTESIAN_POINT('',(-0.016776,0.019004,-0.0508));
#2061=CARTESIAN_POINT('',(-0.00576093065034892,0.01578,-0.0508));
#2062=CARTESIAN_POINT('',(-0.00363961030678927,0.01578,-0.0508));
#2063=CARTESIAN_POINT('',(-0.00788225099390856,0.01578,-0.0508));
#2064=CARTESIAN_POINT('',(-0.0118198051533946,0.0239601948466054,-0.0508));
#2065=CARTESIAN_POINT('',(-0.02,0.0321403896932108,-0.0508));
#2066=CARTESIAN_POINT('',(-0.02,0.0300190693496511,-0.0508));
#2067=CARTESIAN_POINT('',(-0.02,0.0278977490060914,-0.0508));
#2068=CARTESIAN_POINT('',(-0.0139411254969543,0.0218388745030458,-0.0508));
#2069=CARTESIAN_POINT('',(0.0199369852531173,0.0516003740597634,-0.0508));
#2070=CARTESIAN_POINT('',(0.02,0.0515373593128807,-0.0508));
#2071=CARTESIAN_POINT('',(0.0198739705062346,0.0516633888066461,-0.0508));
#2072=CARTESIAN_POINT('',(0.016776,0.052556,-0.0508));
#2073=CARTESIAN_POINT('',(0.0177968345273771,0.0494978840983843,-0.0508));
#2074=CARTESIAN_POINT('',(0.0188984172636886,0.0483963013620729,-0.0508));
#2075=CARTESIAN_POINT('',(0.02,0.0472947186257614,-0.0508));
#2076=CARTESIAN_POINT('',(0.02,0.0494160389693211,-0.0508));
#2077=CARTESIAN_POINT('',(0.02,0.0239601948466054,-0.0508));
#2078=CARTESIAN_POINT('',(0.02,0.0260815151901649,-0.0508));
#2079=CARTESIAN_POINT('',(0.02,0.0218388745030457,-0.0508));
#2080=CARTESIAN_POINT('',(0.00515075759508254,0.0409307575950825,-0.0508));
#2081=CARTESIAN_POINT('',(-0.00969848480983495,0.05578,-0.0508));
#2082=CARTESIAN_POINT('',(-0.0118198051533946,0.05578,-0.0508));
#2083=CARTESIAN_POINT('',(-0.0139411254969542,0.05578,-0.0508));
#2084=CARTESIAN_POINT('',(0.0030294372515229,0.0388094372515228,-0.0508));
#2085=CARTESIAN_POINT('',(0.02,0.0324454762208439,-0.0508));
#2086=CARTESIAN_POINT('',(0.02,0.0345667965644035,-0.0508));
#2087=CARTESIAN_POINT('',(0.02,0.0303241558772842,-0.0508));
#2088=CARTESIAN_POINT('',(0.00939339828220182,0.0451733982822018,-0.0508));
#2089=CARTESIAN_POINT('',(-0.00121320343559639,0.05578,-0.0508));
#2090=CARTESIAN_POINT('',(-0.00333452377915603,0.05578,-0.0508));
#2091=CARTESIAN_POINT('',(-0.00545584412271567,0.05578,-0.0508));
#2092=CARTESIAN_POINT('',(0.00727207793864218,0.0430520779386422,-0.0508));
#2093=CARTESIAN_POINT('',(-0.0012132034355964,0.0345667965644036,-0.0508));
#2094=CARTESIAN_POINT('',(-0.016059119130739,0.0494127122595462,-0.0508));
#2095=CARTESIAN_POINT('',(0.0136327122595461,0.019720880869261,-0.0508));
#2096=CARTESIAN_POINT('',(0.016776,0.019004,-0.0508));
#2097=CARTESIAN_POINT('',(0.0155930856596383,0.0220031481562882,-0.0508));
#2098=CARTESIAN_POINT('',(0.000908116907963245,0.0366881169079632,-0.0508));
#2099=CARTESIAN_POINT('',(-0.0137768518437118,0.0513730856596383,-0.0508));
#2100=CARTESIAN_POINT('',(-0.016776,0.052556,-0.0508));
#2101=CARTESIAN_POINT('',(0.016776,0.019004,-0.0508));
#2102=CARTESIAN_POINT('',(0.014026,0.019004,-0.0508));
#2103=CARTESIAN_POINT('',(-0.016776,0.019004,-0.0508));
#2104=CARTESIAN_POINT('',(-0.019526,0.019004,-0.0508));
#2105=CARTESIAN_POINT('',(0.0545850462359904,0.060962,-0.0508));
#2106=CARTESIAN_POINT('',(0.0545850462359904,0.06086,-0.0508));
#2107=CARTESIAN_POINT('',(0.0545850462359904,-0.0469828968081885,-0.0508));
#2108=CARTESIAN_POINT('',(-1.95742640659001E-17,-0.0469828968081885,-0.0508));
#2109=CARTESIAN_POINT('',(-0.0545850462359904,-0.0469828968081885,-0.0508));
#2110=CARTESIAN_POINT('',(-0.0545850462359904,0.060962,-0.0508));
#2111=CARTESIAN_POINT('',(-0.0545850462359904,0.06086,-0.0508));
#2112=CARTESIAN_POINT('',(-1.21245743559448E-20,0.06086,-0.0508));
#2113=CARTESIAN_POINT('',(0.016776,0.052556,-0.0508));
#2114=CARTESIAN_POINT('',(0.014026,0.052556,-0.0508));
#2115=CARTESIAN_POINT('',(-0.016776,0.052556,-0.0508));
#2116=CARTESIAN_POINT('',(-0.019526,0.052556,-0.0508));
#2117=CARTESIAN_POINT('',(0.016776,0.052556,-0.0508));
#2118=CARTESIAN_POINT('',(0.0137178840983843,0.0535768345273771,-0.0508));
#2119=CARTESIAN_POINT('',(0.0158833888066461,0.0556539705062346,-0.0508));
#2120=CARTESIAN_POINT('',(0.0158203740597634,0.0557169852531173,-0.0508));
#2121=CARTESIAN_POINT('',(0.0157573593128808,0.05578,-0.0508));
#2122=CARTESIAN_POINT('',(0.0136360389693211,0.05578,-0.0508));
#2123=CARTESIAN_POINT('',(0.0115147186257615,0.05578,-0.0508));
#2124=CARTESIAN_POINT('',(0.0126163013620729,0.0546784172636886,-0.0508));
#2125=CARTESIAN_POINT('',(-0.02,0.0215337879754125,-0.0508));
#2126=CARTESIAN_POINT('',(-0.02,0.0236551083189722,-0.0508));
#2127=CARTESIAN_POINT('',(-0.02,0.019004,-0.0508));
#2128=CARTESIAN_POINT('',(-0.016776,0.019004,-0.0508));
#2129=CARTESIAN_POINT('',(-0.0182276082966543,0.0218827166156265,-0.0508));
#2130=CARTESIAN_POINT('',(-0.0191138041483272,0.0227689124672994,-0.0508));
#2131=CARTESIAN_POINT('',(0.0136360389693211,0.0494160389693211,-0.0508));
#2132=CARTESIAN_POINT('',(0.02,0.0430520779386422,-0.0508));
#2133=CARTESIAN_POINT('',(0.00727207793864218,0.05578,-0.0508));
#2134=CARTESIAN_POINT('',(0.00515075759508254,0.05578,-0.0508));
#2135=CARTESIAN_POINT('',(0.0030294372515229,0.05578,-0.0508));
#2136=CARTESIAN_POINT('',(0.0115147186257615,0.0472947186257614,-0.0508));
#2137=CARTESIAN_POINT('',(0.02,0.0388094372515228,-0.0508));
#2138=CARTESIAN_POINT('',(0.02,0.0409307575950825,-0.0508));
#2139=CARTESIAN_POINT('',(-6.56558212942323E-19,0.060962,-0.04826));
#2140=CARTESIAN_POINT('',(-0.00757716446627535,0.0282028355337247,-0.04826));
#2141=CARTESIAN_POINT('',(-0.02,0.0406256710674493,-0.04826));
#2142=CARTESIAN_POINT('',(0.00484567106744928,0.01578,-0.04826));
#2143=CARTESIAN_POINT('',(0.00272435072388964,0.01578,-0.04826));
#2144=CARTESIAN_POINT('',(0.000603030380329999,0.01578,-0.04826));
#2145=CARTESIAN_POINT('',(-0.00969848480983498,0.026081515190165,-0.04826));
#2146=CARTESIAN_POINT('',(-0.02,0.03638303038033,-0.04826));
#2147=CARTESIAN_POINT('',(-0.02,0.0385043507238896,-0.04826));
#2148=CARTESIAN_POINT('',(-0.00333452377915606,0.0324454762208439,-0.04826));
#2149=CARTESIAN_POINT('',(-0.02,0.0491109524416879,-0.04826));
#2150=CARTESIAN_POINT('',(0.0133309524416879,0.01578,-0.04826));
#2151=CARTESIAN_POINT('',(0.0112096320981282,0.01578,-0.04826));
#2152=CARTESIAN_POINT('',(0.00908831175456856,0.01578,-0.04826));
#2153=CARTESIAN_POINT('',(-0.0054558441227157,0.0303241558772843,-0.04826));
#2154=CARTESIAN_POINT('',(-0.02,0.0448683117545686,-0.04826));
#2155=CARTESIAN_POINT('',(-0.02,0.0469896320981283,-0.04826));
#2156=CARTESIAN_POINT('',(-0.0130110875327006,0.0166661958516728,-0.04826));
#2157=CARTESIAN_POINT('',(-0.0138972833843734,0.0175523917033456,-0.04826));
#2158=CARTESIAN_POINT('',(-0.0121248916810278,0.01578,-0.04826));
#2159=CARTESIAN_POINT('',(-0.0142462120245875,0.01578,-0.04826));
#2160=CARTESIAN_POINT('',(-0.016776,0.01578,-0.04826));
#2161=CARTESIAN_POINT('',(-0.016776,0.019004,-0.04826));
#2162=CARTESIAN_POINT('',(-0.0118198051533946,0.0239601948466054,-0.04826));
#2163=CARTESIAN_POINT('',(-0.02,0.0321403896932108,-0.04826));
#2164=CARTESIAN_POINT('',(-0.00363961030678927,0.01578,-0.04826));
#2165=CARTESIAN_POINT('',(-0.00576093065034892,0.01578,-0.04826));
#2166=CARTESIAN_POINT('',(-0.00788225099390856,0.01578,-0.04826));
#2167=CARTESIAN_POINT('',(-0.0139411254969543,0.0218388745030458,-0.04826));
#2168=CARTESIAN_POINT('',(-0.02,0.0278977490060914,-0.04826));
#2169=CARTESIAN_POINT('',(-0.02,0.0300190693496511,-0.04826));
#2170=CARTESIAN_POINT('',(0.00515075759508254,0.0409307575950825,-0.04826));
#2171=CARTESIAN_POINT('',(-0.00969848480983495,0.05578,-0.04826));
#2172=CARTESIAN_POINT('',(0.02,0.0260815151901649,-0.04826));
#2173=CARTESIAN_POINT('',(0.02,0.0239601948466054,-0.04826));
#2174=CARTESIAN_POINT('',(0.02,0.0218388745030457,-0.04826));
#2175=CARTESIAN_POINT('',(0.0030294372515229,0.0388094372515228,-0.04826));
#2176=CARTESIAN_POINT('',(-0.0139411254969542,0.05578,-0.04826));
#2177=CARTESIAN_POINT('',(-0.0118198051533946,0.05578,-0.04826));
#2178=CARTESIAN_POINT('',(0.00939339828220182,0.0451733982822018,-0.04826));
#2179=CARTESIAN_POINT('',(-0.00121320343559639,0.05578,-0.04826));
#2180=CARTESIAN_POINT('',(0.02,0.0345667965644035,-0.04826));
#2181=CARTESIAN_POINT('',(0.02,0.0324454762208439,-0.04826));
#2182=CARTESIAN_POINT('',(0.02,0.0303241558772842,-0.04826));
#2183=CARTESIAN_POINT('',(0.00727207793864218,0.0430520779386422,-0.04826));
#2184=CARTESIAN_POINT('',(-0.00545584412271567,0.05578,-0.04826));
#2185=CARTESIAN_POINT('',(-0.00333452377915603,0.05578,-0.04826));
#2186=CARTESIAN_POINT('',(-0.016776,0.052556,-0.04826));
#2187=CARTESIAN_POINT('',(-0.018476,0.052556,-0.04826));
#2188=CARTESIAN_POINT('',(0.016776,0.052556,-0.04826));
#2189=CARTESIAN_POINT('',(0.015076,0.052556,-0.04826));
#2190=CARTESIAN_POINT('',(0.0545850462359904,0.060962,-0.04826));
#2191=CARTESIAN_POINT('',(0.0545850462359904,0.06086,-0.04826));
#2192=CARTESIAN_POINT('',(0.0545850462359904,-0.0469828968081885,-0.04826));
#2193=CARTESIAN_POINT('',(-1.21245743559448E-20,0.06086,-0.04826));
#2194=CARTESIAN_POINT('',(-0.0545850462359904,0.06086,-0.04826));
#2195=CARTESIAN_POINT('',(-0.0545850462359904,0.060962,-0.04826));
#2196=CARTESIAN_POINT('',(-0.0545850462359904,-0.0469828968081885,-0.04826));
#2197=CARTESIAN_POINT('',(-1.95742640659001E-17,-0.0469828968081885,-0.04826));
#2198=CARTESIAN_POINT('',(-0.016776,0.019004,-0.04826));
#2199=CARTESIAN_POINT('',(-0.018476,0.019004,-0.04826));
#2200=CARTESIAN_POINT('',(0.016776,0.019004,-0.04826));
#2201=CARTESIAN_POINT('',(0.015076,0.019004,-0.04826));
#2202=CARTESIAN_POINT('',(0.0158203740597634,0.0557169852531173,-0.04826));
#2203=CARTESIAN_POINT('',(0.0158833888066461,0.0556539705062346,-0.04826));
#2204=CARTESIAN_POINT('',(0.0157573593128808,0.05578,-0.04826));
#2205=CARTESIAN_POINT('',(0.016776,0.052556,-0.04826));
#2206=CARTESIAN_POINT('',(0.0137178840983843,0.0535768345273771,-0.04826));
#2207=CARTESIAN_POINT('',(0.0126163013620729,0.0546784172636886,-0.04826));
#2208=CARTESIAN_POINT('',(0.0115147186257615,0.05578,-0.04826));
#2209=CARTESIAN_POINT('',(0.0136360389693211,0.05578,-0.04826));
#2210=CARTESIAN_POINT('',(0.016776,0.019004,-0.04826));
#2211=CARTESIAN_POINT('',(0.0155930856596383,0.0220031481562882,-0.04826));
#2212=CARTESIAN_POINT('',(0.0136327122595461,0.019720880869261,-0.04826));
#2213=CARTESIAN_POINT('',(-0.0012132034355964,0.0345667965644036,-0.04826));
#2214=CARTESIAN_POINT('',(-0.016059119130739,0.0494127122595462,-0.04826));
#2215=CARTESIAN_POINT('',(-0.016776,0.052556,-0.04826));
#2216=CARTESIAN_POINT('',(-0.0137768518437118,0.0513730856596383,-0.04826));
#2217=CARTESIAN_POINT('',(0.000908116907963245,0.0366881169079632,-0.04826));
#2218=CARTESIAN_POINT('',(-0.016776,0.019004,-0.04826));
#2219=CARTESIAN_POINT('',(-0.02,0.019004,-0.04826));
#2220=CARTESIAN_POINT('',(-0.0182276082966543,0.0218827166156265,-0.04826));
#2221=CARTESIAN_POINT('',(-0.02,0.0215337879754125,-0.04826));
#2222=CARTESIAN_POINT('',(-0.02,0.0236551083189722,-0.04826));
#2223=CARTESIAN_POINT('',(-0.0191138041483272,0.0227689124672994,-0.04826));
#2224=CARTESIAN_POINT('',(0.016776,0.052556,-0.04826));
#2225=CARTESIAN_POINT('',(0.0198739705062346,0.0516633888066461,-0.04826));
#2226=CARTESIAN_POINT('',(0.0177968345273771,0.0494978840983843,-0.04826));
#2227=CARTESIAN_POINT('',(0.0199369852531173,0.0516003740597634,-0.04826));
#2228=CARTESIAN_POINT('',(0.02,0.0515373593128807,-0.04826));
#2229=CARTESIAN_POINT('',(0.02,0.0494160389693211,-0.04826));
#2230=CARTESIAN_POINT('',(0.02,0.0472947186257614,-0.04826));
#2231=CARTESIAN_POINT('',(0.0188984172636886,0.0483963013620729,-0.04826));
#2232=CARTESIAN_POINT('',(0.00515075759508254,0.05578,-0.04826));
#2233=CARTESIAN_POINT('',(0.00727207793864218,0.05578,-0.04826));
#2234=CARTESIAN_POINT('',(0.0030294372515229,0.05578,-0.04826));
#2235=CARTESIAN_POINT('',(0.0136360389693211,0.0494160389693211,-0.04826));
#2236=CARTESIAN_POINT('',(0.02,0.0430520779386422,-0.04826));
#2237=CARTESIAN_POINT('',(0.02,0.0409307575950825,-0.04826));
#2238=CARTESIAN_POINT('',(0.02,0.0388094372515228,-0.04826));
#2239=CARTESIAN_POINT('',(0.0115147186257615,0.0472947186257614,-0.04826));
#2240=CARTESIAN_POINT('',(0.016776,0.052556,-0.04826));
#2241=CARTESIAN_POINT('',(0.016776,0.052556,-0.04953));
#2242=CARTESIAN_POINT('',(0.015076,0.052556,-0.04953));
#2243=CARTESIAN_POINT('',(-0.016776,0.052556,-0.04826));
#2244=CARTESIAN_POINT('',(-0.016776,0.052556,-0.04953));
#2245=CARTESIAN_POINT('',(-0.018476,0.052556,-0.04953));
#2246=CARTESIAN_POINT('',(-0.016776,0.019004,-0.04826));
#2247=CARTESIAN_POINT('',(-0.016776,0.019004,-0.04953));
#2248=CARTESIAN_POINT('',(-0.018476,0.019004,-0.04953));
#2249=CARTESIAN_POINT('',(0.016776,0.019004,-0.04826));
#2250=CARTESIAN_POINT('',(0.016776,0.019004,-0.04953));
#2251=CARTESIAN_POINT('',(0.015076,0.019004,-0.04953));
#2252=CARTESIAN_POINT('',(-0.114458,0.00693855159590575,-0.0254002094847587));
#2253=CARTESIAN_POINT('',(-0.12436,0.00693855159590577,-0.0254002094847587));
#2254=CARTESIAN_POINT('',(-0.12436,0.05096,-0.0254002094847587));
#2255=CARTESIAN_POINT('',(-0.12436,-0.0370828968081885,-0.0254002094847587));
#2256=CARTESIAN_POINT('',(-0.11446,0.05096,-0.0254002094847587));
#2257=CARTESIAN_POINT('',(-0.11446,0.06086,-0.0254002094847587));
#2258=CARTESIAN_POINT('',(-0.11446,0.00693855159590575,-0.0254002094847587));
#2259=CARTESIAN_POINT('',(-0.11446,-0.0469828968081885,-0.0254002094847587));
#2260=CARTESIAN_POINT('',(-0.11446,-0.0370828968081885,-0.0254002094847587));
#2261=CARTESIAN_POINT('',(0.114458,0.00693855159590575,-0.0254002094847587));
#2262=CARTESIAN_POINT('',(0.12436,0.00693855159590577,-0.0254002094847587));
#2263=CARTESIAN_POINT('',(0.12436,0.05096,-0.0254002094847587));
#2264=CARTESIAN_POINT('',(0.12436,-0.0370828968081885,-0.0254002094847587));
#2265=CARTESIAN_POINT('',(0.11446,-0.0370828968081885,-0.0254002094847587));
#2266=CARTESIAN_POINT('',(0.11446,-0.0469828968081885,-0.0254002094847587));
#2267=CARTESIAN_POINT('',(0.11446,0.00693855159590575,-0.0254002094847587));
#2268=CARTESIAN_POINT('',(0.11446,0.06086,-0.0254002094847587));
#2269=CARTESIAN_POINT('',(0.11446,0.05096,-0.0254002094847587));
#2270=CARTESIAN_POINT('',(-0.114460000007883,0.06086,-0.0254287080565554));
#2271=CARTESIAN_POINT('',(-0.114460000007883,-0.0469828968081885,-0.0254287080565554));
#2272=CARTESIAN_POINT('',(-0.0847710346571386,0.06086,-0.0256444652001505));
#2273=CARTESIAN_POINT('',(-0.0847710346571386,-0.0469828968081885,-0.0256444652001505));
#2274=CARTESIAN_POINT('',(-0.0680545182388123,0.06086,-0.0274817582677275));
#2275=CARTESIAN_POINT('',(-0.0680545182388123,-0.0469828968081885,-0.0274817582677275));
#2276=CARTESIAN_POINT('',(-0.0643104507529035,0.06086,-0.0431273390346931));
#2277=CARTESIAN_POINT('',(-0.0643104507529035,-0.0469828968081885,-0.0431273390346931));
#2278=CARTESIAN_POINT('',(-0.127,0.06086,-0.0254));
#2279=CARTESIAN_POINT('',(-0.0846666666666667,0.06086,-0.0254));
#2280=CARTESIAN_POINT('',(-0.0635,0.06086,-0.0254));
#2281=CARTESIAN_POINT('',(-0.0635,0.06086,-0.0508));
#2282=CARTESIAN_POINT('',(-0.0643104507529031,0.06086,-0.0431273390346945));
#2283=CARTESIAN_POINT('',(-0.11446,0.06086,-0.0254287080566127));
#2284=CARTESIAN_POINT('',(-0.0643104507529031,0.060962,-0.0431273390346945));
#2285=CARTESIAN_POINT('',(-0.0643104507529032,-0.0469828968081885,-0.0431273390346945));
#2286=CARTESIAN_POINT('',(-0.127,-0.0469828968081885,-0.0254));
#2287=CARTESIAN_POINT('',(-0.0846666666666667,-0.0469828968081885,-0.0254));
#2288=CARTESIAN_POINT('',(-0.0635,-0.0469828968081885,-0.0254));
#2289=CARTESIAN_POINT('',(-0.0635,-0.0469828968081885,-0.0508));
#2290=CARTESIAN_POINT('',(-0.11446,-0.0469828968081885,-0.0254287080566127));
#2291=CARTESIAN_POINT('',(-0.11446,0.060962,-0.0254287080566127));
#2292=CARTESIAN_POINT('',(-0.0545850462359904,0.060962,-0.0408));
#2293=CARTESIAN_POINT('',(-0.0545850462359904,0.06086,-0.0408));
#2294=CARTESIAN_POINT('',(-0.0545850462359904,-0.0469828968081885,-0.0408));
#2295=CARTESIAN_POINT('',(0.0545850462359904,0.060962,-0.0408));
#2296=CARTESIAN_POINT('',(0.0545850462359904,0.06086,-0.0408));
#2297=CARTESIAN_POINT('',(0.0643104507529032,0.06086,-0.0431273390346945));
#2298=CARTESIAN_POINT('',(0.0643104507529032,0.060962,-0.0431273390346945));
#2299=CARTESIAN_POINT('',(0.0643104507529032,-0.0469828968081885,-0.0431273390346945));
#2300=CARTESIAN_POINT('',(0.0545850462359904,-0.0469828968081885,-0.0408));
#2301=CARTESIAN_POINT('',(0.114460000007883,0.06086,-0.0254287080565554));
#2302=CARTESIAN_POINT('',(0.114460000007883,-0.0469828968081885,-0.0254287080565554));
#2303=CARTESIAN_POINT('',(0.0847710346571386,0.06086,-0.0256444652001505));
#2304=CARTESIAN_POINT('',(0.0847710346571386,-0.0469828968081885,-0.0256444652001505));
#2305=CARTESIAN_POINT('',(0.0680545182388123,0.06086,-0.0274817582677276));
#2306=CARTESIAN_POINT('',(0.0680545182388123,-0.0469828968081885,-0.0274817582677276));
#2307=CARTESIAN_POINT('',(0.0643104507529035,0.06086,-0.0431273390346931));
#2308=CARTESIAN_POINT('',(0.0643104507529035,-0.0469828968081885,-0.0431273390346931));
#2309=CARTESIAN_POINT('',(0.127,0.06086,-0.0254));
#2310=CARTESIAN_POINT('',(0.0846666666666667,0.06086,-0.0254));
#2311=CARTESIAN_POINT('',(0.0635,0.06086,-0.0254));
#2312=CARTESIAN_POINT('',(0.0635,0.06086,-0.0508));
#2313=CARTESIAN_POINT('',(0.11446,0.06086,-0.0254287080566127));
#2314=CARTESIAN_POINT('',(0.11446,0.060962,-0.0254287080566127));
#2315=CARTESIAN_POINT('',(0.11446,-0.0469828968081885,-0.0254287080566127));
#2316=CARTESIAN_POINT('',(0.127,-0.0469828968081885,-0.0254));
#2317=CARTESIAN_POINT('',(0.0846666666666667,-0.0469828968081885,-0.0254));
#2318=CARTESIAN_POINT('',(0.0635,-0.0469828968081885,-0.0254));
#2319=CARTESIAN_POINT('',(0.0635,-0.0469828968081885,-0.0508));
#2320=CARTESIAN_POINT('',(0.11446,0.060962,-0.0508));
#2321=CARTESIAN_POINT('',(0.11446,-0.0469828968081885,-0.0154));
#2322=CARTESIAN_POINT('',(0.11446,0.06086,-0.0508));
#2323=CARTESIAN_POINT('',(-0.11446,0.060962,-0.0508));
#2324=CARTESIAN_POINT('',(-0.11446,0.06086,-0.0508));
#2325=CARTESIAN_POINT('',(-0.11446,-0.0469828968081885,-0.0154));
#2326=CARTESIAN_POINT('',(-0.11446,-0.0370828968081885,-0.0508));
#2327=CARTESIAN_POINT('',(-0.11446,-0.0370828968081885,-0.0229116002197382));
#2328=CARTESIAN_POINT('',(-0.11446,-0.0469828968081885,-0.0229116002197382));
#2329=CARTESIAN_POINT('',(-0.12436,-0.0370828968081885,-0.0229116002197383));
#2330=CARTESIAN_POINT('',(-0.12436,-0.0370828968081885,-0.00270010474237937));
#2331=CARTESIAN_POINT('',(-0.11446,-0.0469828968081885,-0.0154));
#2332=CARTESIAN_POINT('',(-0.12436,0.00693855159590577,-0.00270010474237937));
#2333=CARTESIAN_POINT('',(-0.12436,0.00693855159590577,-0.0229116002197383));
#2334=CARTESIAN_POINT('',(-0.12436,0.05096,-0.0229116002197383));
#2335=CARTESIAN_POINT('',(-0.12436,0.05096,-0.0508));
#2336=CARTESIAN_POINT('',(-0.11446,0.05096,-0.0508));
#2337=CARTESIAN_POINT('',(-0.11446,0.05096,-0.0229116002197383));
#2338=CARTESIAN_POINT('',(-0.11446,0.06086,-0.0229116002197383));
#2339=CARTESIAN_POINT('',(-0.11446,0.06086,-0.0508));
#2340=CARTESIAN_POINT('',(-1.21245743559448E-20,0.06086,-0.0508));
#2341=CARTESIAN_POINT('',(0.0545850462359904,0.06086,-0.0408));
#2342=CARTESIAN_POINT('',(0.0618401980056073,0.06086,-0.0425361949198821));
#2343=CARTESIAN_POINT('',(0.0618401980056073,0.06086,-0.0425361949198821));
#2344=CARTESIAN_POINT('',(0.0623452769856742,0.06086,-0.0404255882051075));
#2345=CARTESIAN_POINT('',(0.0634384941760518,0.06086,-0.0375532690710421));
#2346=CARTESIAN_POINT('',(0.0655632479157295,0.06086,-0.0342998539826275));
#2347=CARTESIAN_POINT('',(0.0675362097756409,0.06086,-0.0321032864548309));
#2348=CARTESIAN_POINT('',(0.069365828257648,0.06086,-0.0305862253811059));
#2349=CARTESIAN_POINT('',(0.0710087068377655,0.06086,-0.0294745021637319));
#2350=CARTESIAN_POINT('',(0.0723576125714489,0.06086,-0.0286865793665088));
#2351=CARTESIAN_POINT('',(0.0736603314410813,0.06086,-0.0280240110587791));
#2352=CARTESIAN_POINT('',(0.0750875168858818,0.06086,-0.027388224959148));
#2353=CARTESIAN_POINT('',(0.0765786944567994,0.06086,-0.0268098672099594));
#2354=CARTESIAN_POINT('',(0.0782051085108195,0.06086,-0.0262649255232327));
#2355=CARTESIAN_POINT('',(0.0797422560690512,0.06086,-0.0258188029085466));
#2356=CARTESIAN_POINT('',(0.0814186594167406,0.06086,-0.025393879100683));
#2357=CARTESIAN_POINT('',(0.0828861394237775,0.06086,-0.0250739255564973));
#2358=CARTESIAN_POINT('',(0.0840975148745673,0.06086,-0.0248377011351414));
#2359=CARTESIAN_POINT('',(0.0850587092928505,0.06086,-0.0246650504950403));
#2360=CARTESIAN_POINT('',(0.0859286389984895,0.06086,-0.0245206084078223));
#2361=CARTESIAN_POINT('',(0.0871644925187239,0.06086,-0.0243300198475893));
#2362=CARTESIAN_POINT('',(0.0887584546914947,0.06086,-0.0241121249012196));
#2363=CARTESIAN_POINT('',(0.0904514895530274,0.06086,-0.0239162346339865));
#2364=CARTESIAN_POINT('',(0.0918412970402304,0.06086,-0.0237751336323845));
#2365=CARTESIAN_POINT('',(0.0929524229501855,0.06086,-0.0236727927210845));
#2366=CARTESIAN_POINT('',(0.0939270130174347,0.06086,-0.0235910543667111));
#2367=CARTESIAN_POINT('',(0.0953264300285338,0.06086,-0.0234833922120534));
#2368=CARTESIAN_POINT('',(0.0971345672335217,0.06086,-0.0233632903707845));
#2369=CARTESIAN_POINT('',(0.0990495394340291,0.06086,-0.0232595318521736));
#2370=CARTESIAN_POINT('',(0.100451537596584,0.06086,-0.0231955765548466));
#2371=CARTESIAN_POINT('',(0.101255346097719,0.06086,-0.023162024992541));
#2372=CARTESIAN_POINT('',(0.101902713914969,0.06086,-0.0231367845377651));
#2373=CARTESIAN_POINT('',(0.102417427944151,0.06086,-0.0231179440170526));
#2374=CARTESIAN_POINT('',(0.103168497366467,0.06086,-0.0230919099015629));
#2375=CARTESIAN_POINT('',(0.104498039921362,0.06086,-0.0230500072238163));
#2376=CARTESIAN_POINT('',(0.106519655676288,0.06086,-0.0229975096711453));
#2377=CARTESIAN_POINT('',(0.10911642089887,0.06086,-0.0229472637150988));
#2378=CARTESIAN_POINT('',(0.110965991830498,0.06086,-0.022922090850574));
#2379=CARTESIAN_POINT('',(0.11192,0.06086,-0.0229116002197381));
#2380=CARTESIAN_POINT('',(0.11192,0.06086,-0.0229116002197381));
#2381=CARTESIAN_POINT('',(-1.21245743559448E-20,0.06086,-0.0229116002197381));
#2382=CARTESIAN_POINT('',(0.11446,0.06086,-0.0229116002197381));
#2383=CARTESIAN_POINT('',(0.11446,0.06086,-0.0508));
#2384=CARTESIAN_POINT('',(-1.21245743559448E-20,0.06086,-0.0229116002197382));
#2385=CARTESIAN_POINT('',(-0.11192,0.06086,-0.0229116002197382));
#2386=CARTESIAN_POINT('',(-0.0618401980056073,0.06086,-0.0425361949198821));
#2387=CARTESIAN_POINT('',(-0.062345278258034,0.06086,-0.040425582888214));
#2388=CARTESIAN_POINT('',(-0.0634384947675485,0.06086,-0.0375532667807906));
#2389=CARTESIAN_POINT('',(-0.0655632465057817,0.06086,-0.0342998595720113));
#2390=CARTESIAN_POINT('',(-0.0675362117467638,0.06086,-0.0321032844665437));
#2391=CARTESIAN_POINT('',(-0.0693658231907154,0.06086,-0.0305862270195289));
#2392=CARTESIAN_POINT('',(-0.0710087037531795,0.06086,-0.0294745029437995));
#2393=CARTESIAN_POINT('',(-0.0723576117648786,0.06086,-0.0286865798197614));
#2394=CARTESIAN_POINT('',(-0.0736603377519485,0.06086,-0.0280240084657009));
#2395=CARTESIAN_POINT('',(-0.0750875241105882,0.06086,-0.0273882220081664));
#2396=CARTESIAN_POINT('',(-0.07657870146258,0.06086,-0.0268098644469083));
#2397=CARTESIAN_POINT('',(-0.0782051049245955,0.06086,-0.0262649266563771));
#2398=CARTESIAN_POINT('',(-0.0797422634081662,0.06086,-0.02581880113902));
#2399=CARTESIAN_POINT('',(-0.0814186673278461,0.06086,-0.0253938773128765));
#2400=CARTESIAN_POINT('',(-0.0828861456797277,0.06086,-0.025073924100525));
#2401=CARTESIAN_POINT('',(-0.084097518872307,0.06086,-0.0248377002470686));
#2402=CARTESIAN_POINT('',(-0.0850587072579442,0.06086,-0.0246650508505473));
#2403=CARTESIAN_POINT('',(-0.0859286431403757,0.06086,-0.0245206078738671));
#2404=CARTESIAN_POINT('',(-0.0871644989748876,0.06086,-0.0243300190745666));
#2405=CARTESIAN_POINT('',(-0.0887584633490149,0.06086,-0.0241121238414729));
#2406=CARTESIAN_POINT('',(-0.090451496000936,0.06086,-0.0239162338365931));
#2407=CARTESIAN_POINT('',(-0.0918413011969759,0.06086,-0.0237751331422966));
#2408=CARTESIAN_POINT('',(-0.0929524208583187,0.06086,-0.0236727929084337));
#2409=CARTESIAN_POINT('',(-0.0939270172281574,0.06086,-0.0235910541074023));
#2410=CARTESIAN_POINT('',(-0.0953264366025627,0.06086,-0.023483391845016));
#2411=CARTESIAN_POINT('',(-0.0971345758746165,0.06086,-0.0233632898707026));
#2412=CARTESIAN_POINT('',(-0.0990495464304791,0.06086,-0.0232595314528066));
#2413=CARTESIAN_POINT('',(-0.100451541490209,0.06086,-0.0231955763289497));
#2414=CARTESIAN_POINT('',(-0.101255348234321,0.06086,-0.0231620248741208));
#2415=CARTESIAN_POINT('',(-0.101902713021813,0.06086,-0.0231367845729786));
#2416=CARTESIAN_POINT('',(-0.102417429380173,0.06086,-0.0231179439946188));
#2417=CARTESIAN_POINT('',(-0.103168499776479,0.06086,-0.0230919098788479));
#2418=CARTESIAN_POINT('',(-0.104498044386358,0.06086,-0.023050007171994));
#2419=CARTESIAN_POINT('',(-0.106519661048654,0.06086,-0.0229975096129988));
#2420=CARTESIAN_POINT('',(-0.109116425066973,0.06086,-0.0229472636689991));
#2421=CARTESIAN_POINT('',(-0.110965993493892,0.06086,-0.0229220908322827));
#2422=CARTESIAN_POINT('',(-0.11192,0.06086,-0.0229116002197381));
#2423=CARTESIAN_POINT('',(-0.0618401980056073,0.06086,-0.0425361949198821));
#2424=CARTESIAN_POINT('',(-0.0545850462359904,0.06086,-0.0408));
#2425=CARTESIAN_POINT('',(0.11446,0.05096,-0.0508));
#2426=CARTESIAN_POINT('',(0.11446,0.05096,-0.0229116002197381));
#2427=CARTESIAN_POINT('',(0.12436,0.05096,-0.0229116002197376));
#2428=CARTESIAN_POINT('',(0.12436,0.05096,-0.00270010474237937));
#2429=CARTESIAN_POINT('',(0.12436,0.00693855159590577,-0.00270010474237937));
#2430=CARTESIAN_POINT('',(0.12436,0.00693855159590577,-0.0229116002197376));
#2431=CARTESIAN_POINT('',(0.12436,-0.0370828968081885,-0.0229116002197383));
#2432=CARTESIAN_POINT('',(0.12436,-0.0370828968081885,-0.0508));
#2433=CARTESIAN_POINT('',(0.11446,-0.0370828968081885,-0.0508));
#2434=CARTESIAN_POINT('',(0.11446,-0.0370828968081885,-0.0229116002197383));
#2435=CARTESIAN_POINT('',(0.11446,-0.0469828968081885,-0.0229116002197383));
#2436=CARTESIAN_POINT('',(0.11446,-0.0469828968081885,-0.0508));
#2437=CARTESIAN_POINT('',(-1.95742640659001E-17,-0.0469828968081885,-0.0154));
#2438=CARTESIAN_POINT('',(0.11192,-0.0469828968081885,-0.0229116002197381));
#2439=CARTESIAN_POINT('',(0.110967864889086,-0.0469828968081885,-0.0229220702537208));
#2440=CARTESIAN_POINT('',(0.109121092065225,-0.0469828968081885,-0.0229472255138413));
#2441=CARTESIAN_POINT('',(0.106525656684139,-0.0469828968081885,-0.0229975167109948));
#2442=CARTESIAN_POINT('',(0.104502817926801,-0.0469828968081885,-0.0230501094714984));
#2443=CARTESIAN_POINT('',(0.10317108329593,-0.0469828968081885,-0.0230921132199269));
#2444=CARTESIAN_POINT('',(0.102418542595274,-0.0469828968081885,-0.023118208767214));
#2445=CARTESIAN_POINT('',(0.101902158671651,-0.0469828968081885,-0.0231371144665487));
#2446=CARTESIAN_POINT('',(0.101254426612373,-0.0469828968081885,-0.0231623684902296));
#2447=CARTESIAN_POINT('',(0.100449820705221,-0.0469828968081885,-0.02319594646196));
#2448=CARTESIAN_POINT('',(0.0990469280541677,-0.0469828968081885,-0.0232599200546336));
#2449=CARTESIAN_POINT('',(0.0971314045594187,-0.0469828968081885,-0.0233636530837539));
#2450=CARTESIAN_POINT('',(0.0953239910152428,-0.0469828968081885,-0.02348364277614));
#2451=CARTESIAN_POINT('',(0.0939256201021899,-0.0469828968081885,-0.0235911874185295));
#2452=CARTESIAN_POINT('',(0.0929527293512793,-0.0469828968081885,-0.0236727652066255));
#2453=CARTESIAN_POINT('',(0.0918414643510999,-0.0469828968081885,-0.0237751106384021));
#2454=CARTESIAN_POINT('',(0.0904520000691824,-0.0469828968081885,-0.023916173914545));
#2455=CARTESIAN_POINT('',(0.0887590250320614,-0.0469828968081885,-0.024112054438397));
#2456=CARTESIAN_POINT('',(0.0871649383321174,-0.0469828968081885,-0.0243299666631841));
#2457=CARTESIAN_POINT('',(0.0859289227743298,-0.0469828968081885,-0.0245205718507745));
#2458=CARTESIAN_POINT('',(0.0850585692448898,-0.0469828968081885,-0.0246650749723321));
#2459=CARTESIAN_POINT('',(0.0840977912905698,-0.0469828968081885,-0.0248376397830222));
#2460=CARTESIAN_POINT('',(0.082886572397298,-0.0469828968081885,-0.0250738249155594));
#2461=CARTESIAN_POINT('',(0.0814192067901443,-0.0469828968081885,-0.0253937555586421));
#2462=CARTESIAN_POINT('',(0.0797427637966128,-0.0469828968081885,-0.0258186805661859));
#2463=CARTESIAN_POINT('',(0.0782048607132097,-0.0469828968081885,-0.0262650040062853));
#2464=CARTESIAN_POINT('',(0.0765791779196769,-0.0469828968081885,-0.0268096756201096));
#2465=CARTESIAN_POINT('',(0.0750879999825097,-0.0469828968081885,-0.0273880285417847));
#2466=CARTESIAN_POINT('',(0.0736608077923965,-0.0469828968081885,-0.0280238092598021));
#2467=CARTESIAN_POINT('',(0.0723573932200883,-0.0469828968081885,-0.0286866986860699));
#2468=CARTESIAN_POINT('',(0.0710091078918926,-0.0469828968081885,-0.0294742266844642));
#2469=CARTESIAN_POINT('',(0.0693663288989167,-0.0469828968081885,-0.0305858502211354));
#2470=CARTESIAN_POINT('',(0.0675359007656912,-0.0469828968081885,-0.0321035974998885));
#2471=CARTESIAN_POINT('',(0.065563821384016,-0.0469828968081885,-0.0342991222033734));
#2472=CARTESIAN_POINT('',(0.0634381323929619,-0.0469828968081885,-0.0375537821115979));
#2473=CARTESIAN_POINT('',(0.062345365496264,-0.0469828968081885,-0.0404252183400913));
#2474=CARTESIAN_POINT('',(0.0618401980056073,-0.0469828968081885,-0.0425361949198821));
#2475=CARTESIAN_POINT('',(0.0618401980056073,-0.0469828968081885,-0.0425361949198821));
#2476=CARTESIAN_POINT('',(0.11192,-0.0469828968081885,-0.0229116002197381));
#2477=CARTESIAN_POINT('',(0.0545850462359904,-0.0469828968081885,-0.0408));
#2478=CARTESIAN_POINT('',(-0.0545850462359904,-0.0469828968081885,-0.0408));
#2479=CARTESIAN_POINT('',(-0.0618401980056073,-0.0469828968081885,-0.0425361949198821));
#2480=CARTESIAN_POINT('',(-0.0618401980056073,-0.0469828968081885,-0.0425361949198821));
#2481=CARTESIAN_POINT('',(-0.0623452774300423,-0.0469828968081885,-0.0404255863481975));
#2482=CARTESIAN_POINT('',(-0.0634384915843604,-0.0469828968081885,-0.0375532727692402));
#2483=CARTESIAN_POINT('',(-0.0655632520870922,-0.0469828968081885,-0.034299848437934));
#2484=CARTESIAN_POINT('',(-0.0675362060243674,-0.0469828968081885,-0.0321032902191693));
#2485=CARTESIAN_POINT('',(-0.0693658366605451,-0.0469828968081885,-0.0305862180812789));
#2486=CARTESIAN_POINT('',(-0.0710087139162291,-0.0469828968081885,-0.0294744965605193));
#2487=CARTESIAN_POINT('',(-0.0723576083659412,-0.0469828968081885,-0.0286865816699824));
#2488=CARTESIAN_POINT('',(-0.0736603411846486,-0.0469828968081885,-0.0280240074480971));
#2489=CARTESIAN_POINT('',(-0.0750875269967713,-0.0469828968081885,-0.0273882214951788));
#2490=CARTESIAN_POINT('',(-0.076578704109209,-0.0469828968081885,-0.02680986387222));
#2491=CARTESIAN_POINT('',(-0.0782051046699429,-0.0469828968081885,-0.0262649267349359));
#2492=CARTESIAN_POINT('',(-0.0797422617801481,-0.0469828968081885,-0.0258188013994731));
#2493=CARTESIAN_POINT('',(-0.0814186651653128,-0.0469828968081885,-0.0253938776736552));
#2494=CARTESIAN_POINT('',(-0.0828861439630331,-0.0469828968081885,-0.0250739243867368));
#2495=CARTESIAN_POINT('',(-0.0840975179302346,-0.0469828968081885,-0.0248377004003066));
#2496=CARTESIAN_POINT('',(-0.0850587073405384,-0.0469828968081885,-0.0246650508486313));
#2497=CARTESIAN_POINT('',(-0.0859286437520705,-0.0469828968081885,-0.0245206077282934));
#2498=CARTESIAN_POINT('',(-0.0871645040412083,-0.0469828968081885,-0.0243300184530669));
#2499=CARTESIAN_POINT('',(-0.088758442473817,-0.0469828968081885,-0.0241121255054283));
#2500=CARTESIAN_POINT('',(-0.0904515659069481,-0.0469828968081885,-0.0239162273962665));
#2501=CARTESIAN_POINT('',(-0.0918411850972262,-0.0469828968081885,-0.0237751434706113));
#2502=CARTESIAN_POINT('',(-0.0929528683347839,-0.0469828968081885,-0.0236727527566121));
#2503=CARTESIAN_POINT('',(-0.0939253434220462,-0.0469828968081885,-0.0235912043863739));
#2504=CARTESIAN_POINT('',(-0.0953235600341804,-0.0469828968081885,-0.0234836666702304));
#2505=CARTESIAN_POINT('',(-0.0971308376058264,-0.0469828968081885,-0.0233636857001183));
#2506=CARTESIAN_POINT('',(-0.099046469147619,-0.0469828968081885,-0.0232599460902945));
#2507=CARTESIAN_POINT('',(-0.100449565229418,-0.0469828968081885,-0.0231959611903078));
#2508=CARTESIAN_POINT('',(-0.101254286554063,-0.0469828968081885,-0.02316237621015));
#2509=CARTESIAN_POINT('',(-0.101902216878336,-0.0469828968081885,-0.0231371121734257));
#2510=CARTESIAN_POINT('',(-0.102418449826844,-0.0469828968081885,-0.0231182102197857));
#2511=CARTESIAN_POINT('',(-0.103170927963527,-0.0469828968081885,-0.0230921146815206));
#2512=CARTESIAN_POINT('',(-0.104502529911868,-0.0469828968081885,-0.0230501128159251));
#2513=CARTESIAN_POINT('',(-0.106525310239744,-0.0469828968081885,-0.0229975204600833));
#2514=CARTESIAN_POINT('',(-0.109120823255806,-0.0469828968081885,-0.0229472284870685));
#2515=CARTESIAN_POINT('',(-0.110967757615973,-0.0469828968081885,-0.0229220714333361));
#2516=CARTESIAN_POINT('',(-0.11192,-0.0469828968081885,-0.0229116002197381));
#2517=CARTESIAN_POINT('',(-0.11192,-0.0469828968081885,-0.0229116002197382));
#2518=CARTESIAN_POINT('',(-1.95742640659001E-17,-0.0469828968081885,-0.0229116002197382));
#2519=CARTESIAN_POINT('',(-1.95742640659001E-17,-0.0469828968081885,-0.0229116002197381));
#2520=CARTESIAN_POINT('',(-0.11192,0.06086,-0.0229116002197381));
#2521=CARTESIAN_POINT('',(-0.11192,-0.0469828968081884,-0.0229116002197381));
#2522=CARTESIAN_POINT('',(-0.104859702076308,0.06086,-0.0229892378977753));
#2523=CARTESIAN_POINT('',(-0.104859702076308,-0.0469828968081884,-0.0229892378977753));
#2524=CARTESIAN_POINT('',(-0.092218751344664,0.06086,-0.0233787100907659));
#2525=CARTESIAN_POINT('',(-0.092218751344664,-0.0469828968081884,-0.0233787100907659));
#2526=CARTESIAN_POINT('',(-0.0799721410887949,0.06086,-0.0253531322810359));
#2527=CARTESIAN_POINT('',(-0.0799721410887949,-0.0469828968081884,-0.0253531322810359));
#2528=CARTESIAN_POINT('',(-0.0721770880558006,0.06086,-0.0285328059817005));
#2529=CARTESIAN_POINT('',(-0.0721770880558006,-0.0469828968081884,-0.0285328059817005));
#2530=CARTESIAN_POINT('',(-0.0673677585108931,0.06086,-0.0319655560555418));
#2531=CARTESIAN_POINT('',(-0.0673677585108931,-0.0469828968081884,-0.0319655560555418));
#2532=CARTESIAN_POINT('',(-0.0637917168729694,0.06086,-0.0366007827644443));
#2533=CARTESIAN_POINT('',(-0.0637917168729694,-0.0469828968081884,-0.0366007827644443));
#2534=CARTESIAN_POINT('',(-0.0623419290060854,0.06086,-0.0404395786273581));
#2535=CARTESIAN_POINT('',(-0.0623419290060854,-0.0469828968081884,-0.0404395786273581));
#2536=CARTESIAN_POINT('',(-0.0618401980056073,0.06086,-0.0425361949198821));
#2537=CARTESIAN_POINT('',(-0.0618401980056073,-0.0469828968081884,-0.0425361949198821));
#2538=CARTESIAN_POINT('',(-0.0618401980056073,0.060962,-0.0425361949198821));
#2539=CARTESIAN_POINT('',(-0.11192,0.060962,-0.0229116002197381));
#2540=CARTESIAN_POINT('',(0.11192,0.06086,-0.0229116002197381));
#2541=CARTESIAN_POINT('',(0.11192,-0.0469828968081884,-0.0229116002197381));
#2542=CARTESIAN_POINT('',(0.104859702076308,0.06086,-0.0229892378977753));
#2543=CARTESIAN_POINT('',(0.104859702076308,-0.0469828968081884,-0.0229892378977753));
#2544=CARTESIAN_POINT('',(0.092218751344664,0.06086,-0.0233787100907659));
#2545=CARTESIAN_POINT('',(0.0922187513446639,-0.0469828968081884,-0.0233787100907659));
#2546=CARTESIAN_POINT('',(0.0799721410887948,0.06086,-0.0253531322810359));
#2547=CARTESIAN_POINT('',(0.0799721410887948,-0.0469828968081884,-0.0253531322810359));
#2548=CARTESIAN_POINT('',(0.0721770880558008,0.06086,-0.0285328059817005));
#2549=CARTESIAN_POINT('',(0.0721770880558008,-0.0469828968081884,-0.0285328059817005));
#2550=CARTESIAN_POINT('',(0.067367758510893,0.06086,-0.0319655560555418));
#2551=CARTESIAN_POINT('',(0.067367758510893,-0.0469828968081884,-0.0319655560555418));
#2552=CARTESIAN_POINT('',(0.0637917168729695,0.06086,-0.0366007827644443));
#2553=CARTESIAN_POINT('',(0.0637917168729695,-0.0469828968081884,-0.0366007827644443));
#2554=CARTESIAN_POINT('',(0.0623419290060854,0.06086,-0.0404395786273581));
#2555=CARTESIAN_POINT('',(0.0623419290060854,-0.0469828968081884,-0.0404395786273581));
#2556=CARTESIAN_POINT('',(0.0618401980056073,0.06086,-0.0425361949198821));
#2557=CARTESIAN_POINT('',(0.0618401980056073,-0.0469828968081884,-0.0425361949198821));
#2558=CARTESIAN_POINT('',(0.0618401980056073,0.060962,-0.0425361949198821));
#2559=CARTESIAN_POINT('',(0.11192,0.060962,-0.0229116002197381));
#2560=CARTESIAN_POINT('',(0.11319,0.060962,-0.0229116002197381));
#2561=CARTESIAN_POINT('',(-0.0545850462359904,0.060962,-0.0408));
#2562=CARTESIAN_POINT('',(0.0545850462359904,0.060962,-0.0408));
#2563=CARTESIAN_POINT('',(-0.11319,0.060962,-0.0229116002197382));
#2564=CARTESIAN_POINT('',(0.016776,0.019004,-0.04953));
#2565=CARTESIAN_POINT('',(0.016776,0.019004,-0.04953));
#2566=CARTESIAN_POINT('',(0.014026,0.019004,-0.04953));
#2567=CARTESIAN_POINT('',(6.93889390390723E-18,0.00693855159590575,-0.04953));
#2568=CARTESIAN_POINT('',(-0.016776,0.019004,-0.04953));
#2569=CARTESIAN_POINT('',(-0.016776,0.019004,-0.04953));
#2570=CARTESIAN_POINT('',(-0.019526,0.019004,-0.04953));
#2571=CARTESIAN_POINT('',(6.93889390390723E-18,0.00693855159590575,-0.04953));
#2572=CARTESIAN_POINT('',(-0.016776,0.052556,-0.04953));
#2573=CARTESIAN_POINT('',(-0.016776,0.052556,-0.04953));
#2574=CARTESIAN_POINT('',(-0.019526,0.052556,-0.04953));
#2575=CARTESIAN_POINT('',(6.93889390390723E-18,0.00693855159590575,-0.04953));
#2576=CARTESIAN_POINT('',(0.016776,0.052556,-0.04953));
#2577=CARTESIAN_POINT('',(0.016776,0.052556,-0.04953));
#2578=CARTESIAN_POINT('',(0.014026,0.052556,-0.04953));
#2579=CARTESIAN_POINT('',(6.93889390390723E-18,0.00693855159590575,-0.04953));
#2580=CARTESIAN_POINT('',(0.016776,0.052556,-0.04826));
#2581=CARTESIAN_POINT('',(0.0137178840983843,0.0535768345273771,-0.04826));
#2582=CARTESIAN_POINT('',(0.0158833888066461,0.0556539705062346,-0.04826));
#2583=CARTESIAN_POINT('',(0.0126163013620729,0.0546784172636886,-0.04826));
#2584=CARTESIAN_POINT('',(0.0115147186257615,0.05578,-0.04826));
#2585=CARTESIAN_POINT('',(0.0136360389693211,0.05578,-0.04826));
#2586=CARTESIAN_POINT('',(0.0157573593128808,0.05578,-0.04826));
#2587=CARTESIAN_POINT('',(0.0158203740597634,0.0557169852531173,-0.04826));
#2588=CARTESIAN_POINT('',(-0.0012132034355964,0.0345667965644036,-0.04826));
#2589=CARTESIAN_POINT('',(-0.016059119130739,0.0494127122595462,-0.04826));
#2590=CARTESIAN_POINT('',(0.0136327122595461,0.019720880869261,-0.04826));
#2591=CARTESIAN_POINT('',(-0.016776,0.052556,-0.04826));
#2592=CARTESIAN_POINT('',(-0.0137768518437118,0.0513730856596383,-0.04826));
#2593=CARTESIAN_POINT('',(0.000908116907963245,0.0366881169079632,-0.04826));
#2594=CARTESIAN_POINT('',(0.0155930856596383,0.0220031481562882,-0.04826));
#2595=CARTESIAN_POINT('',(0.016776,0.019004,-0.04826));
#2596=CARTESIAN_POINT('',(-0.02,0.0215337879754125,-0.04826));
#2597=CARTESIAN_POINT('',(-0.02,0.0236551083189722,-0.04826));
#2598=CARTESIAN_POINT('',(-0.02,0.019004,-0.04826));
#2599=CARTESIAN_POINT('',(-0.0191138041483272,0.0227689124672994,-0.04826));
#2600=CARTESIAN_POINT('',(-0.0182276082966543,0.0218827166156265,-0.04826));
#2601=CARTESIAN_POINT('',(-0.016776,0.019004,-0.04826));
#2602=CARTESIAN_POINT('',(0.00939339828220182,0.0451733982822018,-0.04826));
#2603=CARTESIAN_POINT('',(0.02,0.0345667965644035,-0.04826));
#2604=CARTESIAN_POINT('',(-0.00121320343559639,0.05578,-0.04826));
#2605=CARTESIAN_POINT('',(0.02,0.0324454762208439,-0.04826));
#2606=CARTESIAN_POINT('',(0.02,0.0303241558772842,-0.04826));
#2607=CARTESIAN_POINT('',(0.00727207793864218,0.0430520779386422,-0.04826));
#2608=CARTESIAN_POINT('',(-0.00545584412271567,0.05578,-0.04826));
#2609=CARTESIAN_POINT('',(-0.00333452377915603,0.05578,-0.04826));
#2610=CARTESIAN_POINT('',(0.00515075759508254,0.0409307575950825,-0.04826));
#2611=CARTESIAN_POINT('',(0.02,0.0260815151901649,-0.04826));
#2612=CARTESIAN_POINT('',(-0.00969848480983495,0.05578,-0.04826));
#2613=CARTESIAN_POINT('',(0.02,0.0239601948466054,-0.04826));
#2614=CARTESIAN_POINT('',(0.02,0.0218388745030457,-0.04826));
#2615=CARTESIAN_POINT('',(0.0030294372515229,0.0388094372515228,-0.04826));
#2616=CARTESIAN_POINT('',(-0.0139411254969542,0.05578,-0.04826));
#2617=CARTESIAN_POINT('',(-0.0118198051533946,0.05578,-0.04826));
#2618=CARTESIAN_POINT('',(0.0199369852531173,0.0516003740597634,-0.04826));
#2619=CARTESIAN_POINT('',(0.02,0.0515373593128807,-0.04826));
#2620=CARTESIAN_POINT('',(0.0198739705062346,0.0516633888066461,-0.04826));
#2621=CARTESIAN_POINT('',(0.02,0.0494160389693211,-0.04826));
#2622=CARTESIAN_POINT('',(0.02,0.0472947186257614,-0.04826));
#2623=CARTESIAN_POINT('',(0.0188984172636886,0.0483963013620729,-0.04826));
#2624=CARTESIAN_POINT('',(0.0177968345273771,0.0494978840983843,-0.04826));
#2625=CARTESIAN_POINT('',(0.016776,0.052556,-0.04826));
#2626=CARTESIAN_POINT('',(0.0136360389693211,0.0494160389693211,-0.04826));
#2627=CARTESIAN_POINT('',(0.02,0.0430520779386422,-0.04826));
#2628=CARTESIAN_POINT('',(0.00727207793864218,0.05578,-0.04826));
#2629=CARTESIAN_POINT('',(0.02,0.0409307575950825,-0.04826));
#2630=CARTESIAN_POINT('',(0.02,0.0388094372515228,-0.04826));
#2631=CARTESIAN_POINT('',(0.0115147186257615,0.0472947186257614,-0.04826));
#2632=CARTESIAN_POINT('',(0.0030294372515229,0.05578,-0.04826));
#2633=CARTESIAN_POINT('',(0.00515075759508254,0.05578,-0.04826));
#2634=CARTESIAN_POINT('',(-0.0118198051533946,0.0239601948466054,-0.04826));
#2635=CARTESIAN_POINT('',(-0.00363961030678927,0.01578,-0.04826));
#2636=CARTESIAN_POINT('',(-0.02,0.0321403896932108,-0.04826));
#2637=CARTESIAN_POINT('',(-0.00576093065034892,0.01578,-0.04826));
#2638=CARTESIAN_POINT('',(-0.00788225099390856,0.01578,-0.04826));
#2639=CARTESIAN_POINT('',(-0.0139411254969543,0.0218388745030458,-0.04826));
#2640=CARTESIAN_POINT('',(-0.02,0.0278977490060914,-0.04826));
#2641=CARTESIAN_POINT('',(-0.02,0.0300190693496511,-0.04826));
#2642=CARTESIAN_POINT('',(-0.0130110875327006,0.0166661958516728,-0.04826));
#2643=CARTESIAN_POINT('',(-0.0121248916810278,0.01578,-0.04826));
#2644=CARTESIAN_POINT('',(-0.0138972833843734,0.0175523917033456,-0.04826));
#2645=CARTESIAN_POINT('',(-0.0142462120245875,0.01578,-0.04826));
#2646=CARTESIAN_POINT('',(-0.016776,0.01578,-0.04826));
#2647=CARTESIAN_POINT('',(-0.016776,0.019004,-0.04826));
#2648=CARTESIAN_POINT('',(-0.00333452377915606,0.0324454762208439,-0.04826));
#2649=CARTESIAN_POINT('',(0.0133309524416879,0.01578,-0.04826));
#2650=CARTESIAN_POINT('',(-0.02,0.0491109524416879,-0.04826));
#2651=CARTESIAN_POINT('',(0.0112096320981282,0.01578,-0.04826));
#2652=CARTESIAN_POINT('',(0.00908831175456856,0.01578,-0.04826));
#2653=CARTESIAN_POINT('',(-0.0054558441227157,0.0303241558772843,-0.04826));
#2654=CARTESIAN_POINT('',(-0.02,0.0448683117545686,-0.04826));
#2655=CARTESIAN_POINT('',(-0.02,0.0469896320981283,-0.04826));
#2656=CARTESIAN_POINT('',(-0.00757716446627535,0.0282028355337247,-0.04826));
#2657=CARTESIAN_POINT('',(0.00484567106744928,0.01578,-0.04826));
#2658=CARTESIAN_POINT('',(-0.02,0.0406256710674493,-0.04826));
#2659=CARTESIAN_POINT('',(0.00272435072388964,0.01578,-0.04826));
#2660=CARTESIAN_POINT('',(0.000603030380329999,0.01578,-0.04826));
#2661=CARTESIAN_POINT('',(-0.00969848480983498,0.026081515190165,-0.04826));
#2662=CARTESIAN_POINT('',(-0.02,0.03638303038033,-0.04826));
#2663=CARTESIAN_POINT('',(-0.02,0.0385043507238896,-0.04826));
#2664=MECHANICAL_DESIGN_GEOMETRIC_PRESENTATION_REPRESENTATION('',(#1517),
#2665);
#2665=(
GEOMETRIC_REPRESENTATION_CONTEXT(3)
GLOBAL_UNCERTAINTY_ASSIGNED_CONTEXT((#2666))
GLOBAL_UNIT_ASSIGNED_CONTEXT((#2669,#2668,#2667))
REPRESENTATION_CONTEXT('Back Plate','TOP_LEVEL_ASSEMBLY_PART')
);
#2666=UNCERTAINTY_MEASURE_WITH_UNIT(LENGTH_MEASURE(2.E-5),#2669,
'DISTANCE_ACCURACY_VALUE','Maximum Tolerance applied to model');
#2667=(
NAMED_UNIT(*)
SI_UNIT($,.STERADIAN.)
SOLID_ANGLE_UNIT()
);
#2668=(
NAMED_UNIT(*)
PLANE_ANGLE_UNIT()
SI_UNIT($,.RADIAN.)
);
#2669=(
LENGTH_UNIT()
NAMED_UNIT(*)
SI_UNIT($,.METRE.)
);
#2670=PRODUCT_DEFINITION_SHAPE('','',#2671);
#2671=PRODUCT_DEFINITION('','',#2673,#2672);
#2672=PRODUCT_DEFINITION_CONTEXT('',#2679,'design');
#2673=PRODUCT_DEFINITION_FORMATION_WITH_SPECIFIED_SOURCE('','',#2675,
 .NOT_KNOWN.);
#2674=PRODUCT_RELATED_PRODUCT_CATEGORY('','',(#2675));
#2675=PRODUCT('Back Plate','Back Plate','Back Plate',(#2677));
#2676=PRODUCT_CATEGORY('','');
#2677=PRODUCT_CONTEXT('',#2679,'mechanical');
#2678=APPLICATION_PROTOCOL_DEFINITION('international standard',
'ap242_managed_model_based_3d_engineering',2011,#2679);
#2679=APPLICATION_CONTEXT('managed model based 3d engineering');
ENDSEC;
END-ISO-10303-21;
