ISO-10303-21;
HEADER;
/* Generated by software containing ST-Developer
 * from STEP Tools, Inc. (www.steptools.com) 
 */
/* OPTION: using custom renumber hook */

FILE_DESCRIPTION(
/* description */ ('STEP AP242',
'CAx-IF Rec.Pracs.---Representation and Presentation of Product Manufa
cturing Information (PMI)---4.0---2014-10-13',
'CAx-IF Rec.Pracs.---3D Tessellated Geometry---0.4---2014-09-14','2;1'),

/* implementation_level */ '2;1');

FILE_NAME(
/* name */ '68dff38c4ef02431c9894392',
/* time_stamp */ '2025-10-03T16:02:21Z',
/* author */ (''),
/* organization */ (''),
/* preprocessor_version */ 'ST-DEVELOPER v20',
/* originating_system */ 'ONSHAPE BY PTC INC, 1.204',
/* authorisation */ '  ');

FILE_SCHEMA (('AP242_MANAGED_MODEL_BASED_3D_ENGINEERING_MIM_LF { 1 0 10303 442 1 1 4 }'));
ENDSEC;

DATA;
#10=SHAPE_REPRESENTATION_RELATIONSHIP('','',#3027,#11);
#11=ADVANCED_BREP_SHAPE_REPRESENTATION('',(#3025),#6343);
#12=CONICAL_SURFACE('',#3128,0.00546,0.785398163397448);
#13=CONICAL_SURFACE('',#3130,0.00546,0.785398163397448);
#14=CONICAL_SURFACE('',#3142,0.00546,0.785398163397448);
#15=CONICAL_SURFACE('',#3144,0.00546,0.785398163397448);
#16=B_SPLINE_SURFACE_WITH_KNOTS('',3,1,((#4670,#4671),(#4672,#4673),(#4674,
#4675),(#4676,#4677)),.SURF_OF_LINEAR_EXTRUSION.,.F.,.F.,.F.,(4,4),(2,2),
(-3.72230031952809E-13,0.887026534165451),(0.,1.),
 .PIECEWISE_BEZIER_KNOTS.);
#17=B_SPLINE_SURFACE_WITH_KNOTS('',3,1,((#4680,#4681),(#4682,#4683),(#4684,
#4685),(#4686,#4687)),.SURF_OF_LINEAR_EXTRUSION.,.F.,.F.,.F.,(4,4),(2,2),
(-3.72230031952809E-13,0.887026534165451),(0.,1.),
 .PIECEWISE_BEZIER_KNOTS.);
#18=B_SPLINE_SURFACE_WITH_KNOTS('',3,1,((#4706,#4707),(#4708,#4709),(#4710,
#4711),(#4712,#4713),(#4714,#4715),(#4716,#4717),(#4718,#4719),(#4720,#4721),
(#4722,#4723)),.SURF_OF_LINEAR_EXTRUSION.,.F.,.F.,.F.,(4,1,1,1,1,1,4),(2,
2),(0.126524463183605,0.316649980928983,0.506775498674362,0.601838257547052,
0.696901016419741,0.79196377529243,0.88702653416512),(0.,1.),
 .UNSPECIFIED.);
#19=B_SPLINE_SURFACE_WITH_KNOTS('',3,1,((#4742,#4743),(#4744,#4745),(#4746,
#4747),(#4748,#4749),(#4750,#4751),(#4752,#4753),(#4754,#4755),(#4756,#4757),
(#4758,#4759)),.SURF_OF_LINEAR_EXTRUSION.,.F.,.F.,.F.,(4,1,1,1,1,1,4),(2,
2),(0.126524463183605,0.316649980928983,0.506775498674362,0.601838257547052,
0.696901016419741,0.79196377529243,0.88702653416512),(0.,1.),
 .UNSPECIFIED.);
#20=B_SPLINE_SURFACE_WITH_KNOTS('',1,3,((#4817,#4818,#4819,#4820,#4821,
#4822,#4823,#4824,#4825,#4826,#4827,#4828,#4829,#4830,#4831,#4832,#4833,
#4834,#4835,#4836,#4837,#4838,#4839,#4840,#4841,#4842,#4843,#4844,#4845,
#4846,#4847,#4848,#4849,#4850,#4851,#4852,#4853,#4854,#4855,#4856,#4857,
#4858,#4859,#4860,#4861,#4862,#4863,#4864,#4865,#4866,#4867,#4868,#4869,
#4870,#4871,#4872,#4873,#4874,#4875,#4876,#4877,#4878,#4879,#4880,#4881,
#4882,#4883,#4884,#4885,#4886,#4887,#4888,#4889,#4890,#4891,#4892,#4893,
#4894,#4895,#4896,#4897,#4898,#4899,#4900,#4901,#4902,#4903,#4904,#4905,
#4906,#4907,#4908,#4909,#4910,#4911,#4912,#4913,#4914,#4915,#4916,#4917,
#4918,#4919,#4920,#4921,#4922,#4923,#4924,#4925,#4926,#4927,#4928,#4929,
#4930,#4931,#4932,#4933,#4934,#4935,#4936,#4937,#4938,#4939,#4940,#4941,
#4942,#4943,#4944,#4945,#4946,#4947,#4948,#4949,#4950,#4951,#4952,#4953,
#4954,#4955,#4956,#4957,#4958,#4959,#4960,#4961,#4962,#4963,#4964,#4965,
#4966,#4967,#4968,#4969,#4970,#4971,#4972,#4973,#4974,#4975,#4976,#4977,
#4978,#4979,#4980,#4981,#4982,#4983,#4984,#4985,#4986,#4987,#4988,#4989,
#4990,#4991,#4992,#4993,#4994,#4995,#4996,#4997,#4998,#4999,#5000,#5001,
#5002,#5003,#5004,#5005,#5006),(#5007,#5008,#5009,#5010,#5011,#5012,#5013,
#5014,#5015,#5016,#5017,#5018,#5019,#5020,#5021,#5022,#5023,#5024,#5025,
#5026,#5027,#5028,#5029,#5030,#5031,#5032,#5033,#5034,#5035,#5036,#5037,
#5038,#5039,#5040,#5041,#5042,#5043,#5044,#5045,#5046,#5047,#5048,#5049,
#5050,#5051,#5052,#5053,#5054,#5055,#5056,#5057,#5058,#5059,#5060,#5061,
#5062,#5063,#5064,#5065,#5066,#5067,#5068,#5069,#5070,#5071,#5072,#5073,
#5074,#5075,#5076,#5077,#5078,#5079,#5080,#5081,#5082,#5083,#5084,#5085,
#5086,#5087,#5088,#5089,#5090,#5091,#5092,#5093,#5094,#5095,#5096,#5097,
#5098,#5099,#5100,#5101,#5102,#5103,#5104,#5105,#5106,#5107,#5108,#5109,
#5110,#5111,#5112,#5113,#5114,#5115,#5116,#5117,#5118,#5119,#5120,#5121,
#5122,#5123,#5124,#5125,#5126,#5127,#5128,#5129,#5130,#5131,#5132,#5133,
#5134,#5135,#5136,#5137,#5138,#5139,#5140,#5141,#5142,#5143,#5144,#5145,
#5146,#5147,#5148,#5149,#5150,#5151,#5152,#5153,#5154,#5155,#5156,#5157,
#5158,#5159,#5160,#5161,#5162,#5163,#5164,#5165,#5166,#5167,#5168,#5169,
#5170,#5171,#5172,#5173,#5174,#5175,#5176,#5177,#5178,#5179,#5180,#5181,
#5182,#5183,#5184,#5185,#5186,#5187,#5188,#5189,#5190,#5191,#5192,#5193,
#5194,#5195,#5196)),.RULED_SURF.,.F.,.F.,.F.,(2,2),(4,2,2,2,2,2,2,2,2,2,
2,2,2,2,2,2,2,2,2,2,2,2,2,2,2,2,2,2,2,2,2,2,2,2,2,2,2,2,2,2,2,2,2,2,2,2,
2,2,2,2,2,2,2,2,2,2,2,2,2,2,2,2,2,2,2,2,2,2,2,2,2,2,2,2,2,2,2,2,2,2,2,2,
2,2,2,2,2,2,2,2,2,2,2,2,4),(0.00495049504949761,0.830033003310321),(0.,
0.0625,0.09375,0.109375,0.1171875,0.125,0.1328125,0.140625,0.15625,0.1875,
0.21875,0.234375,0.2421875,0.24609375,0.248046875,0.25,0.251953125,0.25390625,
0.2578125,0.265625,0.28125,0.3125,0.34375,0.359375,0.3671875,0.37109375,
0.373046875,0.3740234375,0.375,0.3759765625,0.376953125,0.37890625,0.3828125,
0.390625,0.40625,0.4375,0.46875,0.484375,0.4921875,0.49609375,0.498046875,
0.4990234375,0.5,0.5009765625,0.501953125,0.50390625,0.5078125,0.515625,
0.53125,0.5625,0.59375,0.609375,0.6171875,0.62109375,0.623046875,0.6240234375,
0.625,0.6259765625,0.626953125,0.62890625,0.6328125,0.640625,0.65625,0.6875,
0.71875,0.734375,0.7421875,0.74609375,0.748046875,0.7490234375,0.75,0.7509765625,
0.751953125,0.75390625,0.7578125,0.765625,0.78125,0.8125,0.84375,0.859375,
0.8671875,0.87109375,0.873046875,0.8740234375,0.87451171875,0.875,0.87548828125,
0.8759765625,0.876953125,0.87890625,0.8828125,0.890625,0.90625,0.9375,1.),
 .UNSPECIFIED.);
#21=B_SPLINE_SURFACE_WITH_KNOTS('',1,3,((#5210,#5211,#5212,#5213,#5214,
#5215,#5216,#5217,#5218,#5219,#5220,#5221,#5222,#5223,#5224,#5225,#5226,
#5227,#5228,#5229,#5230,#5231,#5232,#5233,#5234,#5235,#5236,#5237,#5238,
#5239,#5240,#5241,#5242,#5243,#5244,#5245,#5246,#5247,#5248,#5249,#5250,
#5251,#5252,#5253,#5254,#5255,#5256,#5257,#5258,#5259,#5260,#5261,#5262,
#5263,#5264,#5265,#5266,#5267,#5268,#5269,#5270,#5271,#5272,#5273,#5274,
#5275,#5276,#5277,#5278,#5279,#5280,#5281,#5282,#5283,#5284,#5285,#5286,
#5287,#5288,#5289,#5290,#5291,#5292,#5293,#5294,#5295,#5296,#5297,#5298,
#5299,#5300,#5301,#5302,#5303,#5304,#5305,#5306,#5307,#5308,#5309,#5310,
#5311,#5312,#5313,#5314,#5315,#5316,#5317,#5318,#5319,#5320,#5321),(#5322,
#5323,#5324,#5325,#5326,#5327,#5328,#5329,#5330,#5331,#5332,#5333,#5334,
#5335,#5336,#5337,#5338,#5339,#5340,#5341,#5342,#5343,#5344,#5345,#5346,
#5347,#5348,#5349,#5350,#5351,#5352,#5353,#5354,#5355,#5356,#5357,#5358,
#5359,#5360,#5361,#5362,#5363,#5364,#5365,#5366,#5367,#5368,#5369,#5370,
#5371,#5372,#5373,#5374,#5375,#5376,#5377,#5378,#5379,#5380,#5381,#5382,
#5383,#5384,#5385,#5386,#5387,#5388,#5389,#5390,#5391,#5392,#5393,#5394,
#5395,#5396,#5397,#5398,#5399,#5400,#5401,#5402,#5403,#5404,#5405,#5406,
#5407,#5408,#5409,#5410,#5411,#5412,#5413,#5414,#5415,#5416,#5417,#5418,
#5419,#5420,#5421,#5422,#5423,#5424,#5425,#5426,#5427,#5428,#5429,#5430,
#5431,#5432,#5433)),.RULED_SURF.,.F.,.F.,.F.,(2,2),(4,2,2,2,2,2,2,2,2,2,
2,2,2,2,2,2,2,2,2,2,2,2,2,2,2,2,2,2,2,2,2,2,2,2,2,2,2,2,2,2,2,2,2,2,2,2,
2,2,2,2,2,2,2,2,2,4),(0.0729930747213339,0.804786948260719),(-0.00624158294005175,
0.00578125,0.0215625,0.053125,0.11625,0.124140625,0.1246337890625,0.125126953125,
0.12611328125,0.1280859375,0.13203125,0.1478125,0.179375,0.2425,0.2464453125,
0.24841796875,0.250390625,0.25828125,0.2740625,0.305625,0.36875,0.3726953125,
0.37466796875,0.376640625,0.38453125,0.4003125,0.431875,0.495,0.4989453125,
0.499931640625,0.50091796875,0.502890625,0.51078125,0.5265625,0.558125,
0.62125,0.62322265625,0.624208984375,0.6251953125,0.629140625,0.63703125,
0.6528125,0.684375,0.7475,0.74947265625,0.7514453125,0.755390625,0.76328125,
0.7790625,0.810625,0.87375,0.881640625,0.88953125,0.9053125,0.936875,1.),
 .UNSPECIFIED.);
#22=B_SPLINE_SURFACE_WITH_KNOTS('',3,1,((#5446,#5447),(#5448,#5449),(#5450,
#5451),(#5452,#5453),(#5454,#5455),(#5456,#5457),(#5458,#5459),(#5460,#5461),
(#5462,#5463)),.SURF_OF_LINEAR_EXTRUSION.,.F.,.F.,.F.,(4,1,1,1,1,1,4),(2,
2),(0.126524463183605,0.316649980928983,0.506775498674362,0.601838257547052,
0.696901016419741,0.79196377529243,0.88702653416512),(0.,1.),
 .UNSPECIFIED.);
#23=B_SPLINE_SURFACE_WITH_KNOTS('',3,1,((#5482,#5483),(#5484,#5485),(#5486,
#5487),(#5488,#5489),(#5490,#5491),(#5492,#5493),(#5494,#5495),(#5496,#5497),
(#5498,#5499)),.SURF_OF_LINEAR_EXTRUSION.,.F.,.F.,.F.,(4,1,1,1,1,1,4),(2,
2),(0.126524463183605,0.316649980928983,0.506775498674362,0.601838257547052,
0.696901016419741,0.79196377529243,0.88702653416512),(0.,1.),
 .UNSPECIFIED.);
#24=B_SPLINE_SURFACE_WITH_KNOTS('',1,3,((#5557,#5558,#5559,#5560,#5561,
#5562,#5563,#5564,#5565,#5566,#5567,#5568,#5569,#5570,#5571,#5572,#5573,
#5574,#5575,#5576,#5577,#5578,#5579,#5580,#5581,#5582,#5583,#5584,#5585,
#5586,#5587,#5588,#5589,#5590,#5591,#5592,#5593,#5594,#5595,#5596,#5597,
#5598,#5599,#5600,#5601,#5602,#5603,#5604,#5605,#5606,#5607,#5608,#5609,
#5610,#5611,#5612,#5613,#5614,#5615,#5616,#5617,#5618,#5619,#5620,#5621,
#5622,#5623,#5624,#5625,#5626,#5627,#5628,#5629,#5630,#5631,#5632,#5633,
#5634,#5635,#5636,#5637,#5638,#5639,#5640,#5641,#5642,#5643,#5644,#5645,
#5646,#5647,#5648,#5649,#5650,#5651,#5652,#5653,#5654,#5655,#5656,#5657,
#5658,#5659,#5660,#5661,#5662,#5663,#5664,#5665,#5666,#5667,#5668,#5669,
#5670,#5671,#5672,#5673,#5674,#5675,#5676,#5677,#5678,#5679,#5680,#5681,
#5682,#5683,#5684,#5685,#5686,#5687,#5688,#5689,#5690,#5691,#5692,#5693,
#5694,#5695,#5696,#5697,#5698,#5699,#5700,#5701,#5702,#5703,#5704,#5705,
#5706,#5707,#5708,#5709,#5710,#5711,#5712,#5713,#5714,#5715,#5716,#5717,
#5718,#5719,#5720,#5721,#5722,#5723,#5724,#5725,#5726,#5727,#5728,#5729,
#5730,#5731,#5732,#5733,#5734,#5735,#5736,#5737,#5738,#5739,#5740,#5741,
#5742,#5743,#5744,#5745,#5746),(#5747,#5748,#5749,#5750,#5751,#5752,#5753,
#5754,#5755,#5756,#5757,#5758,#5759,#5760,#5761,#5762,#5763,#5764,#5765,
#5766,#5767,#5768,#5769,#5770,#5771,#5772,#5773,#5774,#5775,#5776,#5777,
#5778,#5779,#5780,#5781,#5782,#5783,#5784,#5785,#5786,#5787,#5788,#5789,
#5790,#5791,#5792,#5793,#5794,#5795,#5796,#5797,#5798,#5799,#5800,#5801,
#5802,#5803,#5804,#5805,#5806,#5807,#5808,#5809,#5810,#5811,#5812,#5813,
#5814,#5815,#5816,#5817,#5818,#5819,#5820,#5821,#5822,#5823,#5824,#5825,
#5826,#5827,#5828,#5829,#5830,#5831,#5832,#5833,#5834,#5835,#5836,#5837,
#5838,#5839,#5840,#5841,#5842,#5843,#5844,#5845,#5846,#5847,#5848,#5849,
#5850,#5851,#5852,#5853,#5854,#5855,#5856,#5857,#5858,#5859,#5860,#5861,
#5862,#5863,#5864,#5865,#5866,#5867,#5868,#5869,#5870,#5871,#5872,#5873,
#5874,#5875,#5876,#5877,#5878,#5879,#5880,#5881,#5882,#5883,#5884,#5885,
#5886,#5887,#5888,#5889,#5890,#5891,#5892,#5893,#5894,#5895,#5896,#5897,
#5898,#5899,#5900,#5901,#5902,#5903,#5904,#5905,#5906,#5907,#5908,#5909,
#5910,#5911,#5912,#5913,#5914,#5915,#5916,#5917,#5918,#5919,#5920,#5921,
#5922,#5923,#5924,#5925,#5926,#5927,#5928,#5929,#5930,#5931,#5932,#5933,
#5934,#5935,#5936)),.RULED_SURF.,.F.,.F.,.F.,(2,2),(4,2,2,2,2,2,2,2,2,2,
2,2,2,2,2,2,2,2,2,2,2,2,2,2,2,2,2,2,2,2,2,2,2,2,2,2,2,2,2,2,2,2,2,2,2,2,
2,2,2,2,2,2,2,2,2,2,2,2,2,2,2,2,2,2,2,2,2,2,2,2,2,2,2,2,2,2,2,2,2,2,2,2,
2,2,2,2,2,2,2,2,2,2,2,2,4),(0.00495049443680575,0.830032900583477),(0.,
0.0625,0.09375,0.109375,0.1171875,0.125,0.1328125,0.140625,0.15625,0.1875,
0.21875,0.234375,0.2421875,0.24609375,0.248046875,0.25,0.251953125,0.25390625,
0.2578125,0.265625,0.28125,0.3125,0.34375,0.359375,0.3671875,0.37109375,
0.373046875,0.3740234375,0.375,0.3759765625,0.376953125,0.37890625,0.3828125,
0.390625,0.40625,0.4375,0.46875,0.484375,0.4921875,0.49609375,0.498046875,
0.4990234375,0.5,0.5009765625,0.501953125,0.50390625,0.5078125,0.515625,
0.53125,0.5625,0.59375,0.609375,0.6171875,0.62109375,0.623046875,0.6240234375,
0.625,0.6259765625,0.626953125,0.62890625,0.6328125,0.640625,0.65625,0.6875,
0.71875,0.734375,0.7421875,0.74609375,0.748046875,0.7490234375,0.75,0.7509765625,
0.751953125,0.75390625,0.7578125,0.765625,0.78125,0.8125,0.84375,0.859375,
0.8671875,0.87109375,0.873046875,0.8740234375,0.87451171875,0.875,0.87548828125,
0.8759765625,0.876953125,0.87890625,0.8828125,0.890625,0.90625,0.9375,1.),
 .UNSPECIFIED.);
#25=B_SPLINE_SURFACE_WITH_KNOTS('',1,3,((#5950,#5951,#5952,#5953,#5954,
#5955,#5956,#5957,#5958,#5959,#5960,#5961,#5962,#5963,#5964,#5965,#5966,
#5967,#5968,#5969,#5970,#5971,#5972,#5973,#5974,#5975,#5976,#5977,#5978,
#5979,#5980,#5981,#5982,#5983,#5984,#5985,#5986,#5987,#5988,#5989,#5990,
#5991,#5992,#5993,#5994,#5995,#5996,#5997,#5998,#5999,#6000,#6001,#6002,
#6003,#6004,#6005,#6006,#6007,#6008,#6009,#6010,#6011,#6012,#6013,#6014,
#6015,#6016,#6017,#6018,#6019,#6020,#6021,#6022,#6023,#6024,#6025,#6026,
#6027,#6028,#6029,#6030,#6031,#6032,#6033,#6034,#6035,#6036,#6037,#6038,
#6039,#6040,#6041,#6042,#6043,#6044,#6045,#6046,#6047,#6048,#6049,#6050,
#6051,#6052,#6053,#6054,#6055,#6056,#6057,#6058,#6059,#6060,#6061),(#6062,
#6063,#6064,#6065,#6066,#6067,#6068,#6069,#6070,#6071,#6072,#6073,#6074,
#6075,#6076,#6077,#6078,#6079,#6080,#6081,#6082,#6083,#6084,#6085,#6086,
#6087,#6088,#6089,#6090,#6091,#6092,#6093,#6094,#6095,#6096,#6097,#6098,
#6099,#6100,#6101,#6102,#6103,#6104,#6105,#6106,#6107,#6108,#6109,#6110,
#6111,#6112,#6113,#6114,#6115,#6116,#6117,#6118,#6119,#6120,#6121,#6122,
#6123,#6124,#6125,#6126,#6127,#6128,#6129,#6130,#6131,#6132,#6133,#6134,
#6135,#6136,#6137,#6138,#6139,#6140,#6141,#6142,#6143,#6144,#6145,#6146,
#6147,#6148,#6149,#6150,#6151,#6152,#6153,#6154,#6155,#6156,#6157,#6158,
#6159,#6160,#6161,#6162,#6163,#6164,#6165,#6166,#6167,#6168,#6169,#6170,
#6171,#6172,#6173)),.RULED_SURF.,.F.,.F.,.F.,(2,2),(4,2,2,2,2,2,2,2,2,2,
2,2,2,2,2,2,2,2,2,2,2,2,2,2,2,2,2,2,2,2,2,2,2,2,2,2,2,2,2,2,2,2,2,2,2,2,
2,2,2,2,2,2,2,2,2,4),(0.0729948275042882,0.804787317369156),(-0.00624158294004414,
0.00578125,0.0215625,0.053125,0.11625,0.124140625,0.1246337890625,0.125126953125,
0.12611328125,0.1280859375,0.13203125,0.1478125,0.179375,0.2425,0.2464453125,
0.24841796875,0.250390625,0.25828125,0.2740625,0.305625,0.36875,0.3726953125,
0.37466796875,0.376640625,0.38453125,0.4003125,0.431875,0.495,0.4989453125,
0.499931640625,0.50091796875,0.502890625,0.51078125,0.5265625,0.558125,
0.62125,0.62322265625,0.624208984375,0.6251953125,0.629140625,0.63703125,
0.6528125,0.684375,0.7475,0.74947265625,0.7514453125,0.755390625,0.76328125,
0.7790625,0.810625,0.87375,0.881640625,0.88953125,0.9053125,0.936875,1.),
 .UNSPECIFIED.);
#26=CYLINDRICAL_SURFACE('',#3053,0.00275);
#27=CYLINDRICAL_SURFACE('',#3056,0.0017);
#28=CYLINDRICAL_SURFACE('',#3059,0.00275);
#29=CYLINDRICAL_SURFACE('',#3062,0.0017);
#30=CYLINDRICAL_SURFACE('',#3065,0.00275000000000004);
#31=CYLINDRICAL_SURFACE('',#3068,0.0017);
#32=CYLINDRICAL_SURFACE('',#3071,0.00275000000000004);
#33=CYLINDRICAL_SURFACE('',#3074,0.0017);
#34=CYLINDRICAL_SURFACE('',#3086,0.01);
#35=CYLINDRICAL_SURFACE('',#3090,0.01);
#36=CYLINDRICAL_SURFACE('',#3096,0.01);
#37=CYLINDRICAL_SURFACE('',#3099,0.01);
#38=CYLINDRICAL_SURFACE('',#3103,0.01);
#39=CYLINDRICAL_SURFACE('',#3106,0.01);
#40=CYLINDRICAL_SURFACE('',#3108,0.01);
#41=CYLINDRICAL_SURFACE('',#3110,0.01);
#42=CYLINDRICAL_SURFACE('',#3113,0.01);
#43=CYLINDRICAL_SURFACE('',#3114,0.01);
#44=CYLINDRICAL_SURFACE('',#3115,0.01);
#45=CYLINDRICAL_SURFACE('',#3116,0.01);
#46=CYLINDRICAL_SURFACE('',#3118,0.00746);
#47=CYLINDRICAL_SURFACE('',#3121,0.00746);
#48=CYLINDRICAL_SURFACE('',#3132,0.00746);
#49=CYLINDRICAL_SURFACE('',#3135,0.00746);
#50=CYLINDRICAL_SURFACE('',#3160,0.002);
#51=CYLINDRICAL_SURFACE('',#3161,0.00355);
#52=CYLINDRICAL_SURFACE('',#3163,0.00355);
#53=B_SPLINE_CURVE_WITH_KNOTS('',3,(#4004,#4005,#4006,#4007),
 .UNSPECIFIED.,.F.,.F.,(4,4),(0.,1.),.PIECEWISE_BEZIER_KNOTS.);
#54=B_SPLINE_CURVE_WITH_KNOTS('',3,(#4023,#4024,#4025,#4026),
 .UNSPECIFIED.,.F.,.F.,(4,4),(0.,1.),.PIECEWISE_BEZIER_KNOTS.);
#55=B_SPLINE_CURVE_WITH_KNOTS('',3,(#4032,#4033,#4034,#4035,#4036,#4037,
#4038,#4039,#4040),.UNSPECIFIED.,.F.,.F.,(4,1,1,1,1,1,4),(0.126524463183605,
0.316649980928983,0.506775498674362,0.601838257547052,0.696901016419741,
0.79196377529243,0.88702653416512),.UNSPECIFIED.);
#56=B_SPLINE_CURVE_WITH_KNOTS('',3,(#4046,#4047,#4048,#4049,#4050,#4051,
#4052,#4053,#4054,#4055,#4056,#4057),.UNSPECIFIED.,.F.,.F.,(4,1,1,1,1,1,
1,1,1,4),(0.,0.00766429215351558,0.0114964382302734,0.0153285843070312,
0.019160730383789,0.0229928764605467,0.0306571686140623,0.0383214607675779,
0.0459857529210935,0.0613143372281247),.UNSPECIFIED.);
#57=B_SPLINE_CURVE_WITH_KNOTS('',3,(#4065,#4066,#4067,#4068,#4069,#4070,
#4071,#4072,#4073,#4074,#4075,#4076,#4077),.UNSPECIFIED.,.F.,.F.,(4,1,1,
1,1,1,1,1,1,1,4),(0.,0.00767422013946981,0.0115113302092047,0.0153484402789396,
0.0191855503486745,0.0230226604184094,0.0268597704881443,0.0306968805578792,
0.038371100697349,0.0460453208368188,0.0613937611157584),.UNSPECIFIED.);
#58=B_SPLINE_CURVE_WITH_KNOTS('',3,(#4081,#4082,#4083,#4084,#4085,#4086,
#4087,#4088,#4089),.UNSPECIFIED.,.F.,.F.,(4,1,1,1,1,1,4),(0.126524463183605,
0.316649980928983,0.506775498674362,0.601838257547052,0.696901016419741,
0.79196377529243,0.88702653416512),.UNSPECIFIED.);
#59=B_SPLINE_CURVE_WITH_KNOTS('',3,(#4225,#4226,#4227,#4228),
 .UNSPECIFIED.,.F.,.F.,(4,4),(0.,1.),.PIECEWISE_BEZIER_KNOTS.);
#60=B_SPLINE_CURVE_WITH_KNOTS('',3,(#4237,#4238,#4239,#4240),
 .UNSPECIFIED.,.F.,.F.,(4,4),(0.,1.),.PIECEWISE_BEZIER_KNOTS.);
#61=B_SPLINE_CURVE_WITH_KNOTS('',3,(#4462,#4463,#4464,#4465),
 .UNSPECIFIED.,.F.,.F.,(4,4),(0.,1.),.PIECEWISE_BEZIER_KNOTS.);
#62=B_SPLINE_CURVE_WITH_KNOTS('',3,(#4473,#4474,#4475,#4476),
 .UNSPECIFIED.,.F.,.F.,(4,4),(0.,1.),.PIECEWISE_BEZIER_KNOTS.);
#63=B_SPLINE_CURVE_WITH_KNOTS('',3,(#4485,#4486,#4487,#4488,#4489,#4490,
#4491,#4492,#4493,#4494,#4495,#4496,#4497),.UNSPECIFIED.,.F.,.F.,(4,1,1,
1,1,1,1,1,1,1,4),(0.,0.00767422000130613,0.0115113300019592,0.0153484400026123,
0.0191855500032653,0.0230226600039184,0.0268597700045715,0.0306968800052245,
0.0383711000065307,0.0460453200078368,0.061393760010449),.UNSPECIFIED.);
#64=B_SPLINE_CURVE_WITH_KNOTS('',3,(#4505,#4506,#4507,#4508,#4509,#4510,
#4511,#4512,#4513,#4514,#4515,#4516),.UNSPECIFIED.,.F.,.F.,(4,1,1,1,1,1,
1,1,1,4),(0.,0.00766429215381448,0.0114964382307217,0.015328584307629,0.0191607303845362,
0.0229928764614434,0.0306571686152579,0.0383214607690724,0.0459857529228869,
0.0613143372305159),.UNSPECIFIED.);
#65=B_SPLINE_CURVE_WITH_KNOTS('',3,(#4522,#4523,#4524,#4525,#4526,#4527,
#4528,#4529,#4530),.UNSPECIFIED.,.F.,.F.,(4,1,1,1,1,1,4),(0.126524463183605,
0.316649980928983,0.506775498674362,0.601838257547052,0.696901016419741,
0.79196377529243,0.88702653416512),.UNSPECIFIED.);
#66=B_SPLINE_CURVE_WITH_KNOTS('',3,(#4538,#4539,#4540,#4541,#4542,#4543,
#4544,#4545,#4546),.UNSPECIFIED.,.F.,.F.,(4,1,1,1,1,1,4),(0.126524463183605,
0.316649980928983,0.506775498674362,0.601838257547052,0.696901016419741,
0.79196377529243,0.88702653416512),.UNSPECIFIED.);
#67=B_SPLINE_CURVE_WITH_KNOTS('',3,(#4550,#4551,#4552,#4553,#4554,#4555,
#4556),.UNSPECIFIED.,.F.,.F.,(4,1,1,1,4),(0.,0.00390541314884279,0.00781082629768559,
0.0117162394465284,0.0156216525953712),.UNSPECIFIED.);
#68=B_SPLINE_CURVE_WITH_KNOTS('',3,(#4567,#4568,#4569,#4570,#4571,#4572,
#4573),.UNSPECIFIED.,.F.,.F.,(4,1,1,1,4),(0.,0.00390540279800932,0.00781080559601864,
0.011716208394028,0.0156216111920373),.UNSPECIFIED.);
#69=B_SPLINE_CURVE_WITH_KNOTS('',3,(#4590,#4591,#4592,#4593),
 .UNSPECIFIED.,.F.,.F.,(4,4),(0.,1.),.PIECEWISE_BEZIER_KNOTS.);
#70=B_SPLINE_CURVE_WITH_KNOTS('',3,(#4601,#4602,#4603,#4604),
 .UNSPECIFIED.,.F.,.F.,(4,4),(0.,1.),.PIECEWISE_BEZIER_KNOTS.);
#71=B_SPLINE_CURVE_WITH_KNOTS('',3,(#4609,#4610,#4611,#4612,#4613,#4614,
#4615),.UNSPECIFIED.,.F.,.F.,(4,1,1,1,4),(0.,0.00390541286338073,0.00781082572676145,
0.0117162385901422,0.0156216514535229),.UNSPECIFIED.);
#72=B_SPLINE_CURVE_WITH_KNOTS('',3,(#4618,#4619,#4620,#4621,#4622,#4623,
#4624),.UNSPECIFIED.,.F.,.F.,(4,1,1,1,4),(1.12957008997076E-16,0.0039054025679258,
0.00781080513585148,0.0117162077037772,0.0156216102717029),
 .UNSPECIFIED.);
#73=B_SPLINE_CURVE_WITH_KNOTS('',3,(#4635,#4636,#4637,#4638,#4639,#4640,
#4641),.UNSPECIFIED.,.F.,.F.,(4,1,1,1,4),(0.,0.00390541286338071,0.00781082572676141,
0.0117162385901421,0.0156216514535228),.UNSPECIFIED.);
#74=B_SPLINE_CURVE_WITH_KNOTS('',3,(#4643,#4644,#4645,#4646,#4647,#4648,
#4649),.UNSPECIFIED.,.F.,.F.,(4,1,1,1,4),(0.,0.00390540279800932,0.00781080559601864,
0.011716208394028,0.0156216111920373),.UNSPECIFIED.);
#75=B_SPLINE_CURVE_WITH_KNOTS('',3,(#4652,#4653,#4654,#4655,#4656,#4657,
#4658),.UNSPECIFIED.,.F.,.F.,(4,1,1,1,4),(0.,0.0039054025679257,0.0078108051358514,
0.0117162077037771,0.0156216102717028),.UNSPECIFIED.);
#76=B_SPLINE_CURVE_WITH_KNOTS('',3,(#4662,#4663,#4664,#4665,#4666,#4667,
#4668),.UNSPECIFIED.,.F.,.F.,(4,1,1,1,4),(0.,0.00390541314884279,0.00781082629768559,
0.0117162394465284,0.0156216525953712),.UNSPECIFIED.);
#77=B_SPLINE_CURVE_WITH_KNOTS('',3,(#4724,#4725,#4726,#4727,#4728,#4729,
#4730,#4731,#4732),.UNSPECIFIED.,.F.,.F.,(4,1,1,1,1,1,4),(0.126524463183605,
0.316649980928983,0.506775498674362,0.601838257547052,0.696901016419741,
0.79196377529243,0.88702653416512),.UNSPECIFIED.);
#78=B_SPLINE_CURVE_WITH_KNOTS('',3,(#4734,#4735,#4736,#4737),
 .UNSPECIFIED.,.F.,.F.,(4,4),(3.46944695195361E-18,0.00141425765682372),
 .UNSPECIFIED.);
#79=B_SPLINE_CURVE_WITH_KNOTS('',3,(#4760,#4761,#4762,#4763,#4764,#4765,
#4766,#4767,#4768),.UNSPECIFIED.,.F.,.F.,(4,1,1,1,1,1,4),(0.126524463183605,
0.316649980928983,0.506775498674362,0.601838257547052,0.696901016419741,
0.79196377529243,0.88702653416512),.UNSPECIFIED.);
#80=B_SPLINE_CURVE_WITH_KNOTS('',3,(#4778,#4779,#4780,#4781,#4782,#4783,
#4784,#4785,#4786,#4787,#4788,#4789,#4790),.UNSPECIFIED.,.F.,.F.,(4,1,1,
1,1,1,1,1,1,1,4),(0.,0.00749731207438528,0.0112459681115779,0.0149946241487706,
0.0187432801859632,0.0224919362231558,0.0262405922603485,0.0299892482975411,
0.0374865603719264,0.0449838724463117,0.0599784965950822),.UNSPECIFIED.);
#81=B_SPLINE_CURVE_WITH_KNOTS('',3,(#4798,#4799,#4800,#4801,#4802,#4803,
#4804,#4805,#4806,#4807,#4808,#4809),.UNSPECIFIED.,.F.,.F.,(4,1,1,1,1,1,
1,1,1,4),(0.,0.00749733626689145,0.0112460044003372,0.0149946725337829,
0.0187433406672286,0.0224920088006744,0.0299893450675658,0.0374866813344573,
0.0449840176013487,0.0599786901351316),.UNSPECIFIED.);
#82=B_SPLINE_CURVE_WITH_KNOTS('',3,(#4813,#4814,#4815,#4816),
 .UNSPECIFIED.,.F.,.F.,(4,4),(0.,0.00141421356238425),.UNSPECIFIED.);
#83=B_SPLINE_CURVE_WITH_KNOTS('',3,(#5197,#5198,#5199,#5200),
 .UNSPECIFIED.,.F.,.F.,(4,4),(-1.12757025938492E-17,0.001),
 .UNSPECIFIED.);
#84=B_SPLINE_CURVE_WITH_KNOTS('',3,(#5206,#5207,#5208,#5209),
 .UNSPECIFIED.,.F.,.F.,(4,4),(3.12250225675825E-17,0.00100000000000001),
 .UNSPECIFIED.);
#85=B_SPLINE_CURVE_WITH_KNOTS('',3,(#5464,#5465,#5466,#5467,#5468,#5469,
#5470,#5471,#5472),.UNSPECIFIED.,.F.,.F.,(4,1,1,1,1,1,4),(0.126524463183605,
0.316649980928983,0.506775498674362,0.601838257547052,0.696901016419741,
0.79196377529243,0.88702653416512),.UNSPECIFIED.);
#86=B_SPLINE_CURVE_WITH_KNOTS('',3,(#5474,#5475,#5476,#5477),
 .UNSPECIFIED.,.F.,.F.,(4,4),(0.000424449622530547,0.00183870727935444),
 .UNSPECIFIED.);
#87=B_SPLINE_CURVE_WITH_KNOTS('',3,(#5502,#5503,#5504,#5505,#5506,#5507,
#5508,#5509,#5510),.UNSPECIFIED.,.F.,.F.,(4,1,1,1,1,1,4),(0.126524463183605,
0.316649980928983,0.506775498674362,0.601838257547052,0.696901016419741,
0.79196377529243,0.88702653416512),.UNSPECIFIED.);
#88=B_SPLINE_CURVE_WITH_KNOTS('',3,(#5518,#5519,#5520,#5521,#5522,#5523,
#5524,#5525,#5526,#5527,#5528,#5529,#5530),.UNSPECIFIED.,.F.,.F.,(4,1,1,
1,1,1,1,1,1,1,4),(0.,0.0074973120363003,0.0112459680544504,0.0149946240726006,
0.0187432800907507,0.0224919361089009,0.026240592127051,0.0299892481452012,
0.0374865601815015,0.0449838722178018,0.0599784962904024),.UNSPECIFIED.);
#89=B_SPLINE_CURVE_WITH_KNOTS('',3,(#5534,#5535,#5536,#5537,#5538,#5539,
#5540,#5541,#5542,#5543,#5544,#5545),.UNSPECIFIED.,.F.,.F.,(4,1,1,1,1,1,
1,1,1,4),(0.,0.00749733626723896,0.0112460044008584,0.0149946725344779,
0.0187433406680974,0.0224920088017169,0.0299893450689558,0.0374866813361948,
0.0449840176034338,0.0599786901379117),.UNSPECIFIED.);
#90=B_SPLINE_CURVE_WITH_KNOTS('',3,(#5553,#5554,#5555,#5556),
 .UNSPECIFIED.,.F.,.F.,(4,4),(0.,0.0014142135619295),.UNSPECIFIED.);
#91=B_SPLINE_CURVE_WITH_KNOTS('',3,(#5937,#5938,#5939,#5940),
 .UNSPECIFIED.,.F.,.F.,(4,4),(-2.08166817117217E-17,0.00100000000000001),
 .UNSPECIFIED.);
#92=B_SPLINE_CURVE_WITH_KNOTS('',3,(#5946,#5947,#5948,#5949),
 .UNSPECIFIED.,.F.,.F.,(4,4),(-3.64291929955129E-17,0.00099999999999997),
 .UNSPECIFIED.);
#93=CIRCLE('',#3030,0.01);
#94=CIRCLE('',#3031,0.01);
#95=CIRCLE('',#3032,0.00746);
#96=CIRCLE('',#3033,0.00546);
#97=CIRCLE('',#3034,0.00546);
#98=CIRCLE('',#3035,0.00746);
#99=CIRCLE('',#3036,0.002);
#100=CIRCLE('',#3037,0.00355);
#101=CIRCLE('',#3038,0.00355);
#102=CIRCLE('',#3040,0.01);
#103=CIRCLE('',#3041,0.01);
#104=CIRCLE('',#3042,0.002);
#105=CIRCLE('',#3043,0.00355);
#106=CIRCLE('',#3044,0.00355);
#107=CIRCLE('',#3054,0.00275);
#108=CIRCLE('',#3055,0.00275);
#109=CIRCLE('',#3057,0.0017);
#110=CIRCLE('',#3058,0.0017);
#111=CIRCLE('',#3060,0.00275);
#112=CIRCLE('',#3061,0.00275);
#113=CIRCLE('',#3063,0.0017);
#114=CIRCLE('',#3064,0.0017);
#115=CIRCLE('',#3066,0.00275000000000004);
#116=CIRCLE('',#3067,0.00275000000000004);
#117=CIRCLE('',#3069,0.0017);
#118=CIRCLE('',#3070,0.0017);
#119=CIRCLE('',#3072,0.00275000000000004);
#120=CIRCLE('',#3073,0.00275000000000004);
#121=CIRCLE('',#3075,0.0017);
#122=CIRCLE('',#3076,0.0017);
#123=CIRCLE('',#3080,0.01);
#124=CIRCLE('',#3081,0.01);
#125=CIRCLE('',#3082,0.00546);
#126=CIRCLE('',#3083,0.00546);
#127=CIRCLE('',#3084,0.00746);
#128=CIRCLE('',#3085,0.00746);
#129=CIRCLE('',#3087,0.01);
#130=CIRCLE('',#3088,0.01);
#131=CIRCLE('',#3091,0.01);
#132=CIRCLE('',#3094,0.01);
#133=CIRCLE('',#3095,0.01);
#134=CIRCLE('',#3097,0.01);
#135=CIRCLE('',#3098,0.01);
#136=CIRCLE('',#3100,0.01);
#137=CIRCLE('',#3104,0.01);
#138=CIRCLE('',#3105,0.01);
#139=CIRCLE('',#3107,0.01);
#140=CIRCLE('',#3109,0.01);
#141=CIRCLE('',#3111,0.01);
#142=CIRCLE('',#3112,0.01);
#143=CIRCLE('',#3119,0.00746);
#144=CIRCLE('',#3122,0.00746);
#145=CIRCLE('',#3125,0.00646);
#146=CIRCLE('',#3126,0.00646);
#147=CIRCLE('',#3133,0.00746);
#148=CIRCLE('',#3136,0.00746);
#149=CIRCLE('',#3139,0.00646);
#150=CIRCLE('',#3140,0.00646);
#151=ORIENTED_EDGE('',*,*,#999,.F.);
#152=ORIENTED_EDGE('',*,*,#1000,.T.);
#153=ORIENTED_EDGE('',*,*,#1001,.T.);
#154=ORIENTED_EDGE('',*,*,#1002,.T.);
#155=ORIENTED_EDGE('',*,*,#1003,.F.);
#156=ORIENTED_EDGE('',*,*,#1004,.T.);
#157=ORIENTED_EDGE('',*,*,#1005,.F.);
#158=ORIENTED_EDGE('',*,*,#1006,.T.);
#159=ORIENTED_EDGE('',*,*,#1007,.F.);
#160=ORIENTED_EDGE('',*,*,#1008,.F.);
#161=ORIENTED_EDGE('',*,*,#1009,.T.);
#162=ORIENTED_EDGE('',*,*,#1010,.T.);
#163=ORIENTED_EDGE('',*,*,#1011,.F.);
#164=ORIENTED_EDGE('',*,*,#1012,.F.);
#165=ORIENTED_EDGE('',*,*,#1013,.T.);
#166=ORIENTED_EDGE('',*,*,#1014,.F.);
#167=ORIENTED_EDGE('',*,*,#1015,.F.);
#168=ORIENTED_EDGE('',*,*,#1016,.T.);
#169=ORIENTED_EDGE('',*,*,#1017,.T.);
#170=ORIENTED_EDGE('',*,*,#1018,.T.);
#171=ORIENTED_EDGE('',*,*,#1019,.T.);
#172=ORIENTED_EDGE('',*,*,#1020,.F.);
#173=ORIENTED_EDGE('',*,*,#1021,.F.);
#174=ORIENTED_EDGE('',*,*,#1022,.T.);
#175=ORIENTED_EDGE('',*,*,#1023,.T.);
#176=ORIENTED_EDGE('',*,*,#1024,.T.);
#177=ORIENTED_EDGE('',*,*,#1025,.F.);
#178=ORIENTED_EDGE('',*,*,#1026,.T.);
#179=ORIENTED_EDGE('',*,*,#1027,.T.);
#180=ORIENTED_EDGE('',*,*,#1028,.T.);
#181=ORIENTED_EDGE('',*,*,#1029,.T.);
#182=ORIENTED_EDGE('',*,*,#1030,.F.);
#183=ORIENTED_EDGE('',*,*,#1031,.T.);
#184=ORIENTED_EDGE('',*,*,#1032,.T.);
#185=ORIENTED_EDGE('',*,*,#1033,.T.);
#186=ORIENTED_EDGE('',*,*,#1034,.F.);
#187=ORIENTED_EDGE('',*,*,#1035,.F.);
#188=ORIENTED_EDGE('',*,*,#1036,.T.);
#189=ORIENTED_EDGE('',*,*,#1037,.T.);
#190=ORIENTED_EDGE('',*,*,#1038,.T.);
#191=ORIENTED_EDGE('',*,*,#1039,.T.);
#192=ORIENTED_EDGE('',*,*,#1040,.T.);
#193=ORIENTED_EDGE('',*,*,#1041,.F.);
#194=ORIENTED_EDGE('',*,*,#1042,.F.);
#195=ORIENTED_EDGE('',*,*,#1043,.F.);
#196=ORIENTED_EDGE('',*,*,#1044,.F.);
#197=ORIENTED_EDGE('',*,*,#1045,.T.);
#198=ORIENTED_EDGE('',*,*,#1046,.F.);
#199=ORIENTED_EDGE('',*,*,#1047,.F.);
#200=ORIENTED_EDGE('',*,*,#1048,.T.);
#201=ORIENTED_EDGE('',*,*,#1049,.T.);
#202=ORIENTED_EDGE('',*,*,#1050,.T.);
#203=ORIENTED_EDGE('',*,*,#1051,.F.);
#204=ORIENTED_EDGE('',*,*,#1052,.T.);
#205=ORIENTED_EDGE('',*,*,#1053,.T.);
#206=ORIENTED_EDGE('',*,*,#1054,.T.);
#207=ORIENTED_EDGE('',*,*,#1055,.F.);
#208=ORIENTED_EDGE('',*,*,#1056,.F.);
#209=ORIENTED_EDGE('',*,*,#1057,.T.);
#210=ORIENTED_EDGE('',*,*,#1058,.F.);
#211=ORIENTED_EDGE('',*,*,#1059,.T.);
#212=ORIENTED_EDGE('',*,*,#1060,.T.);
#213=ORIENTED_EDGE('',*,*,#1061,.T.);
#214=ORIENTED_EDGE('',*,*,#1062,.F.);
#215=ORIENTED_EDGE('',*,*,#1063,.T.);
#216=ORIENTED_EDGE('',*,*,#1064,.T.);
#217=ORIENTED_EDGE('',*,*,#1065,.T.);
#218=ORIENTED_EDGE('',*,*,#1066,.T.);
#219=ORIENTED_EDGE('',*,*,#1067,.T.);
#220=ORIENTED_EDGE('',*,*,#1068,.F.);
#221=ORIENTED_EDGE('',*,*,#1069,.F.);
#222=ORIENTED_EDGE('',*,*,#1070,.T.);
#223=ORIENTED_EDGE('',*,*,#1071,.T.);
#224=ORIENTED_EDGE('',*,*,#1072,.F.);
#225=ORIENTED_EDGE('',*,*,#1073,.F.);
#226=ORIENTED_EDGE('',*,*,#1074,.T.);
#227=ORIENTED_EDGE('',*,*,#1075,.F.);
#228=ORIENTED_EDGE('',*,*,#1076,.T.);
#229=ORIENTED_EDGE('',*,*,#1077,.F.);
#230=ORIENTED_EDGE('',*,*,#1078,.T.);
#231=ORIENTED_EDGE('',*,*,#1079,.T.);
#232=ORIENTED_EDGE('',*,*,#1080,.T.);
#233=ORIENTED_EDGE('',*,*,#1081,.F.);
#234=ORIENTED_EDGE('',*,*,#1082,.T.);
#235=ORIENTED_EDGE('',*,*,#1083,.T.);
#236=ORIENTED_EDGE('',*,*,#1084,.T.);
#237=ORIENTED_EDGE('',*,*,#1085,.F.);
#238=ORIENTED_EDGE('',*,*,#1086,.T.);
#239=ORIENTED_EDGE('',*,*,#1087,.T.);
#240=ORIENTED_EDGE('',*,*,#1088,.F.);
#241=ORIENTED_EDGE('',*,*,#1089,.F.);
#242=ORIENTED_EDGE('',*,*,#1090,.F.);
#243=ORIENTED_EDGE('',*,*,#1091,.T.);
#244=ORIENTED_EDGE('',*,*,#1092,.F.);
#245=ORIENTED_EDGE('',*,*,#1093,.T.);
#246=ORIENTED_EDGE('',*,*,#1094,.T.);
#247=ORIENTED_EDGE('',*,*,#1095,.F.);
#248=ORIENTED_EDGE('',*,*,#1096,.T.);
#249=ORIENTED_EDGE('',*,*,#1097,.F.);
#250=ORIENTED_EDGE('',*,*,#1098,.T.);
#251=ORIENTED_EDGE('',*,*,#1099,.T.);
#252=ORIENTED_EDGE('',*,*,#1100,.F.);
#253=ORIENTED_EDGE('',*,*,#1101,.F.);
#254=ORIENTED_EDGE('',*,*,#1102,.T.);
#255=ORIENTED_EDGE('',*,*,#1103,.T.);
#256=ORIENTED_EDGE('',*,*,#1104,.T.);
#257=ORIENTED_EDGE('',*,*,#1105,.F.);
#258=ORIENTED_EDGE('',*,*,#1106,.F.);
#259=ORIENTED_EDGE('',*,*,#1107,.F.);
#260=ORIENTED_EDGE('',*,*,#1108,.F.);
#261=ORIENTED_EDGE('',*,*,#1109,.T.);
#262=ORIENTED_EDGE('',*,*,#1110,.F.);
#263=ORIENTED_EDGE('',*,*,#1111,.F.);
#264=ORIENTED_EDGE('',*,*,#1112,.F.);
#265=ORIENTED_EDGE('',*,*,#1113,.T.);
#266=ORIENTED_EDGE('',*,*,#1114,.F.);
#267=ORIENTED_EDGE('',*,*,#1115,.F.);
#268=ORIENTED_EDGE('',*,*,#1116,.T.);
#269=ORIENTED_EDGE('',*,*,#1117,.F.);
#270=ORIENTED_EDGE('',*,*,#1118,.T.);
#271=ORIENTED_EDGE('',*,*,#1119,.T.);
#272=ORIENTED_EDGE('',*,*,#1120,.T.);
#273=ORIENTED_EDGE('',*,*,#1121,.T.);
#274=ORIENTED_EDGE('',*,*,#1122,.F.);
#275=ORIENTED_EDGE('',*,*,#1123,.F.);
#276=ORIENTED_EDGE('',*,*,#1124,.F.);
#277=ORIENTED_EDGE('',*,*,#1125,.F.);
#278=ORIENTED_EDGE('',*,*,#1126,.T.);
#279=ORIENTED_EDGE('',*,*,#1127,.F.);
#280=ORIENTED_EDGE('',*,*,#1128,.T.);
#281=ORIENTED_EDGE('',*,*,#1129,.F.);
#282=ORIENTED_EDGE('',*,*,#1130,.T.);
#283=ORIENTED_EDGE('',*,*,#1131,.F.);
#284=ORIENTED_EDGE('',*,*,#1132,.F.);
#285=ORIENTED_EDGE('',*,*,#1133,.T.);
#286=ORIENTED_EDGE('',*,*,#1134,.F.);
#287=ORIENTED_EDGE('',*,*,#1135,.F.);
#288=ORIENTED_EDGE('',*,*,#1136,.F.);
#289=ORIENTED_EDGE('',*,*,#1137,.T.);
#290=ORIENTED_EDGE('',*,*,#1138,.F.);
#291=ORIENTED_EDGE('',*,*,#1139,.F.);
#292=ORIENTED_EDGE('',*,*,#1140,.F.);
#293=ORIENTED_EDGE('',*,*,#1141,.T.);
#294=ORIENTED_EDGE('',*,*,#1142,.T.);
#295=ORIENTED_EDGE('',*,*,#1143,.T.);
#296=ORIENTED_EDGE('',*,*,#1144,.F.);
#297=ORIENTED_EDGE('',*,*,#1145,.F.);
#298=ORIENTED_EDGE('',*,*,#1146,.T.);
#299=ORIENTED_EDGE('',*,*,#1147,.F.);
#300=ORIENTED_EDGE('',*,*,#1148,.T.);
#301=ORIENTED_EDGE('',*,*,#1149,.F.);
#302=ORIENTED_EDGE('',*,*,#1150,.F.);
#303=ORIENTED_EDGE('',*,*,#1151,.F.);
#304=ORIENTED_EDGE('',*,*,#1152,.T.);
#305=ORIENTED_EDGE('',*,*,#1153,.F.);
#306=ORIENTED_EDGE('',*,*,#1154,.F.);
#307=ORIENTED_EDGE('',*,*,#1155,.F.);
#308=ORIENTED_EDGE('',*,*,#1156,.T.);
#309=ORIENTED_EDGE('',*,*,#1157,.F.);
#310=ORIENTED_EDGE('',*,*,#1158,.T.);
#311=ORIENTED_EDGE('',*,*,#1159,.T.);
#312=ORIENTED_EDGE('',*,*,#1160,.F.);
#313=ORIENTED_EDGE('',*,*,#1161,.F.);
#314=ORIENTED_EDGE('',*,*,#1162,.F.);
#315=ORIENTED_EDGE('',*,*,#1163,.T.);
#316=ORIENTED_EDGE('',*,*,#1164,.T.);
#317=ORIENTED_EDGE('',*,*,#1030,.T.);
#318=ORIENTED_EDGE('',*,*,#1165,.F.);
#319=ORIENTED_EDGE('',*,*,#1166,.T.);
#320=ORIENTED_EDGE('',*,*,#1167,.T.);
#321=ORIENTED_EDGE('',*,*,#1168,.F.);
#322=ORIENTED_EDGE('',*,*,#1169,.F.);
#323=ORIENTED_EDGE('',*,*,#1170,.T.);
#324=ORIENTED_EDGE('',*,*,#1032,.F.);
#325=ORIENTED_EDGE('',*,*,#1171,.F.);
#326=ORIENTED_EDGE('',*,*,#1172,.F.);
#327=ORIENTED_EDGE('',*,*,#1173,.T.);
#328=ORIENTED_EDGE('',*,*,#1174,.T.);
#329=ORIENTED_EDGE('',*,*,#1175,.F.);
#330=ORIENTED_EDGE('',*,*,#1176,.F.);
#331=ORIENTED_EDGE('',*,*,#1177,.T.);
#332=ORIENTED_EDGE('',*,*,#1178,.T.);
#333=ORIENTED_EDGE('',*,*,#1179,.F.);
#334=ORIENTED_EDGE('',*,*,#1180,.F.);
#335=ORIENTED_EDGE('',*,*,#1181,.T.);
#336=ORIENTED_EDGE('',*,*,#1182,.T.);
#337=ORIENTED_EDGE('',*,*,#1183,.F.);
#338=ORIENTED_EDGE('',*,*,#1184,.F.);
#339=ORIENTED_EDGE('',*,*,#1185,.T.);
#340=ORIENTED_EDGE('',*,*,#1186,.T.);
#341=ORIENTED_EDGE('',*,*,#1187,.F.);
#342=ORIENTED_EDGE('',*,*,#1188,.F.);
#343=ORIENTED_EDGE('',*,*,#1189,.T.);
#344=ORIENTED_EDGE('',*,*,#1190,.T.);
#345=ORIENTED_EDGE('',*,*,#1191,.F.);
#346=ORIENTED_EDGE('',*,*,#1192,.F.);
#347=ORIENTED_EDGE('',*,*,#1165,.T.);
#348=ORIENTED_EDGE('',*,*,#1193,.T.);
#349=ORIENTED_EDGE('',*,*,#1163,.F.);
#350=ORIENTED_EDGE('',*,*,#1194,.F.);
#351=ORIENTED_EDGE('',*,*,#1195,.T.);
#352=ORIENTED_EDGE('',*,*,#1173,.F.);
#353=ORIENTED_EDGE('',*,*,#1196,.T.);
#354=ORIENTED_EDGE('',*,*,#1169,.T.);
#355=ORIENTED_EDGE('',*,*,#1197,.F.);
#356=ORIENTED_EDGE('',*,*,#1198,.T.);
#357=ORIENTED_EDGE('',*,*,#1199,.F.);
#358=ORIENTED_EDGE('',*,*,#1181,.F.);
#359=ORIENTED_EDGE('',*,*,#1200,.T.);
#360=ORIENTED_EDGE('',*,*,#1176,.T.);
#361=ORIENTED_EDGE('',*,*,#1201,.F.);
#362=ORIENTED_EDGE('',*,*,#1202,.T.);
#363=ORIENTED_EDGE('',*,*,#1203,.F.);
#364=ORIENTED_EDGE('',*,*,#1204,.F.);
#365=ORIENTED_EDGE('',*,*,#1188,.T.);
#366=ORIENTED_EDGE('',*,*,#1205,.T.);
#367=ORIENTED_EDGE('',*,*,#1185,.F.);
#368=ORIENTED_EDGE('',*,*,#1206,.F.);
#369=ORIENTED_EDGE('',*,*,#1207,.T.);
#370=ORIENTED_EDGE('',*,*,#1208,.F.);
#371=ORIENTED_EDGE('',*,*,#1209,.T.);
#372=ORIENTED_EDGE('',*,*,#1210,.T.);
#373=ORIENTED_EDGE('',*,*,#1211,.F.);
#374=ORIENTED_EDGE('',*,*,#1212,.F.);
#375=ORIENTED_EDGE('',*,*,#1213,.T.);
#376=ORIENTED_EDGE('',*,*,#1214,.T.);
#377=ORIENTED_EDGE('',*,*,#1215,.F.);
#378=ORIENTED_EDGE('',*,*,#1216,.F.);
#379=ORIENTED_EDGE('',*,*,#1217,.T.);
#380=ORIENTED_EDGE('',*,*,#1218,.F.);
#381=ORIENTED_EDGE('',*,*,#1219,.F.);
#382=ORIENTED_EDGE('',*,*,#1220,.F.);
#383=ORIENTED_EDGE('',*,*,#1221,.T.);
#384=ORIENTED_EDGE('',*,*,#1222,.T.);
#385=ORIENTED_EDGE('',*,*,#1223,.F.);
#386=ORIENTED_EDGE('',*,*,#1178,.F.);
#387=ORIENTED_EDGE('',*,*,#1224,.F.);
#388=ORIENTED_EDGE('',*,*,#1225,.F.);
#389=ORIENTED_EDGE('',*,*,#1226,.F.);
#390=ORIENTED_EDGE('',*,*,#1227,.T.);
#391=ORIENTED_EDGE('',*,*,#1228,.T.);
#392=ORIENTED_EDGE('',*,*,#1229,.T.);
#393=ORIENTED_EDGE('',*,*,#1230,.T.);
#394=ORIENTED_EDGE('',*,*,#1231,.T.);
#395=ORIENTED_EDGE('',*,*,#1232,.F.);
#396=ORIENTED_EDGE('',*,*,#1187,.T.);
#397=ORIENTED_EDGE('',*,*,#1233,.F.);
#398=ORIENTED_EDGE('',*,*,#1234,.T.);
#399=ORIENTED_EDGE('',*,*,#1235,.F.);
#400=ORIENTED_EDGE('',*,*,#1236,.T.);
#401=ORIENTED_EDGE('',*,*,#1237,.T.);
#402=ORIENTED_EDGE('',*,*,#1238,.T.);
#403=ORIENTED_EDGE('',*,*,#1239,.T.);
#404=ORIENTED_EDGE('',*,*,#1240,.F.);
#405=ORIENTED_EDGE('',*,*,#1241,.F.);
#406=ORIENTED_EDGE('',*,*,#1242,.F.);
#407=ORIENTED_EDGE('',*,*,#1243,.F.);
#408=ORIENTED_EDGE('',*,*,#1244,.F.);
#409=ORIENTED_EDGE('',*,*,#1245,.F.);
#410=ORIENTED_EDGE('',*,*,#1246,.T.);
#411=ORIENTED_EDGE('',*,*,#1034,.T.);
#412=ORIENTED_EDGE('',*,*,#1247,.F.);
#413=ORIENTED_EDGE('',*,*,#1175,.T.);
#414=ORIENTED_EDGE('',*,*,#1248,.F.);
#415=ORIENTED_EDGE('',*,*,#1209,.F.);
#416=ORIENTED_EDGE('',*,*,#1249,.T.);
#417=ORIENTED_EDGE('',*,*,#1250,.F.);
#418=ORIENTED_EDGE('',*,*,#1251,.T.);
#419=ORIENTED_EDGE('',*,*,#1252,.T.);
#420=ORIENTED_EDGE('',*,*,#1253,.F.);
#421=ORIENTED_EDGE('',*,*,#1254,.F.);
#422=ORIENTED_EDGE('',*,*,#1250,.T.);
#423=ORIENTED_EDGE('',*,*,#1255,.T.);
#424=ORIENTED_EDGE('',*,*,#1120,.F.);
#425=ORIENTED_EDGE('',*,*,#1256,.F.);
#426=ORIENTED_EDGE('',*,*,#1257,.T.);
#427=ORIENTED_EDGE('',*,*,#1258,.T.);
#428=ORIENTED_EDGE('',*,*,#1259,.F.);
#429=ORIENTED_EDGE('',*,*,#1260,.T.);
#430=ORIENTED_EDGE('',*,*,#1261,.T.);
#431=ORIENTED_EDGE('',*,*,#1262,.F.);
#432=ORIENTED_EDGE('',*,*,#1263,.T.);
#433=ORIENTED_EDGE('',*,*,#1264,.F.);
#434=ORIENTED_EDGE('',*,*,#1265,.F.);
#435=ORIENTED_EDGE('',*,*,#1266,.T.);
#436=ORIENTED_EDGE('',*,*,#1267,.T.);
#437=ORIENTED_EDGE('',*,*,#1190,.F.);
#438=ORIENTED_EDGE('',*,*,#1268,.F.);
#439=ORIENTED_EDGE('',*,*,#1231,.F.);
#440=ORIENTED_EDGE('',*,*,#1269,.T.);
#441=ORIENTED_EDGE('',*,*,#1211,.T.);
#442=ORIENTED_EDGE('',*,*,#1270,.F.);
#443=ORIENTED_EDGE('',*,*,#1271,.F.);
#444=ORIENTED_EDGE('',*,*,#1265,.T.);
#445=ORIENTED_EDGE('',*,*,#1272,.T.);
#446=ORIENTED_EDGE('',*,*,#1252,.F.);
#447=ORIENTED_EDGE('',*,*,#1117,.T.);
#448=ORIENTED_EDGE('',*,*,#1273,.T.);
#449=ORIENTED_EDGE('',*,*,#1025,.T.);
#450=ORIENTED_EDGE('',*,*,#1274,.T.);
#451=ORIENTED_EDGE('',*,*,#1228,.F.);
#452=ORIENTED_EDGE('',*,*,#1275,.T.);
#453=ORIENTED_EDGE('',*,*,#1260,.F.);
#454=ORIENTED_EDGE('',*,*,#1276,.T.);
#455=ORIENTED_EDGE('',*,*,#1225,.T.);
#456=ORIENTED_EDGE('',*,*,#1277,.F.);
#457=ORIENTED_EDGE('',*,*,#1183,.T.);
#458=ORIENTED_EDGE('',*,*,#1278,.F.);
#459=ORIENTED_EDGE('',*,*,#1217,.F.);
#460=ORIENTED_EDGE('',*,*,#1279,.F.);
#461=ORIENTED_EDGE('',*,*,#1257,.F.);
#462=ORIENTED_EDGE('',*,*,#1280,.T.);
#463=ORIENTED_EDGE('',*,*,#1122,.T.);
#464=ORIENTED_EDGE('',*,*,#1281,.T.);
#465=ORIENTED_EDGE('',*,*,#1263,.F.);
#466=ORIENTED_EDGE('',*,*,#1282,.T.);
#467=ORIENTED_EDGE('',*,*,#1259,.T.);
#468=ORIENTED_EDGE('',*,*,#1283,.T.);
#469=ORIENTED_EDGE('',*,*,#1167,.F.);
#470=ORIENTED_EDGE('',*,*,#1284,.F.);
#471=ORIENTED_EDGE('',*,*,#1028,.F.);
#472=ORIENTED_EDGE('',*,*,#1285,.F.);
#473=ORIENTED_EDGE('',*,*,#1219,.T.);
#474=ORIENTED_EDGE('',*,*,#1286,.F.);
#475=ORIENTED_EDGE('',*,*,#1230,.F.);
#476=ORIENTED_EDGE('',*,*,#1287,.T.);
#477=ORIENTED_EDGE('',*,*,#1266,.F.);
#478=ORIENTED_EDGE('',*,*,#1271,.T.);
#479=ORIENTED_EDGE('',*,*,#1251,.F.);
#480=ORIENTED_EDGE('',*,*,#1254,.T.);
#481=ORIENTED_EDGE('',*,*,#1119,.F.);
#482=ORIENTED_EDGE('',*,*,#1288,.T.);
#483=ORIENTED_EDGE('',*,*,#1035,.T.);
#484=ORIENTED_EDGE('',*,*,#1249,.F.);
#485=ORIENTED_EDGE('',*,*,#1208,.T.);
#486=ORIENTED_EDGE('',*,*,#1269,.F.);
#487=ORIENTED_EDGE('',*,*,#1027,.F.);
#488=ORIENTED_EDGE('',*,*,#1289,.T.);
#489=ORIENTED_EDGE('',*,*,#1115,.T.);
#490=ORIENTED_EDGE('',*,*,#1280,.F.);
#491=ORIENTED_EDGE('',*,*,#1256,.T.);
#492=ORIENTED_EDGE('',*,*,#1282,.F.);
#493=ORIENTED_EDGE('',*,*,#1262,.T.);
#494=ORIENTED_EDGE('',*,*,#1290,.T.);
#495=ORIENTED_EDGE('',*,*,#1226,.T.);
#496=ORIENTED_EDGE('',*,*,#1279,.T.);
#497=ORIENTED_EDGE('',*,*,#1216,.T.);
#498=ORIENTED_EDGE('',*,*,#1285,.T.);
#499=ORIENTED_EDGE('',*,*,#1116,.F.);
#500=ORIENTED_EDGE('',*,*,#1289,.F.);
#501=ORIENTED_EDGE('',*,*,#1026,.F.);
#502=ORIENTED_EDGE('',*,*,#1273,.F.);
#503=ORIENTED_EDGE('',*,*,#1227,.F.);
#504=ORIENTED_EDGE('',*,*,#1290,.F.);
#505=ORIENTED_EDGE('',*,*,#1261,.F.);
#506=ORIENTED_EDGE('',*,*,#1275,.F.);
#507=ORIENTED_EDGE('',*,*,#1229,.F.);
#508=ORIENTED_EDGE('',*,*,#1276,.F.);
#509=ORIENTED_EDGE('',*,*,#1267,.F.);
#510=ORIENTED_EDGE('',*,*,#1287,.F.);
#511=ORIENTED_EDGE('',*,*,#1118,.F.);
#512=ORIENTED_EDGE('',*,*,#1274,.F.);
#513=ORIENTED_EDGE('',*,*,#1036,.F.);
#514=ORIENTED_EDGE('',*,*,#1288,.F.);
#515=ORIENTED_EDGE('',*,*,#1291,.F.);
#516=ORIENTED_EDGE('',*,*,#1039,.F.);
#517=ORIENTED_EDGE('',*,*,#1292,.F.);
#518=ORIENTED_EDGE('',*,*,#1293,.T.);
#519=ORIENTED_EDGE('',*,*,#1037,.F.);
#520=ORIENTED_EDGE('',*,*,#1294,.F.);
#521=ORIENTED_EDGE('',*,*,#1295,.T.);
#522=ORIENTED_EDGE('',*,*,#1296,.T.);
#523=ORIENTED_EDGE('',*,*,#1038,.F.);
#524=ORIENTED_EDGE('',*,*,#1296,.F.);
#525=ORIENTED_EDGE('',*,*,#1297,.T.);
#526=ORIENTED_EDGE('',*,*,#1292,.T.);
#527=ORIENTED_EDGE('',*,*,#1298,.T.);
#528=ORIENTED_EDGE('',*,*,#1299,.F.);
#529=ORIENTED_EDGE('',*,*,#1300,.T.);
#530=ORIENTED_EDGE('',*,*,#1046,.T.);
#531=ORIENTED_EDGE('',*,*,#1047,.T.);
#532=ORIENTED_EDGE('',*,*,#1300,.F.);
#533=ORIENTED_EDGE('',*,*,#1301,.F.);
#534=ORIENTED_EDGE('',*,*,#1302,.T.);
#535=ORIENTED_EDGE('',*,*,#1048,.F.);
#536=ORIENTED_EDGE('',*,*,#1302,.F.);
#537=ORIENTED_EDGE('',*,*,#1303,.T.);
#538=ORIENTED_EDGE('',*,*,#1304,.T.);
#539=ORIENTED_EDGE('',*,*,#1049,.F.);
#540=ORIENTED_EDGE('',*,*,#1304,.F.);
#541=ORIENTED_EDGE('',*,*,#1305,.T.);
#542=ORIENTED_EDGE('',*,*,#1294,.T.);
#543=ORIENTED_EDGE('',*,*,#1306,.F.);
#544=ORIENTED_EDGE('',*,*,#1307,.T.);
#545=ORIENTED_EDGE('',*,*,#1308,.T.);
#546=ORIENTED_EDGE('',*,*,#1309,.T.);
#547=ORIENTED_EDGE('',*,*,#1310,.T.);
#548=ORIENTED_EDGE('',*,*,#1311,.F.);
#549=ORIENTED_EDGE('',*,*,#1293,.F.);
#550=ORIENTED_EDGE('',*,*,#1297,.F.);
#551=ORIENTED_EDGE('',*,*,#1295,.F.);
#552=ORIENTED_EDGE('',*,*,#1305,.F.);
#553=ORIENTED_EDGE('',*,*,#1303,.F.);
#554=ORIENTED_EDGE('',*,*,#1301,.T.);
#555=ORIENTED_EDGE('',*,*,#1299,.T.);
#556=ORIENTED_EDGE('',*,*,#1311,.T.);
#557=ORIENTED_EDGE('',*,*,#1312,.F.);
#558=ORIENTED_EDGE('',*,*,#1040,.F.);
#559=ORIENTED_EDGE('',*,*,#1291,.T.);
#560=ORIENTED_EDGE('',*,*,#1310,.F.);
#561=ORIENTED_EDGE('',*,*,#1313,.F.);
#562=ORIENTED_EDGE('',*,*,#1041,.T.);
#563=ORIENTED_EDGE('',*,*,#1312,.T.);
#564=ORIENTED_EDGE('',*,*,#1309,.F.);
#565=ORIENTED_EDGE('',*,*,#1314,.F.);
#566=ORIENTED_EDGE('',*,*,#1042,.T.);
#567=ORIENTED_EDGE('',*,*,#1313,.T.);
#568=ORIENTED_EDGE('',*,*,#1308,.F.);
#569=ORIENTED_EDGE('',*,*,#1315,.F.);
#570=ORIENTED_EDGE('',*,*,#1043,.T.);
#571=ORIENTED_EDGE('',*,*,#1314,.T.);
#572=ORIENTED_EDGE('',*,*,#1307,.F.);
#573=ORIENTED_EDGE('',*,*,#1316,.F.);
#574=ORIENTED_EDGE('',*,*,#1044,.T.);
#575=ORIENTED_EDGE('',*,*,#1315,.T.);
#576=ORIENTED_EDGE('',*,*,#1306,.T.);
#577=ORIENTED_EDGE('',*,*,#1298,.F.);
#578=ORIENTED_EDGE('',*,*,#1045,.F.);
#579=ORIENTED_EDGE('',*,*,#1316,.T.);
#580=ORIENTED_EDGE('',*,*,#1317,.T.);
#581=ORIENTED_EDGE('',*,*,#1318,.F.);
#582=ORIENTED_EDGE('',*,*,#1319,.T.);
#583=ORIENTED_EDGE('',*,*,#1241,.T.);
#584=ORIENTED_EDGE('',*,*,#1243,.T.);
#585=ORIENTED_EDGE('',*,*,#1320,.F.);
#586=ORIENTED_EDGE('',*,*,#1321,.F.);
#587=ORIENTED_EDGE('',*,*,#1322,.T.);
#588=ORIENTED_EDGE('',*,*,#1242,.T.);
#589=ORIENTED_EDGE('',*,*,#1319,.F.);
#590=ORIENTED_EDGE('',*,*,#1323,.F.);
#591=ORIENTED_EDGE('',*,*,#1320,.T.);
#592=ORIENTED_EDGE('',*,*,#1324,.F.);
#593=ORIENTED_EDGE('',*,*,#1234,.F.);
#594=ORIENTED_EDGE('',*,*,#1325,.F.);
#595=ORIENTED_EDGE('',*,*,#1326,.T.);
#596=ORIENTED_EDGE('',*,*,#1246,.F.);
#597=ORIENTED_EDGE('',*,*,#1327,.F.);
#598=ORIENTED_EDGE('',*,*,#1328,.T.);
#599=ORIENTED_EDGE('',*,*,#1325,.T.);
#600=ORIENTED_EDGE('',*,*,#1245,.T.);
#601=ORIENTED_EDGE('',*,*,#1329,.F.);
#602=ORIENTED_EDGE('',*,*,#1330,.F.);
#603=ORIENTED_EDGE('',*,*,#1327,.T.);
#604=ORIENTED_EDGE('',*,*,#1244,.T.);
#605=ORIENTED_EDGE('',*,*,#1322,.F.);
#606=ORIENTED_EDGE('',*,*,#1331,.F.);
#607=ORIENTED_EDGE('',*,*,#1329,.T.);
#608=ORIENTED_EDGE('',*,*,#1332,.T.);
#609=ORIENTED_EDGE('',*,*,#1326,.F.);
#610=ORIENTED_EDGE('',*,*,#1328,.F.);
#611=ORIENTED_EDGE('',*,*,#1330,.T.);
#612=ORIENTED_EDGE('',*,*,#1331,.T.);
#613=ORIENTED_EDGE('',*,*,#1321,.T.);
#614=ORIENTED_EDGE('',*,*,#1323,.T.);
#615=ORIENTED_EDGE('',*,*,#1318,.T.);
#616=ORIENTED_EDGE('',*,*,#1333,.T.);
#617=ORIENTED_EDGE('',*,*,#1334,.F.);
#618=ORIENTED_EDGE('',*,*,#1335,.F.);
#619=ORIENTED_EDGE('',*,*,#1336,.F.);
#620=ORIENTED_EDGE('',*,*,#1337,.F.);
#621=ORIENTED_EDGE('',*,*,#1333,.F.);
#622=ORIENTED_EDGE('',*,*,#1317,.F.);
#623=ORIENTED_EDGE('',*,*,#1240,.T.);
#624=ORIENTED_EDGE('',*,*,#1338,.T.);
#625=ORIENTED_EDGE('',*,*,#1334,.T.);
#626=ORIENTED_EDGE('',*,*,#1338,.F.);
#627=ORIENTED_EDGE('',*,*,#1239,.F.);
#628=ORIENTED_EDGE('',*,*,#1339,.T.);
#629=ORIENTED_EDGE('',*,*,#1335,.T.);
#630=ORIENTED_EDGE('',*,*,#1339,.F.);
#631=ORIENTED_EDGE('',*,*,#1238,.F.);
#632=ORIENTED_EDGE('',*,*,#1340,.T.);
#633=ORIENTED_EDGE('',*,*,#1336,.T.);
#634=ORIENTED_EDGE('',*,*,#1340,.F.);
#635=ORIENTED_EDGE('',*,*,#1237,.F.);
#636=ORIENTED_EDGE('',*,*,#1341,.T.);
#637=ORIENTED_EDGE('',*,*,#1337,.T.);
#638=ORIENTED_EDGE('',*,*,#1341,.F.);
#639=ORIENTED_EDGE('',*,*,#1236,.F.);
#640=ORIENTED_EDGE('',*,*,#1342,.T.);
#641=ORIENTED_EDGE('',*,*,#1332,.F.);
#642=ORIENTED_EDGE('',*,*,#1342,.F.);
#643=ORIENTED_EDGE('',*,*,#1235,.T.);
#644=ORIENTED_EDGE('',*,*,#1324,.T.);
#645=ORIENTED_EDGE('',*,*,#1343,.T.);
#646=ORIENTED_EDGE('',*,*,#1344,.T.);
#647=ORIENTED_EDGE('',*,*,#1345,.F.);
#648=ORIENTED_EDGE('',*,*,#1346,.F.);
#649=ORIENTED_EDGE('',*,*,#1347,.F.);
#650=ORIENTED_EDGE('',*,*,#1222,.F.);
#651=ORIENTED_EDGE('',*,*,#1348,.F.);
#652=ORIENTED_EDGE('',*,*,#1345,.T.);
#653=ORIENTED_EDGE('',*,*,#1220,.T.);
#654=ORIENTED_EDGE('',*,*,#1349,.T.);
#655=ORIENTED_EDGE('',*,*,#1343,.F.);
#656=ORIENTED_EDGE('',*,*,#1350,.T.);
#657=ORIENTED_EDGE('',*,*,#1221,.F.);
#658=ORIENTED_EDGE('',*,*,#1350,.F.);
#659=ORIENTED_EDGE('',*,*,#1346,.T.);
#660=ORIENTED_EDGE('',*,*,#1348,.T.);
#661=ORIENTED_EDGE('',*,*,#1344,.F.);
#662=ORIENTED_EDGE('',*,*,#1349,.F.);
#663=ORIENTED_EDGE('',*,*,#1223,.T.);
#664=ORIENTED_EDGE('',*,*,#1347,.T.);
#665=ORIENTED_EDGE('',*,*,#1351,.F.);
#666=ORIENTED_EDGE('',*,*,#1352,.T.);
#667=ORIENTED_EDGE('',*,*,#1353,.T.);
#668=ORIENTED_EDGE('',*,*,#1354,.F.);
#669=ORIENTED_EDGE('',*,*,#1355,.T.);
#670=ORIENTED_EDGE('',*,*,#1353,.F.);
#671=ORIENTED_EDGE('',*,*,#1356,.T.);
#672=ORIENTED_EDGE('',*,*,#1215,.T.);
#673=ORIENTED_EDGE('',*,*,#1213,.F.);
#674=ORIENTED_EDGE('',*,*,#1357,.F.);
#675=ORIENTED_EDGE('',*,*,#1351,.T.);
#676=ORIENTED_EDGE('',*,*,#1358,.F.);
#677=ORIENTED_EDGE('',*,*,#1212,.T.);
#678=ORIENTED_EDGE('',*,*,#1356,.F.);
#679=ORIENTED_EDGE('',*,*,#1352,.F.);
#680=ORIENTED_EDGE('',*,*,#1357,.T.);
#681=ORIENTED_EDGE('',*,*,#1354,.T.);
#682=ORIENTED_EDGE('',*,*,#1355,.F.);
#683=ORIENTED_EDGE('',*,*,#1214,.F.);
#684=ORIENTED_EDGE('',*,*,#1358,.T.);
#685=ORIENTED_EDGE('',*,*,#1264,.T.);
#686=ORIENTED_EDGE('',*,*,#1283,.F.);
#687=ORIENTED_EDGE('',*,*,#1258,.F.);
#688=ORIENTED_EDGE('',*,*,#1281,.F.);
#689=ORIENTED_EDGE('',*,*,#1121,.F.);
#690=ORIENTED_EDGE('',*,*,#1255,.F.);
#691=ORIENTED_EDGE('',*,*,#1253,.T.);
#692=ORIENTED_EDGE('',*,*,#1272,.F.);
#693=ORIENTED_EDGE('',*,*,#1233,.T.);
#694=ORIENTED_EDGE('',*,*,#1186,.F.);
#695=ORIENTED_EDGE('',*,*,#1205,.F.);
#696=ORIENTED_EDGE('',*,*,#1191,.T.);
#697=ORIENTED_EDGE('',*,*,#1270,.T.);
#698=ORIENTED_EDGE('',*,*,#1210,.F.);
#699=ORIENTED_EDGE('',*,*,#1248,.T.);
#700=ORIENTED_EDGE('',*,*,#1174,.F.);
#701=ORIENTED_EDGE('',*,*,#1197,.T.);
#702=ORIENTED_EDGE('',*,*,#1171,.T.);
#703=ORIENTED_EDGE('',*,*,#1031,.F.);
#704=ORIENTED_EDGE('',*,*,#1164,.F.);
#705=ORIENTED_EDGE('',*,*,#1193,.F.);
#706=ORIENTED_EDGE('',*,*,#1168,.T.);
#707=ORIENTED_EDGE('',*,*,#1286,.T.);
#708=ORIENTED_EDGE('',*,*,#1218,.T.);
#709=ORIENTED_EDGE('',*,*,#1278,.T.);
#710=ORIENTED_EDGE('',*,*,#1182,.F.);
#711=ORIENTED_EDGE('',*,*,#1201,.T.);
#712=ORIENTED_EDGE('',*,*,#1179,.T.);
#713=ORIENTED_EDGE('',*,*,#1206,.T.);
#714=ORIENTED_EDGE('',*,*,#1194,.T.);
#715=ORIENTED_EDGE('',*,*,#1198,.F.);
#716=ORIENTED_EDGE('',*,*,#1202,.F.);
#717=ORIENTED_EDGE('',*,*,#1207,.F.);
#718=ORIENTED_EDGE('',*,*,#1232,.T.);
#719=ORIENTED_EDGE('',*,*,#1268,.T.);
#720=ORIENTED_EDGE('',*,*,#1189,.F.);
#721=ORIENTED_EDGE('',*,*,#1204,.T.);
#722=ORIENTED_EDGE('',*,*,#1184,.T.);
#723=ORIENTED_EDGE('',*,*,#1203,.T.);
#724=ORIENTED_EDGE('',*,*,#1277,.T.);
#725=ORIENTED_EDGE('',*,*,#1224,.T.);
#726=ORIENTED_EDGE('',*,*,#1177,.F.);
#727=ORIENTED_EDGE('',*,*,#1200,.F.);
#728=ORIENTED_EDGE('',*,*,#1180,.T.);
#729=ORIENTED_EDGE('',*,*,#1172,.T.);
#730=ORIENTED_EDGE('',*,*,#1247,.T.);
#731=ORIENTED_EDGE('',*,*,#1033,.F.);
#732=ORIENTED_EDGE('',*,*,#1170,.F.);
#733=ORIENTED_EDGE('',*,*,#1196,.F.);
#734=ORIENTED_EDGE('',*,*,#1199,.T.);
#735=ORIENTED_EDGE('',*,*,#1195,.F.);
#736=ORIENTED_EDGE('',*,*,#1029,.F.);
#737=ORIENTED_EDGE('',*,*,#1284,.T.);
#738=ORIENTED_EDGE('',*,*,#1166,.F.);
#739=ORIENTED_EDGE('',*,*,#1192,.T.);
#740=ORIENTED_EDGE('',*,*,#1162,.T.);
#741=ORIENTED_EDGE('',*,*,#1050,.F.);
#742=ORIENTED_EDGE('',*,*,#1123,.T.);
#743=ORIENTED_EDGE('',*,*,#1125,.T.);
#744=ORIENTED_EDGE('',*,*,#1359,.F.);
#745=ORIENTED_EDGE('',*,*,#1052,.F.);
#746=ORIENTED_EDGE('',*,*,#1360,.T.);
#747=ORIENTED_EDGE('',*,*,#1124,.T.);
#748=ORIENTED_EDGE('',*,*,#1361,.F.);
#749=ORIENTED_EDGE('',*,*,#1053,.F.);
#750=ORIENTED_EDGE('',*,*,#1359,.T.);
#751=ORIENTED_EDGE('',*,*,#1127,.T.);
#752=ORIENTED_EDGE('',*,*,#1362,.F.);
#753=ORIENTED_EDGE('',*,*,#1054,.F.);
#754=ORIENTED_EDGE('',*,*,#1361,.T.);
#755=ORIENTED_EDGE('',*,*,#1126,.F.);
#756=ORIENTED_EDGE('',*,*,#1360,.F.);
#757=ORIENTED_EDGE('',*,*,#1051,.T.);
#758=ORIENTED_EDGE('',*,*,#1362,.T.);
#759=ORIENTED_EDGE('',*,*,#1128,.F.);
#760=ORIENTED_EDGE('',*,*,#1363,.F.);
#761=ORIENTED_EDGE('',*,*,#1055,.T.);
#762=ORIENTED_EDGE('',*,*,#1364,.T.);
#763=ORIENTED_EDGE('',*,*,#1130,.F.);
#764=ORIENTED_EDGE('',*,*,#1365,.F.);
#765=ORIENTED_EDGE('',*,*,#1056,.T.);
#766=ORIENTED_EDGE('',*,*,#1363,.T.);
#767=ORIENTED_EDGE('',*,*,#1129,.T.);
#768=ORIENTED_EDGE('',*,*,#1364,.F.);
#769=ORIENTED_EDGE('',*,*,#1057,.F.);
#770=ORIENTED_EDGE('',*,*,#1365,.T.);
#771=ORIENTED_EDGE('',*,*,#1112,.T.);
#772=ORIENTED_EDGE('',*,*,#1366,.F.);
#773=ORIENTED_EDGE('',*,*,#1022,.F.);
#774=ORIENTED_EDGE('',*,*,#1367,.T.);
#775=ORIENTED_EDGE('',*,*,#1111,.T.);
#776=ORIENTED_EDGE('',*,*,#1368,.F.);
#777=ORIENTED_EDGE('',*,*,#1023,.F.);
#778=ORIENTED_EDGE('',*,*,#1366,.T.);
#779=ORIENTED_EDGE('',*,*,#1114,.T.);
#780=ORIENTED_EDGE('',*,*,#1369,.F.);
#781=ORIENTED_EDGE('',*,*,#1024,.F.);
#782=ORIENTED_EDGE('',*,*,#1368,.T.);
#783=ORIENTED_EDGE('',*,*,#1113,.F.);
#784=ORIENTED_EDGE('',*,*,#1367,.F.);
#785=ORIENTED_EDGE('',*,*,#1021,.T.);
#786=ORIENTED_EDGE('',*,*,#1369,.T.);
#787=ORIENTED_EDGE('',*,*,#1107,.T.);
#788=ORIENTED_EDGE('',*,*,#1370,.F.);
#789=ORIENTED_EDGE('',*,*,#1017,.F.);
#790=ORIENTED_EDGE('',*,*,#1371,.T.);
#791=ORIENTED_EDGE('',*,*,#1106,.T.);
#792=ORIENTED_EDGE('',*,*,#1372,.F.);
#793=ORIENTED_EDGE('',*,*,#1018,.F.);
#794=ORIENTED_EDGE('',*,*,#1370,.T.);
#795=ORIENTED_EDGE('',*,*,#1110,.T.);
#796=ORIENTED_EDGE('',*,*,#1373,.F.);
#797=ORIENTED_EDGE('',*,*,#1019,.F.);
#798=ORIENTED_EDGE('',*,*,#1372,.T.);
#799=ORIENTED_EDGE('',*,*,#1109,.F.);
#800=ORIENTED_EDGE('',*,*,#1374,.F.);
#801=ORIENTED_EDGE('',*,*,#1020,.T.);
#802=ORIENTED_EDGE('',*,*,#1373,.T.);
#803=ORIENTED_EDGE('',*,*,#1108,.T.);
#804=ORIENTED_EDGE('',*,*,#1371,.F.);
#805=ORIENTED_EDGE('',*,*,#1016,.F.);
#806=ORIENTED_EDGE('',*,*,#1374,.T.);
#807=ORIENTED_EDGE('',*,*,#1102,.F.);
#808=ORIENTED_EDGE('',*,*,#1375,.F.);
#809=ORIENTED_EDGE('',*,*,#1012,.T.);
#810=ORIENTED_EDGE('',*,*,#1376,.T.);
#811=ORIENTED_EDGE('',*,*,#1105,.T.);
#812=ORIENTED_EDGE('',*,*,#1377,.F.);
#813=ORIENTED_EDGE('',*,*,#1013,.F.);
#814=ORIENTED_EDGE('',*,*,#1375,.T.);
#815=ORIENTED_EDGE('',*,*,#1104,.F.);
#816=ORIENTED_EDGE('',*,*,#1378,.F.);
#817=ORIENTED_EDGE('',*,*,#1014,.T.);
#818=ORIENTED_EDGE('',*,*,#1377,.T.);
#819=ORIENTED_EDGE('',*,*,#1103,.F.);
#820=ORIENTED_EDGE('',*,*,#1376,.F.);
#821=ORIENTED_EDGE('',*,*,#1015,.T.);
#822=ORIENTED_EDGE('',*,*,#1378,.T.);
#823=ORIENTED_EDGE('',*,*,#1132,.T.);
#824=ORIENTED_EDGE('',*,*,#1379,.F.);
#825=ORIENTED_EDGE('',*,*,#1059,.F.);
#826=ORIENTED_EDGE('',*,*,#1380,.T.);
#827=ORIENTED_EDGE('',*,*,#1131,.T.);
#828=ORIENTED_EDGE('',*,*,#1381,.F.);
#829=ORIENTED_EDGE('',*,*,#1060,.F.);
#830=ORIENTED_EDGE('',*,*,#1379,.T.);
#831=ORIENTED_EDGE('',*,*,#1134,.T.);
#832=ORIENTED_EDGE('',*,*,#1382,.F.);
#833=ORIENTED_EDGE('',*,*,#1061,.F.);
#834=ORIENTED_EDGE('',*,*,#1381,.T.);
#835=ORIENTED_EDGE('',*,*,#1133,.F.);
#836=ORIENTED_EDGE('',*,*,#1380,.F.);
#837=ORIENTED_EDGE('',*,*,#1058,.T.);
#838=ORIENTED_EDGE('',*,*,#1382,.T.);
#839=ORIENTED_EDGE('',*,*,#1136,.T.);
#840=ORIENTED_EDGE('',*,*,#1383,.F.);
#841=ORIENTED_EDGE('',*,*,#1063,.F.);
#842=ORIENTED_EDGE('',*,*,#1384,.T.);
#843=ORIENTED_EDGE('',*,*,#1135,.T.);
#844=ORIENTED_EDGE('',*,*,#1385,.F.);
#845=ORIENTED_EDGE('',*,*,#1064,.F.);
#846=ORIENTED_EDGE('',*,*,#1383,.T.);
#847=ORIENTED_EDGE('',*,*,#1137,.F.);
#848=ORIENTED_EDGE('',*,*,#1384,.F.);
#849=ORIENTED_EDGE('',*,*,#1062,.T.);
#850=ORIENTED_EDGE('',*,*,#1385,.T.);
#851=ORIENTED_EDGE('',*,*,#1139,.T.);
#852=ORIENTED_EDGE('',*,*,#1386,.F.);
#853=ORIENTED_EDGE('',*,*,#1066,.F.);
#854=ORIENTED_EDGE('',*,*,#1387,.T.);
#855=ORIENTED_EDGE('',*,*,#1138,.T.);
#856=ORIENTED_EDGE('',*,*,#1388,.F.);
#857=ORIENTED_EDGE('',*,*,#1067,.F.);
#858=ORIENTED_EDGE('',*,*,#1386,.T.);
#859=ORIENTED_EDGE('',*,*,#1141,.F.);
#860=ORIENTED_EDGE('',*,*,#1389,.F.);
#861=ORIENTED_EDGE('',*,*,#1068,.T.);
#862=ORIENTED_EDGE('',*,*,#1388,.T.);
#863=ORIENTED_EDGE('',*,*,#1140,.T.);
#864=ORIENTED_EDGE('',*,*,#1387,.F.);
#865=ORIENTED_EDGE('',*,*,#1065,.F.);
#866=ORIENTED_EDGE('',*,*,#1389,.T.);
#867=ORIENTED_EDGE('',*,*,#1142,.F.);
#868=ORIENTED_EDGE('',*,*,#1390,.F.);
#869=ORIENTED_EDGE('',*,*,#1069,.T.);
#870=ORIENTED_EDGE('',*,*,#1391,.T.);
#871=ORIENTED_EDGE('',*,*,#1145,.T.);
#872=ORIENTED_EDGE('',*,*,#1392,.F.);
#873=ORIENTED_EDGE('',*,*,#1070,.F.);
#874=ORIENTED_EDGE('',*,*,#1390,.T.);
#875=ORIENTED_EDGE('',*,*,#1144,.T.);
#876=ORIENTED_EDGE('',*,*,#1393,.F.);
#877=ORIENTED_EDGE('',*,*,#1071,.F.);
#878=ORIENTED_EDGE('',*,*,#1392,.T.);
#879=ORIENTED_EDGE('',*,*,#1143,.F.);
#880=ORIENTED_EDGE('',*,*,#1391,.F.);
#881=ORIENTED_EDGE('',*,*,#1072,.T.);
#882=ORIENTED_EDGE('',*,*,#1393,.T.);
#883=ORIENTED_EDGE('',*,*,#1098,.F.);
#884=ORIENTED_EDGE('',*,*,#1394,.F.);
#885=ORIENTED_EDGE('',*,*,#1008,.T.);
#886=ORIENTED_EDGE('',*,*,#1395,.T.);
#887=ORIENTED_EDGE('',*,*,#1101,.T.);
#888=ORIENTED_EDGE('',*,*,#1396,.F.);
#889=ORIENTED_EDGE('',*,*,#1009,.F.);
#890=ORIENTED_EDGE('',*,*,#1394,.T.);
#891=ORIENTED_EDGE('',*,*,#1100,.T.);
#892=ORIENTED_EDGE('',*,*,#1397,.F.);
#893=ORIENTED_EDGE('',*,*,#1010,.F.);
#894=ORIENTED_EDGE('',*,*,#1396,.T.);
#895=ORIENTED_EDGE('',*,*,#1099,.F.);
#896=ORIENTED_EDGE('',*,*,#1395,.F.);
#897=ORIENTED_EDGE('',*,*,#1011,.T.);
#898=ORIENTED_EDGE('',*,*,#1397,.T.);
#899=ORIENTED_EDGE('',*,*,#1146,.F.);
#900=ORIENTED_EDGE('',*,*,#1398,.F.);
#901=ORIENTED_EDGE('',*,*,#1073,.T.);
#902=ORIENTED_EDGE('',*,*,#1399,.T.);
#903=ORIENTED_EDGE('',*,*,#1149,.T.);
#904=ORIENTED_EDGE('',*,*,#1400,.F.);
#905=ORIENTED_EDGE('',*,*,#1074,.F.);
#906=ORIENTED_EDGE('',*,*,#1398,.T.);
#907=ORIENTED_EDGE('',*,*,#1148,.F.);
#908=ORIENTED_EDGE('',*,*,#1401,.F.);
#909=ORIENTED_EDGE('',*,*,#1075,.T.);
#910=ORIENTED_EDGE('',*,*,#1400,.T.);
#911=ORIENTED_EDGE('',*,*,#1147,.T.);
#912=ORIENTED_EDGE('',*,*,#1399,.F.);
#913=ORIENTED_EDGE('',*,*,#1076,.F.);
#914=ORIENTED_EDGE('',*,*,#1401,.T.);
#915=ORIENTED_EDGE('',*,*,#1093,.F.);
#916=ORIENTED_EDGE('',*,*,#1402,.F.);
#917=ORIENTED_EDGE('',*,*,#1003,.T.);
#918=ORIENTED_EDGE('',*,*,#1403,.T.);
#919=ORIENTED_EDGE('',*,*,#1097,.T.);
#920=ORIENTED_EDGE('',*,*,#1404,.F.);
#921=ORIENTED_EDGE('',*,*,#1004,.F.);
#922=ORIENTED_EDGE('',*,*,#1402,.T.);
#923=ORIENTED_EDGE('',*,*,#1096,.F.);
#924=ORIENTED_EDGE('',*,*,#1405,.F.);
#925=ORIENTED_EDGE('',*,*,#1005,.T.);
#926=ORIENTED_EDGE('',*,*,#1404,.T.);
#927=ORIENTED_EDGE('',*,*,#1095,.T.);
#928=ORIENTED_EDGE('',*,*,#1406,.F.);
#929=ORIENTED_EDGE('',*,*,#1006,.F.);
#930=ORIENTED_EDGE('',*,*,#1405,.T.);
#931=ORIENTED_EDGE('',*,*,#1094,.F.);
#932=ORIENTED_EDGE('',*,*,#1403,.F.);
#933=ORIENTED_EDGE('',*,*,#1007,.T.);
#934=ORIENTED_EDGE('',*,*,#1406,.T.);
#935=ORIENTED_EDGE('',*,*,#1151,.T.);
#936=ORIENTED_EDGE('',*,*,#1407,.F.);
#937=ORIENTED_EDGE('',*,*,#1078,.F.);
#938=ORIENTED_EDGE('',*,*,#1408,.T.);
#939=ORIENTED_EDGE('',*,*,#1150,.T.);
#940=ORIENTED_EDGE('',*,*,#1409,.F.);
#941=ORIENTED_EDGE('',*,*,#1079,.F.);
#942=ORIENTED_EDGE('',*,*,#1407,.T.);
#943=ORIENTED_EDGE('',*,*,#1153,.T.);
#944=ORIENTED_EDGE('',*,*,#1410,.F.);
#945=ORIENTED_EDGE('',*,*,#1080,.F.);
#946=ORIENTED_EDGE('',*,*,#1409,.T.);
#947=ORIENTED_EDGE('',*,*,#1152,.F.);
#948=ORIENTED_EDGE('',*,*,#1408,.F.);
#949=ORIENTED_EDGE('',*,*,#1077,.T.);
#950=ORIENTED_EDGE('',*,*,#1410,.T.);
#951=ORIENTED_EDGE('',*,*,#1155,.T.);
#952=ORIENTED_EDGE('',*,*,#1411,.F.);
#953=ORIENTED_EDGE('',*,*,#1082,.F.);
#954=ORIENTED_EDGE('',*,*,#1412,.T.);
#955=ORIENTED_EDGE('',*,*,#1154,.T.);
#956=ORIENTED_EDGE('',*,*,#1413,.F.);
#957=ORIENTED_EDGE('',*,*,#1083,.F.);
#958=ORIENTED_EDGE('',*,*,#1411,.T.);
#959=ORIENTED_EDGE('',*,*,#1157,.T.);
#960=ORIENTED_EDGE('',*,*,#1414,.F.);
#961=ORIENTED_EDGE('',*,*,#1084,.F.);
#962=ORIENTED_EDGE('',*,*,#1413,.T.);
#963=ORIENTED_EDGE('',*,*,#1156,.F.);
#964=ORIENTED_EDGE('',*,*,#1412,.F.);
#965=ORIENTED_EDGE('',*,*,#1081,.T.);
#966=ORIENTED_EDGE('',*,*,#1414,.T.);
#967=ORIENTED_EDGE('',*,*,#1158,.F.);
#968=ORIENTED_EDGE('',*,*,#1415,.F.);
#969=ORIENTED_EDGE('',*,*,#1085,.T.);
#970=ORIENTED_EDGE('',*,*,#1416,.T.);
#971=ORIENTED_EDGE('',*,*,#1161,.T.);
#972=ORIENTED_EDGE('',*,*,#1417,.F.);
#973=ORIENTED_EDGE('',*,*,#1086,.F.);
#974=ORIENTED_EDGE('',*,*,#1415,.T.);
#975=ORIENTED_EDGE('',*,*,#1160,.T.);
#976=ORIENTED_EDGE('',*,*,#1418,.F.);
#977=ORIENTED_EDGE('',*,*,#1087,.F.);
#978=ORIENTED_EDGE('',*,*,#1417,.T.);
#979=ORIENTED_EDGE('',*,*,#1159,.F.);
#980=ORIENTED_EDGE('',*,*,#1416,.F.);
#981=ORIENTED_EDGE('',*,*,#1088,.T.);
#982=ORIENTED_EDGE('',*,*,#1418,.T.);
#983=ORIENTED_EDGE('',*,*,#1090,.T.);
#984=ORIENTED_EDGE('',*,*,#1419,.F.);
#985=ORIENTED_EDGE('',*,*,#1000,.F.);
#986=ORIENTED_EDGE('',*,*,#1420,.T.);
#987=ORIENTED_EDGE('',*,*,#1089,.T.);
#988=ORIENTED_EDGE('',*,*,#1421,.F.);
#989=ORIENTED_EDGE('',*,*,#1001,.F.);
#990=ORIENTED_EDGE('',*,*,#1419,.T.);
#991=ORIENTED_EDGE('',*,*,#1092,.T.);
#992=ORIENTED_EDGE('',*,*,#1422,.F.);
#993=ORIENTED_EDGE('',*,*,#1002,.F.);
#994=ORIENTED_EDGE('',*,*,#1421,.T.);
#995=ORIENTED_EDGE('',*,*,#1091,.F.);
#996=ORIENTED_EDGE('',*,*,#1420,.F.);
#997=ORIENTED_EDGE('',*,*,#999,.T.);
#998=ORIENTED_EDGE('',*,*,#1422,.T.);
#999=EDGE_CURVE('',#1423,#1424,#1709,.T.);
#1000=EDGE_CURVE('',#1423,#1425,#1710,.T.);
#1001=EDGE_CURVE('',#1425,#1426,#1711,.T.);
#1002=EDGE_CURVE('',#1426,#1424,#1712,.T.);
#1003=EDGE_CURVE('',#1427,#1428,#1713,.T.);
#1004=EDGE_CURVE('',#1427,#1429,#1714,.T.);
#1005=EDGE_CURVE('',#1430,#1429,#1715,.T.);
#1006=EDGE_CURVE('',#1430,#1431,#1716,.T.);
#1007=EDGE_CURVE('',#1428,#1431,#1717,.T.);
#1008=EDGE_CURVE('',#1432,#1433,#1718,.T.);
#1009=EDGE_CURVE('',#1432,#1434,#1719,.T.);
#1010=EDGE_CURVE('',#1434,#1435,#1720,.T.);
#1011=EDGE_CURVE('',#1433,#1435,#1721,.T.);
#1012=EDGE_CURVE('',#1436,#1437,#1722,.T.);
#1013=EDGE_CURVE('',#1436,#1438,#1723,.T.);
#1014=EDGE_CURVE('',#1439,#1438,#1724,.T.);
#1015=EDGE_CURVE('',#1437,#1439,#1725,.T.);
#1016=EDGE_CURVE('',#1440,#1441,#1726,.T.);
#1017=EDGE_CURVE('',#1441,#1442,#1727,.T.);
#1018=EDGE_CURVE('',#1442,#1443,#1728,.T.);
#1019=EDGE_CURVE('',#1443,#1444,#1729,.T.);
#1020=EDGE_CURVE('',#1440,#1444,#1730,.T.);
#1021=EDGE_CURVE('',#1445,#1446,#1731,.T.);
#1022=EDGE_CURVE('',#1445,#1447,#1732,.T.);
#1023=EDGE_CURVE('',#1447,#1448,#1733,.T.);
#1024=EDGE_CURVE('',#1448,#1446,#1734,.T.);
#1025=EDGE_CURVE('',#1449,#1450,#1735,.T.);
#1026=EDGE_CURVE('',#1449,#1451,#93,.F.);
#1027=EDGE_CURVE('',#1451,#1452,#53,.F.);
#1028=EDGE_CURVE('',#1452,#1453,#1736,.T.);
#1029=EDGE_CURVE('',#1453,#1454,#1737,.T.);
#1030=EDGE_CURVE('',#1455,#1454,#1738,.T.);
#1031=EDGE_CURVE('',#1455,#1456,#1739,.T.);
#1032=EDGE_CURVE('',#1456,#1457,#1740,.T.);
#1033=EDGE_CURVE('',#1457,#1458,#1741,.T.);
#1034=EDGE_CURVE('',#1459,#1458,#1742,.T.);
#1035=EDGE_CURVE('',#1460,#1459,#54,.F.);
#1036=EDGE_CURVE('',#1460,#1450,#94,.F.);
#1037=EDGE_CURVE('',#1461,#1462,#95,.F.);
#1038=EDGE_CURVE('',#1462,#1463,#55,.F.);
#1039=EDGE_CURVE('',#1463,#1464,#1743,.T.);
#1040=EDGE_CURVE('',#1464,#1465,#1744,.T.);
#1041=EDGE_CURVE('',#1466,#1465,#56,.T.);
#1042=EDGE_CURVE('',#1467,#1466,#96,.T.);
#1043=EDGE_CURVE('',#1468,#1467,#1745,.F.);
#1044=EDGE_CURVE('',#1469,#1468,#97,.T.);
#1045=EDGE_CURVE('',#1469,#1470,#57,.T.);
#1046=EDGE_CURVE('',#1471,#1470,#1746,.T.);
#1047=EDGE_CURVE('',#1472,#1471,#58,.F.);
#1048=EDGE_CURVE('',#1472,#1473,#98,.F.);
#1049=EDGE_CURVE('',#1473,#1461,#1747,.F.);
#1050=EDGE_CURVE('',#1474,#1474,#99,.T.);
#1051=EDGE_CURVE('',#1475,#1476,#1748,.T.);
#1052=EDGE_CURVE('',#1475,#1477,#100,.T.);
#1053=EDGE_CURVE('',#1477,#1478,#1749,.T.);
#1054=EDGE_CURVE('',#1478,#1476,#101,.T.);
#1055=EDGE_CURVE('',#1479,#1480,#1750,.T.);
#1056=EDGE_CURVE('',#1481,#1479,#1751,.T.);
#1057=EDGE_CURVE('',#1481,#1480,#1752,.T.);
#1058=EDGE_CURVE('',#1482,#1483,#1753,.T.);
#1059=EDGE_CURVE('',#1482,#1484,#1754,.T.);
#1060=EDGE_CURVE('',#1484,#1485,#1755,.T.);
#1061=EDGE_CURVE('',#1485,#1483,#1756,.T.);
#1062=EDGE_CURVE('',#1486,#1487,#1757,.T.);
#1063=EDGE_CURVE('',#1486,#1488,#1758,.T.);
#1064=EDGE_CURVE('',#1488,#1487,#1759,.T.);
#1065=EDGE_CURVE('',#1489,#1490,#1760,.T.);
#1066=EDGE_CURVE('',#1490,#1491,#1761,.T.);
#1067=EDGE_CURVE('',#1491,#1492,#1762,.T.);
#1068=EDGE_CURVE('',#1489,#1492,#1763,.T.);
#1069=EDGE_CURVE('',#1493,#1494,#1764,.T.);
#1070=EDGE_CURVE('',#1493,#1495,#1765,.T.);
#1071=EDGE_CURVE('',#1495,#1496,#1766,.T.);
#1072=EDGE_CURVE('',#1494,#1496,#1767,.T.);
#1073=EDGE_CURVE('',#1497,#1498,#1768,.T.);
#1074=EDGE_CURVE('',#1497,#1499,#1769,.T.);
#1075=EDGE_CURVE('',#1500,#1499,#1770,.T.);
#1076=EDGE_CURVE('',#1500,#1498,#1771,.T.);
#1077=EDGE_CURVE('',#1501,#1502,#1772,.T.);
#1078=EDGE_CURVE('',#1501,#1503,#1773,.T.);
#1079=EDGE_CURVE('',#1503,#1504,#1774,.T.);
#1080=EDGE_CURVE('',#1504,#1502,#1775,.T.);
#1081=EDGE_CURVE('',#1505,#1506,#1776,.T.);
#1082=EDGE_CURVE('',#1505,#1507,#1777,.T.);
#1083=EDGE_CURVE('',#1507,#1508,#1778,.T.);
#1084=EDGE_CURVE('',#1508,#1506,#1779,.T.);
#1085=EDGE_CURVE('',#1509,#1510,#1780,.T.);
#1086=EDGE_CURVE('',#1509,#1511,#1781,.T.);
#1087=EDGE_CURVE('',#1511,#1512,#1782,.T.);
#1088=EDGE_CURVE('',#1510,#1512,#1783,.T.);
#1089=EDGE_CURVE('',#1513,#1514,#1784,.T.);
#1090=EDGE_CURVE('',#1515,#1513,#1785,.T.);
#1091=EDGE_CURVE('',#1515,#1516,#1786,.T.);
#1092=EDGE_CURVE('',#1514,#1516,#1787,.T.);
#1093=EDGE_CURVE('',#1517,#1518,#1788,.T.);
#1094=EDGE_CURVE('',#1518,#1519,#1789,.T.);
#1095=EDGE_CURVE('',#1520,#1519,#1790,.T.);
#1096=EDGE_CURVE('',#1520,#1521,#1791,.T.);
#1097=EDGE_CURVE('',#1517,#1521,#1792,.T.);
#1098=EDGE_CURVE('',#1522,#1523,#1793,.T.);
#1099=EDGE_CURVE('',#1523,#1524,#1794,.T.);
#1100=EDGE_CURVE('',#1525,#1524,#1795,.T.);
#1101=EDGE_CURVE('',#1522,#1525,#1796,.T.);
#1102=EDGE_CURVE('',#1526,#1527,#1797,.T.);
#1103=EDGE_CURVE('',#1527,#1528,#1798,.T.);
#1104=EDGE_CURVE('',#1528,#1529,#1799,.T.);
#1105=EDGE_CURVE('',#1526,#1529,#1800,.T.);
#1106=EDGE_CURVE('',#1530,#1531,#1801,.T.);
#1107=EDGE_CURVE('',#1532,#1530,#1802,.T.);
#1108=EDGE_CURVE('',#1533,#1532,#1803,.T.);
#1109=EDGE_CURVE('',#1533,#1534,#1804,.T.);
#1110=EDGE_CURVE('',#1531,#1534,#1805,.T.);
#1111=EDGE_CURVE('',#1535,#1536,#1806,.T.);
#1112=EDGE_CURVE('',#1537,#1535,#1807,.T.);
#1113=EDGE_CURVE('',#1537,#1538,#1808,.T.);
#1114=EDGE_CURVE('',#1536,#1538,#1809,.T.);
#1115=EDGE_CURVE('',#1539,#1540,#59,.F.);
#1116=EDGE_CURVE('',#1539,#1541,#102,.F.);
#1117=EDGE_CURVE('',#1542,#1541,#1810,.T.);
#1118=EDGE_CURVE('',#1542,#1543,#103,.F.);
#1119=EDGE_CURVE('',#1543,#1544,#60,.F.);
#1120=EDGE_CURVE('',#1544,#1545,#1811,.T.);
#1121=EDGE_CURVE('',#1545,#1546,#1812,.T.);
#1122=EDGE_CURVE('',#1540,#1546,#1813,.T.);
#1123=EDGE_CURVE('',#1547,#1547,#104,.T.);
#1124=EDGE_CURVE('',#1548,#1549,#1814,.T.);
#1125=EDGE_CURVE('',#1550,#1548,#105,.T.);
#1126=EDGE_CURVE('',#1550,#1551,#1815,.T.);
#1127=EDGE_CURVE('',#1549,#1551,#106,.T.);
#1128=EDGE_CURVE('',#1552,#1553,#1816,.T.);
#1129=EDGE_CURVE('',#1554,#1553,#1817,.T.);
#1130=EDGE_CURVE('',#1554,#1552,#1818,.T.);
#1131=EDGE_CURVE('',#1555,#1556,#1819,.T.);
#1132=EDGE_CURVE('',#1557,#1555,#1820,.T.);
#1133=EDGE_CURVE('',#1557,#1558,#1821,.T.);
#1134=EDGE_CURVE('',#1556,#1558,#1822,.T.);
#1135=EDGE_CURVE('',#1559,#1560,#1823,.T.);
#1136=EDGE_CURVE('',#1561,#1559,#1824,.T.);
#1137=EDGE_CURVE('',#1561,#1560,#1825,.T.);
#1138=EDGE_CURVE('',#1562,#1563,#1826,.T.);
#1139=EDGE_CURVE('',#1564,#1562,#1827,.T.);
#1140=EDGE_CURVE('',#1565,#1564,#1828,.T.);
#1141=EDGE_CURVE('',#1565,#1563,#1829,.T.);
#1142=EDGE_CURVE('',#1566,#1567,#1830,.T.);
#1143=EDGE_CURVE('',#1567,#1568,#1831,.T.);
#1144=EDGE_CURVE('',#1569,#1568,#1832,.T.);
#1145=EDGE_CURVE('',#1566,#1569,#1833,.T.);
#1146=EDGE_CURVE('',#1570,#1571,#1834,.T.);
#1147=EDGE_CURVE('',#1572,#1571,#1835,.T.);
#1148=EDGE_CURVE('',#1572,#1573,#1836,.T.);
#1149=EDGE_CURVE('',#1570,#1573,#1837,.T.);
#1150=EDGE_CURVE('',#1574,#1575,#1838,.T.);
#1151=EDGE_CURVE('',#1576,#1574,#1839,.T.);
#1152=EDGE_CURVE('',#1576,#1577,#1840,.T.);
#1153=EDGE_CURVE('',#1575,#1577,#1841,.T.);
#1154=EDGE_CURVE('',#1578,#1579,#1842,.T.);
#1155=EDGE_CURVE('',#1580,#1578,#1843,.T.);
#1156=EDGE_CURVE('',#1580,#1581,#1844,.T.);
#1157=EDGE_CURVE('',#1579,#1581,#1845,.T.);
#1158=EDGE_CURVE('',#1582,#1583,#1846,.T.);
#1159=EDGE_CURVE('',#1583,#1584,#1847,.T.);
#1160=EDGE_CURVE('',#1585,#1584,#1848,.T.);
#1161=EDGE_CURVE('',#1582,#1585,#1849,.T.);
#1162=EDGE_CURVE('',#1586,#1454,#1850,.T.);
#1163=EDGE_CURVE('',#1586,#1587,#1851,.T.);
#1164=EDGE_CURVE('',#1587,#1455,#1852,.T.);
#1165=EDGE_CURVE('',#1588,#1589,#1853,.T.);
#1166=EDGE_CURVE('',#1588,#1590,#1854,.T.);
#1167=EDGE_CURVE('',#1590,#1591,#1855,.T.);
#1168=EDGE_CURVE('',#1589,#1591,#1856,.T.);
#1169=EDGE_CURVE('',#1592,#1593,#1857,.T.);
#1170=EDGE_CURVE('',#1592,#1457,#1858,.T.);
#1171=EDGE_CURVE('',#1593,#1456,#1859,.T.);
#1172=EDGE_CURVE('',#1594,#1595,#1860,.T.);
#1173=EDGE_CURVE('',#1594,#1596,#1861,.T.);
#1174=EDGE_CURVE('',#1596,#1597,#1862,.T.);
#1175=EDGE_CURVE('',#1595,#1597,#1863,.T.);
#1176=EDGE_CURVE('',#1598,#1599,#1864,.T.);
#1177=EDGE_CURVE('',#1598,#1600,#1865,.T.);
#1178=EDGE_CURVE('',#1600,#1601,#1866,.T.);
#1179=EDGE_CURVE('',#1599,#1601,#1867,.T.);
#1180=EDGE_CURVE('',#1602,#1603,#1868,.T.);
#1181=EDGE_CURVE('',#1602,#1604,#1869,.T.);
#1182=EDGE_CURVE('',#1604,#1605,#1870,.T.);
#1183=EDGE_CURVE('',#1603,#1605,#1871,.T.);
#1184=EDGE_CURVE('',#1606,#1607,#1872,.T.);
#1185=EDGE_CURVE('',#1606,#1608,#1873,.T.);
#1186=EDGE_CURVE('',#1608,#1609,#1874,.T.);
#1187=EDGE_CURVE('',#1607,#1609,#1875,.T.);
#1188=EDGE_CURVE('',#1610,#1611,#1876,.T.);
#1189=EDGE_CURVE('',#1610,#1612,#1877,.T.);
#1190=EDGE_CURVE('',#1612,#1613,#1878,.T.);
#1191=EDGE_CURVE('',#1611,#1613,#1879,.T.);
#1192=EDGE_CURVE('',#1588,#1586,#107,.T.);
#1193=EDGE_CURVE('',#1589,#1587,#108,.T.);
#1194=EDGE_CURVE('',#1614,#1614,#109,.T.);
#1195=EDGE_CURVE('',#1615,#1615,#110,.T.);
#1196=EDGE_CURVE('',#1594,#1592,#111,.T.);
#1197=EDGE_CURVE('',#1596,#1593,#112,.T.);
#1198=EDGE_CURVE('',#1616,#1616,#113,.T.);
#1199=EDGE_CURVE('',#1617,#1617,#114,.T.);
#1200=EDGE_CURVE('',#1602,#1598,#115,.T.);
#1201=EDGE_CURVE('',#1604,#1599,#116,.T.);
#1202=EDGE_CURVE('',#1618,#1618,#117,.T.);
#1203=EDGE_CURVE('',#1619,#1619,#118,.T.);
#1204=EDGE_CURVE('',#1610,#1606,#119,.T.);
#1205=EDGE_CURVE('',#1611,#1608,#120,.T.);
#1206=EDGE_CURVE('',#1620,#1620,#121,.T.);
#1207=EDGE_CURVE('',#1621,#1621,#122,.T.);
#1208=EDGE_CURVE('',#1622,#1623,#1880,.T.);
#1209=EDGE_CURVE('',#1622,#1624,#1881,.T.);
#1210=EDGE_CURVE('',#1624,#1625,#1882,.T.);
#1211=EDGE_CURVE('',#1623,#1625,#1883,.T.);
#1212=EDGE_CURVE('',#1626,#1627,#1884,.T.);
#1213=EDGE_CURVE('',#1626,#1628,#1885,.T.);
#1214=EDGE_CURVE('',#1628,#1629,#1886,.T.);
#1215=EDGE_CURVE('',#1627,#1629,#1887,.T.);
#1216=EDGE_CURVE('',#1630,#1631,#1888,.F.);
#1217=EDGE_CURVE('',#1630,#1632,#1889,.T.);
#1218=EDGE_CURVE('',#1633,#1632,#1890,.T.);
#1219=EDGE_CURVE('',#1631,#1633,#1891,.T.);
#1220=EDGE_CURVE('',#1634,#1635,#1892,.T.);
#1221=EDGE_CURVE('',#1634,#1636,#1893,.T.);
#1222=EDGE_CURVE('',#1636,#1637,#1894,.T.);
#1223=EDGE_CURVE('',#1635,#1637,#1895,.T.);
#1224=EDGE_CURVE('',#1638,#1600,#1896,.T.);
#1225=EDGE_CURVE('',#1639,#1638,#1897,.T.);
#1226=EDGE_CURVE('',#1640,#1639,#61,.F.);
#1227=EDGE_CURVE('',#1640,#1641,#123,.T.);
#1228=EDGE_CURVE('',#1641,#1642,#1898,.T.);
#1229=EDGE_CURVE('',#1642,#1643,#124,.T.);
#1230=EDGE_CURVE('',#1643,#1644,#62,.F.);
#1231=EDGE_CURVE('',#1644,#1645,#1899,.T.);
#1232=EDGE_CURVE('',#1607,#1645,#1900,.T.);
#1233=EDGE_CURVE('',#1601,#1609,#1901,.T.);
#1234=EDGE_CURVE('',#1646,#1647,#1902,.T.);
#1235=EDGE_CURVE('',#1648,#1647,#63,.T.);
#1236=EDGE_CURVE('',#1648,#1649,#125,.T.);
#1237=EDGE_CURVE('',#1649,#1650,#1903,.F.);
#1238=EDGE_CURVE('',#1650,#1651,#126,.T.);
#1239=EDGE_CURVE('',#1651,#1652,#64,.T.);
#1240=EDGE_CURVE('',#1653,#1652,#1904,.T.);
#1241=EDGE_CURVE('',#1654,#1653,#1905,.T.);
#1242=EDGE_CURVE('',#1655,#1654,#65,.F.);
#1243=EDGE_CURVE('',#1656,#1655,#127,.F.);
#1244=EDGE_CURVE('',#1657,#1656,#1906,.F.);
#1245=EDGE_CURVE('',#1658,#1657,#128,.F.);
#1246=EDGE_CURVE('',#1658,#1646,#66,.F.);
#1247=EDGE_CURVE('',#1595,#1458,#129,.T.);
#1248=EDGE_CURVE('',#1624,#1597,#130,.T.);
#1249=EDGE_CURVE('',#1622,#1459,#67,.T.);
#1250=EDGE_CURVE('',#1659,#1660,#1907,.T.);
#1251=EDGE_CURVE('',#1659,#1661,#1908,.T.);
#1252=EDGE_CURVE('',#1661,#1662,#1909,.T.);
#1253=EDGE_CURVE('',#1660,#1662,#1910,.T.);
#1254=EDGE_CURVE('',#1659,#1544,#68,.T.);
#1255=EDGE_CURVE('',#1660,#1545,#131,.F.);
#1256=EDGE_CURVE('',#1663,#1664,#1911,.T.);
#1257=EDGE_CURVE('',#1663,#1665,#1912,.T.);
#1258=EDGE_CURVE('',#1665,#1666,#1913,.T.);
#1259=EDGE_CURVE('',#1664,#1666,#1914,.T.);
#1260=EDGE_CURVE('',#1667,#1668,#1915,.T.);
#1261=EDGE_CURVE('',#1668,#1669,#132,.T.);
#1262=EDGE_CURVE('',#1670,#1669,#69,.T.);
#1263=EDGE_CURVE('',#1670,#1671,#1916,.T.);
#1264=EDGE_CURVE('',#1672,#1671,#1917,.T.);
#1265=EDGE_CURVE('',#1673,#1672,#1918,.T.);
#1266=EDGE_CURVE('',#1673,#1674,#70,.T.);
#1267=EDGE_CURVE('',#1674,#1667,#133,.T.);
#1268=EDGE_CURVE('',#1645,#1612,#134,.T.);
#1269=EDGE_CURVE('',#1644,#1623,#71,.T.);
#1270=EDGE_CURVE('',#1613,#1625,#135,.T.);
#1271=EDGE_CURVE('',#1673,#1661,#72,.T.);
#1272=EDGE_CURVE('',#1672,#1662,#136,.F.);
#1273=EDGE_CURVE('',#1541,#1449,#1919,.F.);
#1274=EDGE_CURVE('',#1450,#1542,#1920,.F.);
#1275=EDGE_CURVE('',#1641,#1668,#1921,.F.);
#1276=EDGE_CURVE('',#1667,#1642,#1922,.F.);
#1277=EDGE_CURVE('',#1603,#1638,#137,.T.);
#1278=EDGE_CURVE('',#1632,#1605,#138,.T.);
#1279=EDGE_CURVE('',#1639,#1630,#73,.T.);
#1280=EDGE_CURVE('',#1663,#1540,#74,.T.);
#1281=EDGE_CURVE('',#1546,#1665,#139,.F.);
#1282=EDGE_CURVE('',#1670,#1664,#75,.T.);
#1283=EDGE_CURVE('',#1666,#1671,#140,.F.);
#1284=EDGE_CURVE('',#1453,#1590,#141,.T.);
#1285=EDGE_CURVE('',#1631,#1452,#76,.T.);
#1286=EDGE_CURVE('',#1591,#1633,#142,.T.);
#1287=EDGE_CURVE('',#1643,#1674,#1923,.T.);
#1288=EDGE_CURVE('',#1543,#1460,#1924,.T.);
#1289=EDGE_CURVE('',#1451,#1539,#1925,.F.);
#1290=EDGE_CURVE('',#1669,#1640,#1926,.F.);
#1291=EDGE_CURVE('',#1464,#1675,#1927,.T.);
#1292=EDGE_CURVE('',#1676,#1463,#1928,.T.);
#1293=EDGE_CURVE('',#1676,#1675,#1929,.T.);
#1294=EDGE_CURVE('',#1677,#1461,#1930,.T.);
#1295=EDGE_CURVE('',#1677,#1678,#143,.F.);
#1296=EDGE_CURVE('',#1678,#1462,#1931,.T.);
#1297=EDGE_CURVE('',#1678,#1676,#77,.F.);
#1298=EDGE_CURVE('',#1470,#1679,#78,.T.);
#1299=EDGE_CURVE('',#1680,#1679,#1932,.T.);
#1300=EDGE_CURVE('',#1680,#1471,#1933,.T.);
#1301=EDGE_CURVE('',#1681,#1680,#79,.F.);
#1302=EDGE_CURVE('',#1681,#1472,#1934,.T.);
#1303=EDGE_CURVE('',#1681,#1682,#144,.F.);
#1304=EDGE_CURVE('',#1682,#1473,#1935,.F.);
#1305=EDGE_CURVE('',#1682,#1677,#1936,.F.);
#1306=EDGE_CURVE('',#1683,#1679,#80,.T.);
#1307=EDGE_CURVE('',#1683,#1684,#145,.F.);
#1308=EDGE_CURVE('',#1684,#1685,#1937,.F.);
#1309=EDGE_CURVE('',#1685,#1686,#146,.F.);
#1310=EDGE_CURVE('',#1686,#1687,#81,.T.);
#1311=EDGE_CURVE('',#1675,#1687,#1938,.T.);
#1312=EDGE_CURVE('',#1465,#1687,#82,.T.);
#1313=EDGE_CURVE('',#1466,#1686,#83,.T.);
#1314=EDGE_CURVE('',#1467,#1685,#1939,.F.);
#1315=EDGE_CURVE('',#1468,#1684,#1940,.F.);
#1316=EDGE_CURVE('',#1469,#1683,#84,.T.);
#1317=EDGE_CURVE('',#1653,#1688,#1941,.T.);
#1318=EDGE_CURVE('',#1689,#1688,#1942,.T.);
#1319=EDGE_CURVE('',#1689,#1654,#1943,.T.);
#1320=EDGE_CURVE('',#1690,#1655,#1944,.T.);
#1321=EDGE_CURVE('',#1691,#1690,#147,.F.);
#1322=EDGE_CURVE('',#1691,#1656,#1945,.T.);
#1323=EDGE_CURVE('',#1690,#1689,#85,.F.);
#1324=EDGE_CURVE('',#1647,#1692,#86,.T.);
#1325=EDGE_CURVE('',#1693,#1646,#1946,.T.);
#1326=EDGE_CURVE('',#1693,#1692,#1947,.T.);
#1327=EDGE_CURVE('',#1694,#1658,#1948,.T.);
#1328=EDGE_CURVE('',#1694,#1693,#87,.F.);
#1329=EDGE_CURVE('',#1695,#1657,#1949,.F.);
#1330=EDGE_CURVE('',#1694,#1695,#148,.F.);
#1331=EDGE_CURVE('',#1695,#1691,#1950,.F.);
#1332=EDGE_CURVE('',#1696,#1692,#88,.T.);
#1333=EDGE_CURVE('',#1688,#1697,#1951,.T.);
#1334=EDGE_CURVE('',#1698,#1697,#89,.T.);
#1335=EDGE_CURVE('',#1699,#1698,#149,.T.);
#1336=EDGE_CURVE('',#1700,#1699,#1952,.F.);
#1337=EDGE_CURVE('',#1696,#1700,#150,.T.);
#1338=EDGE_CURVE('',#1652,#1697,#90,.T.);
#1339=EDGE_CURVE('',#1651,#1698,#91,.T.);
#1340=EDGE_CURVE('',#1650,#1699,#1953,.F.);
#1341=EDGE_CURVE('',#1649,#1700,#1954,.F.);
#1342=EDGE_CURVE('',#1648,#1696,#92,.T.);
#1343=EDGE_CURVE('',#1701,#1702,#1955,.T.);
#1344=EDGE_CURVE('',#1702,#1703,#1956,.T.);
#1345=EDGE_CURVE('',#1704,#1703,#1957,.T.);
#1346=EDGE_CURVE('',#1701,#1704,#1958,.T.);
#1347=EDGE_CURVE('',#1637,#1703,#1959,.T.);
#1348=EDGE_CURVE('',#1704,#1636,#1960,.T.);
#1349=EDGE_CURVE('',#1635,#1702,#1961,.T.);
#1350=EDGE_CURVE('',#1701,#1634,#1962,.T.);
#1351=EDGE_CURVE('',#1705,#1706,#1963,.T.);
#1352=EDGE_CURVE('',#1705,#1707,#1964,.T.);
#1353=EDGE_CURVE('',#1707,#1708,#1965,.T.);
#1354=EDGE_CURVE('',#1706,#1708,#1966,.T.);
#1355=EDGE_CURVE('',#1629,#1708,#1967,.T.);
#1356=EDGE_CURVE('',#1707,#1627,#1968,.T.);
#1357=EDGE_CURVE('',#1705,#1626,#1969,.T.);
#1358=EDGE_CURVE('',#1628,#1706,#1970,.T.);
#1359=EDGE_CURVE('',#1477,#1548,#1971,.T.);
#1360=EDGE_CURVE('',#1475,#1550,#1972,.T.);
#1361=EDGE_CURVE('',#1478,#1549,#1973,.T.);
#1362=EDGE_CURVE('',#1476,#1551,#1974,.T.);
#1363=EDGE_CURVE('',#1479,#1552,#1975,.T.);
#1364=EDGE_CURVE('',#1480,#1553,#1976,.T.);
#1365=EDGE_CURVE('',#1481,#1554,#1977,.T.);
#1366=EDGE_CURVE('',#1447,#1535,#1978,.T.);
#1367=EDGE_CURVE('',#1445,#1537,#1979,.T.);
#1368=EDGE_CURVE('',#1448,#1536,#1980,.T.);
#1369=EDGE_CURVE('',#1446,#1538,#1981,.T.);
#1370=EDGE_CURVE('',#1442,#1530,#1982,.T.);
#1371=EDGE_CURVE('',#1441,#1532,#1983,.T.);
#1372=EDGE_CURVE('',#1443,#1531,#1984,.T.);
#1373=EDGE_CURVE('',#1444,#1534,#1985,.T.);
#1374=EDGE_CURVE('',#1440,#1533,#1986,.T.);
#1375=EDGE_CURVE('',#1436,#1526,#1987,.T.);
#1376=EDGE_CURVE('',#1437,#1527,#1988,.T.);
#1377=EDGE_CURVE('',#1438,#1529,#1989,.T.);
#1378=EDGE_CURVE('',#1439,#1528,#1990,.T.);
#1379=EDGE_CURVE('',#1484,#1555,#1991,.T.);
#1380=EDGE_CURVE('',#1482,#1557,#1992,.T.);
#1381=EDGE_CURVE('',#1485,#1556,#1993,.T.);
#1382=EDGE_CURVE('',#1483,#1558,#1994,.T.);
#1383=EDGE_CURVE('',#1488,#1559,#1995,.T.);
#1384=EDGE_CURVE('',#1486,#1561,#1996,.T.);
#1385=EDGE_CURVE('',#1487,#1560,#1997,.T.);
#1386=EDGE_CURVE('',#1491,#1562,#1998,.T.);
#1387=EDGE_CURVE('',#1490,#1564,#1999,.T.);
#1388=EDGE_CURVE('',#1492,#1563,#2000,.T.);
#1389=EDGE_CURVE('',#1489,#1565,#2001,.T.);
#1390=EDGE_CURVE('',#1493,#1566,#2002,.T.);
#1391=EDGE_CURVE('',#1494,#1567,#2003,.T.);
#1392=EDGE_CURVE('',#1495,#1569,#2004,.T.);
#1393=EDGE_CURVE('',#1496,#1568,#2005,.T.);
#1394=EDGE_CURVE('',#1432,#1522,#2006,.T.);
#1395=EDGE_CURVE('',#1433,#1523,#2007,.T.);
#1396=EDGE_CURVE('',#1434,#1525,#2008,.T.);
#1397=EDGE_CURVE('',#1435,#1524,#2009,.T.);
#1398=EDGE_CURVE('',#1497,#1570,#2010,.T.);
#1399=EDGE_CURVE('',#1498,#1571,#2011,.T.);
#1400=EDGE_CURVE('',#1499,#1573,#2012,.T.);
#1401=EDGE_CURVE('',#1500,#1572,#2013,.T.);
#1402=EDGE_CURVE('',#1427,#1517,#2014,.T.);
#1403=EDGE_CURVE('',#1428,#1518,#2015,.T.);
#1404=EDGE_CURVE('',#1429,#1521,#2016,.T.);
#1405=EDGE_CURVE('',#1430,#1520,#2017,.T.);
#1406=EDGE_CURVE('',#1431,#1519,#2018,.T.);
#1407=EDGE_CURVE('',#1503,#1574,#2019,.T.);
#1408=EDGE_CURVE('',#1501,#1576,#2020,.T.);
#1409=EDGE_CURVE('',#1504,#1575,#2021,.T.);
#1410=EDGE_CURVE('',#1502,#1577,#2022,.T.);
#1411=EDGE_CURVE('',#1507,#1578,#2023,.T.);
#1412=EDGE_CURVE('',#1505,#1580,#2024,.T.);
#1413=EDGE_CURVE('',#1508,#1579,#2025,.T.);
#1414=EDGE_CURVE('',#1506,#1581,#2026,.T.);
#1415=EDGE_CURVE('',#1509,#1582,#2027,.T.);
#1416=EDGE_CURVE('',#1510,#1583,#2028,.T.);
#1417=EDGE_CURVE('',#1511,#1585,#2029,.T.);
#1418=EDGE_CURVE('',#1512,#1584,#2030,.T.);
#1419=EDGE_CURVE('',#1425,#1513,#2031,.T.);
#1420=EDGE_CURVE('',#1423,#1515,#2032,.T.);
#1421=EDGE_CURVE('',#1426,#1514,#2033,.T.);
#1422=EDGE_CURVE('',#1424,#1516,#2034,.T.);
#1423=VERTEX_POINT('',#3948);
#1424=VERTEX_POINT('',#3949);
#1425=VERTEX_POINT('',#3951);
#1426=VERTEX_POINT('',#3953);
#1427=VERTEX_POINT('',#3956);
#1428=VERTEX_POINT('',#3957);
#1429=VERTEX_POINT('',#3959);
#1430=VERTEX_POINT('',#3961);
#1431=VERTEX_POINT('',#3963);
#1432=VERTEX_POINT('',#3966);
#1433=VERTEX_POINT('',#3967);
#1434=VERTEX_POINT('',#3969);
#1435=VERTEX_POINT('',#3971);
#1436=VERTEX_POINT('',#3974);
#1437=VERTEX_POINT('',#3975);
#1438=VERTEX_POINT('',#3977);
#1439=VERTEX_POINT('',#3979);
#1440=VERTEX_POINT('',#3982);
#1441=VERTEX_POINT('',#3983);
#1442=VERTEX_POINT('',#3985);
#1443=VERTEX_POINT('',#3987);
#1444=VERTEX_POINT('',#3989);
#1445=VERTEX_POINT('',#3992);
#1446=VERTEX_POINT('',#3993);
#1447=VERTEX_POINT('',#3995);
#1448=VERTEX_POINT('',#3997);
#1449=VERTEX_POINT('',#4000);
#1450=VERTEX_POINT('',#4001);
#1451=VERTEX_POINT('',#4003);
#1452=VERTEX_POINT('',#4008);
#1453=VERTEX_POINT('',#4010);
#1454=VERTEX_POINT('',#4012);
#1455=VERTEX_POINT('',#4014);
#1456=VERTEX_POINT('',#4016);
#1457=VERTEX_POINT('',#4018);
#1458=VERTEX_POINT('',#4020);
#1459=VERTEX_POINT('',#4022);
#1460=VERTEX_POINT('',#4027);
#1461=VERTEX_POINT('',#4030);
#1462=VERTEX_POINT('',#4031);
#1463=VERTEX_POINT('',#4041);
#1464=VERTEX_POINT('',#4043);
#1465=VERTEX_POINT('',#4045);
#1466=VERTEX_POINT('',#4058);
#1467=VERTEX_POINT('',#4060);
#1468=VERTEX_POINT('',#4062);
#1469=VERTEX_POINT('',#4064);
#1470=VERTEX_POINT('',#4078);
#1471=VERTEX_POINT('',#4080);
#1472=VERTEX_POINT('',#4090);
#1473=VERTEX_POINT('',#4092);
#1474=VERTEX_POINT('',#4095);
#1475=VERTEX_POINT('',#4097);
#1476=VERTEX_POINT('',#4098);
#1477=VERTEX_POINT('',#4100);
#1478=VERTEX_POINT('',#4102);
#1479=VERTEX_POINT('',#4105);
#1480=VERTEX_POINT('',#4106);
#1481=VERTEX_POINT('',#4108);
#1482=VERTEX_POINT('',#4111);
#1483=VERTEX_POINT('',#4112);
#1484=VERTEX_POINT('',#4114);
#1485=VERTEX_POINT('',#4116);
#1486=VERTEX_POINT('',#4119);
#1487=VERTEX_POINT('',#4120);
#1488=VERTEX_POINT('',#4122);
#1489=VERTEX_POINT('',#4125);
#1490=VERTEX_POINT('',#4126);
#1491=VERTEX_POINT('',#4128);
#1492=VERTEX_POINT('',#4130);
#1493=VERTEX_POINT('',#4133);
#1494=VERTEX_POINT('',#4134);
#1495=VERTEX_POINT('',#4136);
#1496=VERTEX_POINT('',#4138);
#1497=VERTEX_POINT('',#4141);
#1498=VERTEX_POINT('',#4142);
#1499=VERTEX_POINT('',#4144);
#1500=VERTEX_POINT('',#4146);
#1501=VERTEX_POINT('',#4149);
#1502=VERTEX_POINT('',#4150);
#1503=VERTEX_POINT('',#4152);
#1504=VERTEX_POINT('',#4154);
#1505=VERTEX_POINT('',#4157);
#1506=VERTEX_POINT('',#4158);
#1507=VERTEX_POINT('',#4160);
#1508=VERTEX_POINT('',#4162);
#1509=VERTEX_POINT('',#4165);
#1510=VERTEX_POINT('',#4166);
#1511=VERTEX_POINT('',#4168);
#1512=VERTEX_POINT('',#4170);
#1513=VERTEX_POINT('',#4174);
#1514=VERTEX_POINT('',#4175);
#1515=VERTEX_POINT('',#4177);
#1516=VERTEX_POINT('',#4179);
#1517=VERTEX_POINT('',#4182);
#1518=VERTEX_POINT('',#4183);
#1519=VERTEX_POINT('',#4185);
#1520=VERTEX_POINT('',#4187);
#1521=VERTEX_POINT('',#4189);
#1522=VERTEX_POINT('',#4192);
#1523=VERTEX_POINT('',#4193);
#1524=VERTEX_POINT('',#4195);
#1525=VERTEX_POINT('',#4197);
#1526=VERTEX_POINT('',#4200);
#1527=VERTEX_POINT('',#4201);
#1528=VERTEX_POINT('',#4203);
#1529=VERTEX_POINT('',#4205);
#1530=VERTEX_POINT('',#4208);
#1531=VERTEX_POINT('',#4209);
#1532=VERTEX_POINT('',#4211);
#1533=VERTEX_POINT('',#4213);
#1534=VERTEX_POINT('',#4215);
#1535=VERTEX_POINT('',#4218);
#1536=VERTEX_POINT('',#4219);
#1537=VERTEX_POINT('',#4221);
#1538=VERTEX_POINT('',#4223);
#1539=VERTEX_POINT('',#4229);
#1540=VERTEX_POINT('',#4230);
#1541=VERTEX_POINT('',#4232);
#1542=VERTEX_POINT('',#4234);
#1543=VERTEX_POINT('',#4236);
#1544=VERTEX_POINT('',#4241);
#1545=VERTEX_POINT('',#4243);
#1546=VERTEX_POINT('',#4245);
#1547=VERTEX_POINT('',#4248);
#1548=VERTEX_POINT('',#4250);
#1549=VERTEX_POINT('',#4251);
#1550=VERTEX_POINT('',#4253);
#1551=VERTEX_POINT('',#4255);
#1552=VERTEX_POINT('',#4258);
#1553=VERTEX_POINT('',#4259);
#1554=VERTEX_POINT('',#4261);
#1555=VERTEX_POINT('',#4264);
#1556=VERTEX_POINT('',#4265);
#1557=VERTEX_POINT('',#4267);
#1558=VERTEX_POINT('',#4269);
#1559=VERTEX_POINT('',#4272);
#1560=VERTEX_POINT('',#4273);
#1561=VERTEX_POINT('',#4275);
#1562=VERTEX_POINT('',#4278);
#1563=VERTEX_POINT('',#4279);
#1564=VERTEX_POINT('',#4281);
#1565=VERTEX_POINT('',#4283);
#1566=VERTEX_POINT('',#4286);
#1567=VERTEX_POINT('',#4287);
#1568=VERTEX_POINT('',#4289);
#1569=VERTEX_POINT('',#4291);
#1570=VERTEX_POINT('',#4294);
#1571=VERTEX_POINT('',#4295);
#1572=VERTEX_POINT('',#4297);
#1573=VERTEX_POINT('',#4299);
#1574=VERTEX_POINT('',#4302);
#1575=VERTEX_POINT('',#4303);
#1576=VERTEX_POINT('',#4305);
#1577=VERTEX_POINT('',#4307);
#1578=VERTEX_POINT('',#4310);
#1579=VERTEX_POINT('',#4311);
#1580=VERTEX_POINT('',#4313);
#1581=VERTEX_POINT('',#4315);
#1582=VERTEX_POINT('',#4318);
#1583=VERTEX_POINT('',#4319);
#1584=VERTEX_POINT('',#4321);
#1585=VERTEX_POINT('',#4323);
#1586=VERTEX_POINT('',#4327);
#1587=VERTEX_POINT('',#4329);
#1588=VERTEX_POINT('',#4333);
#1589=VERTEX_POINT('',#4334);
#1590=VERTEX_POINT('',#4336);
#1591=VERTEX_POINT('',#4338);
#1592=VERTEX_POINT('',#4342);
#1593=VERTEX_POINT('',#4343);
#1594=VERTEX_POINT('',#4348);
#1595=VERTEX_POINT('',#4349);
#1596=VERTEX_POINT('',#4351);
#1597=VERTEX_POINT('',#4353);
#1598=VERTEX_POINT('',#4357);
#1599=VERTEX_POINT('',#4358);
#1600=VERTEX_POINT('',#4360);
#1601=VERTEX_POINT('',#4362);
#1602=VERTEX_POINT('',#4366);
#1603=VERTEX_POINT('',#4367);
#1604=VERTEX_POINT('',#4369);
#1605=VERTEX_POINT('',#4371);
#1606=VERTEX_POINT('',#4375);
#1607=VERTEX_POINT('',#4376);
#1608=VERTEX_POINT('',#4378);
#1609=VERTEX_POINT('',#4380);
#1610=VERTEX_POINT('',#4384);
#1611=VERTEX_POINT('',#4385);
#1612=VERTEX_POINT('',#4387);
#1613=VERTEX_POINT('',#4389);
#1614=VERTEX_POINT('',#4396);
#1615=VERTEX_POINT('',#4398);
#1616=VERTEX_POINT('',#4404);
#1617=VERTEX_POINT('',#4406);
#1618=VERTEX_POINT('',#4412);
#1619=VERTEX_POINT('',#4414);
#1620=VERTEX_POINT('',#4420);
#1621=VERTEX_POINT('',#4422);
#1622=VERTEX_POINT('',#4425);
#1623=VERTEX_POINT('',#4426);
#1624=VERTEX_POINT('',#4428);
#1625=VERTEX_POINT('',#4430);
#1626=VERTEX_POINT('',#4433);
#1627=VERTEX_POINT('',#4434);
#1628=VERTEX_POINT('',#4436);
#1629=VERTEX_POINT('',#4438);
#1630=VERTEX_POINT('',#4442);
#1631=VERTEX_POINT('',#4443);
#1632=VERTEX_POINT('',#4445);
#1633=VERTEX_POINT('',#4447);
#1634=VERTEX_POINT('',#4450);
#1635=VERTEX_POINT('',#4451);
#1636=VERTEX_POINT('',#4453);
#1637=VERTEX_POINT('',#4455);
#1638=VERTEX_POINT('',#4459);
#1639=VERTEX_POINT('',#4461);
#1640=VERTEX_POINT('',#4466);
#1641=VERTEX_POINT('',#4468);
#1642=VERTEX_POINT('',#4470);
#1643=VERTEX_POINT('',#4472);
#1644=VERTEX_POINT('',#4477);
#1645=VERTEX_POINT('',#4479);
#1646=VERTEX_POINT('',#4483);
#1647=VERTEX_POINT('',#4484);
#1648=VERTEX_POINT('',#4498);
#1649=VERTEX_POINT('',#4500);
#1650=VERTEX_POINT('',#4502);
#1651=VERTEX_POINT('',#4504);
#1652=VERTEX_POINT('',#4517);
#1653=VERTEX_POINT('',#4519);
#1654=VERTEX_POINT('',#4521);
#1655=VERTEX_POINT('',#4531);
#1656=VERTEX_POINT('',#4533);
#1657=VERTEX_POINT('',#4535);
#1658=VERTEX_POINT('',#4537);
#1659=VERTEX_POINT('',#4559);
#1660=VERTEX_POINT('',#4560);
#1661=VERTEX_POINT('',#4562);
#1662=VERTEX_POINT('',#4564);
#1663=VERTEX_POINT('',#4577);
#1664=VERTEX_POINT('',#4578);
#1665=VERTEX_POINT('',#4580);
#1666=VERTEX_POINT('',#4582);
#1667=VERTEX_POINT('',#4586);
#1668=VERTEX_POINT('',#4587);
#1669=VERTEX_POINT('',#4589);
#1670=VERTEX_POINT('',#4594);
#1671=VERTEX_POINT('',#4596);
#1672=VERTEX_POINT('',#4598);
#1673=VERTEX_POINT('',#4600);
#1674=VERTEX_POINT('',#4605);
#1675=VERTEX_POINT('',#4696);
#1676=VERTEX_POINT('',#4698);
#1677=VERTEX_POINT('',#4702);
#1678=VERTEX_POINT('',#4704);
#1679=VERTEX_POINT('',#4738);
#1680=VERTEX_POINT('',#4740);
#1681=VERTEX_POINT('',#4769);
#1682=VERTEX_POINT('',#4773);
#1683=VERTEX_POINT('',#4791);
#1684=VERTEX_POINT('',#4793);
#1685=VERTEX_POINT('',#4795);
#1686=VERTEX_POINT('',#4797);
#1687=VERTEX_POINT('',#4810);
#1688=VERTEX_POINT('',#5436);
#1689=VERTEX_POINT('',#5438);
#1690=VERTEX_POINT('',#5442);
#1691=VERTEX_POINT('',#5444);
#1692=VERTEX_POINT('',#5478);
#1693=VERTEX_POINT('',#5480);
#1694=VERTEX_POINT('',#5501);
#1695=VERTEX_POINT('',#5513);
#1696=VERTEX_POINT('',#5531);
#1697=VERTEX_POINT('',#5533);
#1698=VERTEX_POINT('',#5546);
#1699=VERTEX_POINT('',#5548);
#1700=VERTEX_POINT('',#5550);
#1701=VERTEX_POINT('',#6176);
#1702=VERTEX_POINT('',#6177);
#1703=VERTEX_POINT('',#6179);
#1704=VERTEX_POINT('',#6181);
#1705=VERTEX_POINT('',#6193);
#1706=VERTEX_POINT('',#6194);
#1707=VERTEX_POINT('',#6196);
#1708=VERTEX_POINT('',#6198);
#1709=LINE('',#3947,#2035);
#1710=LINE('',#3950,#2036);
#1711=LINE('',#3952,#2037);
#1712=LINE('',#3954,#2038);
#1713=LINE('',#3955,#2039);
#1714=LINE('',#3958,#2040);
#1715=LINE('',#3960,#2041);
#1716=LINE('',#3962,#2042);
#1717=LINE('',#3964,#2043);
#1718=LINE('',#3965,#2044);
#1719=LINE('',#3968,#2045);
#1720=LINE('',#3970,#2046);
#1721=LINE('',#3972,#2047);
#1722=LINE('',#3973,#2048);
#1723=LINE('',#3976,#2049);
#1724=LINE('',#3978,#2050);
#1725=LINE('',#3980,#2051);
#1726=LINE('',#3981,#2052);
#1727=LINE('',#3984,#2053);
#1728=LINE('',#3986,#2054);
#1729=LINE('',#3988,#2055);
#1730=LINE('',#3990,#2056);
#1731=LINE('',#3991,#2057);
#1732=LINE('',#3994,#2058);
#1733=LINE('',#3996,#2059);
#1734=LINE('',#3998,#2060);
#1735=LINE('',#3999,#2061);
#1736=LINE('',#4009,#2062);
#1737=LINE('',#4011,#2063);
#1738=LINE('',#4013,#2064);
#1739=LINE('',#4015,#2065);
#1740=LINE('',#4017,#2066);
#1741=LINE('',#4019,#2067);
#1742=LINE('',#4021,#2068);
#1743=LINE('',#4042,#2069);
#1744=LINE('',#4044,#2070);
#1745=LINE('',#4061,#2071);
#1746=LINE('',#4079,#2072);
#1747=LINE('',#4093,#2073);
#1748=LINE('',#4096,#2074);
#1749=LINE('',#4101,#2075);
#1750=LINE('',#4104,#2076);
#1751=LINE('',#4107,#2077);
#1752=LINE('',#4109,#2078);
#1753=LINE('',#4110,#2079);
#1754=LINE('',#4113,#2080);
#1755=LINE('',#4115,#2081);
#1756=LINE('',#4117,#2082);
#1757=LINE('',#4118,#2083);
#1758=LINE('',#4121,#2084);
#1759=LINE('',#4123,#2085);
#1760=LINE('',#4124,#2086);
#1761=LINE('',#4127,#2087);
#1762=LINE('',#4129,#2088);
#1763=LINE('',#4131,#2089);
#1764=LINE('',#4132,#2090);
#1765=LINE('',#4135,#2091);
#1766=LINE('',#4137,#2092);
#1767=LINE('',#4139,#2093);
#1768=LINE('',#4140,#2094);
#1769=LINE('',#4143,#2095);
#1770=LINE('',#4145,#2096);
#1771=LINE('',#4147,#2097);
#1772=LINE('',#4148,#2098);
#1773=LINE('',#4151,#2099);
#1774=LINE('',#4153,#2100);
#1775=LINE('',#4155,#2101);
#1776=LINE('',#4156,#2102);
#1777=LINE('',#4159,#2103);
#1778=LINE('',#4161,#2104);
#1779=LINE('',#4163,#2105);
#1780=LINE('',#4164,#2106);
#1781=LINE('',#4167,#2107);
#1782=LINE('',#4169,#2108);
#1783=LINE('',#4171,#2109);
#1784=LINE('',#4173,#2110);
#1785=LINE('',#4176,#2111);
#1786=LINE('',#4178,#2112);
#1787=LINE('',#4180,#2113);
#1788=LINE('',#4181,#2114);
#1789=LINE('',#4184,#2115);
#1790=LINE('',#4186,#2116);
#1791=LINE('',#4188,#2117);
#1792=LINE('',#4190,#2118);
#1793=LINE('',#4191,#2119);
#1794=LINE('',#4194,#2120);
#1795=LINE('',#4196,#2121);
#1796=LINE('',#4198,#2122);
#1797=LINE('',#4199,#2123);
#1798=LINE('',#4202,#2124);
#1799=LINE('',#4204,#2125);
#1800=LINE('',#4206,#2126);
#1801=LINE('',#4207,#2127);
#1802=LINE('',#4210,#2128);
#1803=LINE('',#4212,#2129);
#1804=LINE('',#4214,#2130);
#1805=LINE('',#4216,#2131);
#1806=LINE('',#4217,#2132);
#1807=LINE('',#4220,#2133);
#1808=LINE('',#4222,#2134);
#1809=LINE('',#4224,#2135);
#1810=LINE('',#4233,#2136);
#1811=LINE('',#4242,#2137);
#1812=LINE('',#4244,#2138);
#1813=LINE('',#4246,#2139);
#1814=LINE('',#4249,#2140);
#1815=LINE('',#4254,#2141);
#1816=LINE('',#4257,#2142);
#1817=LINE('',#4260,#2143);
#1818=LINE('',#4262,#2144);
#1819=LINE('',#4263,#2145);
#1820=LINE('',#4266,#2146);
#1821=LINE('',#4268,#2147);
#1822=LINE('',#4270,#2148);
#1823=LINE('',#4271,#2149);
#1824=LINE('',#4274,#2150);
#1825=LINE('',#4276,#2151);
#1826=LINE('',#4277,#2152);
#1827=LINE('',#4280,#2153);
#1828=LINE('',#4282,#2154);
#1829=LINE('',#4284,#2155);
#1830=LINE('',#4285,#2156);
#1831=LINE('',#4288,#2157);
#1832=LINE('',#4290,#2158);
#1833=LINE('',#4292,#2159);
#1834=LINE('',#4293,#2160);
#1835=LINE('',#4296,#2161);
#1836=LINE('',#4298,#2162);
#1837=LINE('',#4300,#2163);
#1838=LINE('',#4301,#2164);
#1839=LINE('',#4304,#2165);
#1840=LINE('',#4306,#2166);
#1841=LINE('',#4308,#2167);
#1842=LINE('',#4309,#2168);
#1843=LINE('',#4312,#2169);
#1844=LINE('',#4314,#2170);
#1845=LINE('',#4316,#2171);
#1846=LINE('',#4317,#2172);
#1847=LINE('',#4320,#2173);
#1848=LINE('',#4322,#2174);
#1849=LINE('',#4324,#2175);
#1850=LINE('',#4326,#2176);
#1851=LINE('',#4328,#2177);
#1852=LINE('',#4330,#2178);
#1853=LINE('',#4332,#2179);
#1854=LINE('',#4335,#2180);
#1855=LINE('',#4337,#2181);
#1856=LINE('',#4339,#2182);
#1857=LINE('',#4341,#2183);
#1858=LINE('',#4344,#2184);
#1859=LINE('',#4345,#2185);
#1860=LINE('',#4347,#2186);
#1861=LINE('',#4350,#2187);
#1862=LINE('',#4352,#2188);
#1863=LINE('',#4354,#2189);
#1864=LINE('',#4356,#2190);
#1865=LINE('',#4359,#2191);
#1866=LINE('',#4361,#2192);
#1867=LINE('',#4363,#2193);
#1868=LINE('',#4365,#2194);
#1869=LINE('',#4368,#2195);
#1870=LINE('',#4370,#2196);
#1871=LINE('',#4372,#2197);
#1872=LINE('',#4374,#2198);
#1873=LINE('',#4377,#2199);
#1874=LINE('',#4379,#2200);
#1875=LINE('',#4381,#2201);
#1876=LINE('',#4383,#2202);
#1877=LINE('',#4386,#2203);
#1878=LINE('',#4388,#2204);
#1879=LINE('',#4390,#2205);
#1880=LINE('',#4424,#2206);
#1881=LINE('',#4427,#2207);
#1882=LINE('',#4429,#2208);
#1883=LINE('',#4431,#2209);
#1884=LINE('',#4432,#2210);
#1885=LINE('',#4435,#2211);
#1886=LINE('',#4437,#2212);
#1887=LINE('',#4439,#2213);
#1888=LINE('',#4441,#2214);
#1889=LINE('',#4444,#2215);
#1890=LINE('',#4446,#2216);
#1891=LINE('',#4448,#2217);
#1892=LINE('',#4449,#2218);
#1893=LINE('',#4452,#2219);
#1894=LINE('',#4454,#2220);
#1895=LINE('',#4456,#2221);
#1896=LINE('',#4458,#2222);
#1897=LINE('',#4460,#2223);
#1898=LINE('',#4469,#2224);
#1899=LINE('',#4478,#2225);
#1900=LINE('',#4480,#2226);
#1901=LINE('',#4481,#2227);
#1902=LINE('',#4482,#2228);
#1903=LINE('',#4501,#2229);
#1904=LINE('',#4518,#2230);
#1905=LINE('',#4520,#2231);
#1906=LINE('',#4534,#2232);
#1907=LINE('',#4558,#2233);
#1908=LINE('',#4561,#2234);
#1909=LINE('',#4563,#2235);
#1910=LINE('',#4565,#2236);
#1911=LINE('',#4576,#2237);
#1912=LINE('',#4579,#2238);
#1913=LINE('',#4581,#2239);
#1914=LINE('',#4583,#2240);
#1915=LINE('',#4585,#2241);
#1916=LINE('',#4595,#2242);
#1917=LINE('',#4597,#2243);
#1918=LINE('',#4599,#2244);
#1919=LINE('',#4627,#2245);
#1920=LINE('',#4628,#2246);
#1921=LINE('',#4630,#2247);
#1922=LINE('',#4631,#2248);
#1923=LINE('',#4678,#2249);
#1924=LINE('',#4679,#2250);
#1925=LINE('',#4688,#2251);
#1926=LINE('',#4689,#2252);
#1927=LINE('',#4695,#2253);
#1928=LINE('',#4697,#2254);
#1929=LINE('',#4699,#2255);
#1930=LINE('',#4701,#2256);
#1931=LINE('',#4705,#2257);
#1932=LINE('',#4739,#2258);
#1933=LINE('',#4741,#2259);
#1934=LINE('',#4770,#2260);
#1935=LINE('',#4774,#2261);
#1936=LINE('',#4776,#2262);
#1937=LINE('',#4794,#2263);
#1938=LINE('',#4811,#2264);
#1939=LINE('',#5202,#2265);
#1940=LINE('',#5204,#2266);
#1941=LINE('',#5435,#2267);
#1942=LINE('',#5437,#2268);
#1943=LINE('',#5439,#2269);
#1944=LINE('',#5441,#2270);
#1945=LINE('',#5445,#2271);
#1946=LINE('',#5479,#2272);
#1947=LINE('',#5481,#2273);
#1948=LINE('',#5500,#2274);
#1949=LINE('',#5512,#2275);
#1950=LINE('',#5516,#2276);
#1951=LINE('',#5532,#2277);
#1952=LINE('',#5549,#2278);
#1953=LINE('',#5942,#2279);
#1954=LINE('',#5944,#2280);
#1955=LINE('',#6175,#2281);
#1956=LINE('',#6178,#2282);
#1957=LINE('',#6180,#2283);
#1958=LINE('',#6182,#2284);
#1959=LINE('',#6184,#2285);
#1960=LINE('',#6185,#2286);
#1961=LINE('',#6187,#2287);
#1962=LINE('',#6188,#2288);
#1963=LINE('',#6192,#2289);
#1964=LINE('',#6195,#2290);
#1965=LINE('',#6197,#2291);
#1966=LINE('',#6199,#2292);
#1967=LINE('',#6201,#2293);
#1968=LINE('',#6202,#2294);
#1969=LINE('',#6204,#2295);
#1970=LINE('',#6205,#2296);
#1971=LINE('',#6215,#2297);
#1972=LINE('',#6216,#2298);
#1973=LINE('',#6218,#2299);
#1974=LINE('',#6220,#2300);
#1975=LINE('',#6223,#2301);
#1976=LINE('',#6224,#2302);
#1977=LINE('',#6226,#2303);
#1978=LINE('',#6229,#2304);
#1979=LINE('',#6230,#2305);
#1980=LINE('',#6232,#2306);
#1981=LINE('',#6234,#2307);
#1982=LINE('',#6237,#2308);
#1983=LINE('',#6238,#2309);
#1984=LINE('',#6240,#2310);
#1985=LINE('',#6242,#2311);
#1986=LINE('',#6244,#2312);
#1987=LINE('',#6247,#2313);
#1988=LINE('',#6248,#2314);
#1989=LINE('',#6250,#2315);
#1990=LINE('',#6252,#2316);
#1991=LINE('',#6255,#2317);
#1992=LINE('',#6256,#2318);
#1993=LINE('',#6258,#2319);
#1994=LINE('',#6260,#2320);
#1995=LINE('',#6263,#2321);
#1996=LINE('',#6264,#2322);
#1997=LINE('',#6266,#2323);
#1998=LINE('',#6269,#2324);
#1999=LINE('',#6270,#2325);
#2000=LINE('',#6272,#2326);
#2001=LINE('',#6274,#2327);
#2002=LINE('',#6277,#2328);
#2003=LINE('',#6278,#2329);
#2004=LINE('',#6280,#2330);
#2005=LINE('',#6282,#2331);
#2006=LINE('',#6285,#2332);
#2007=LINE('',#6286,#2333);
#2008=LINE('',#6288,#2334);
#2009=LINE('',#6290,#2335);
#2010=LINE('',#6293,#2336);
#2011=LINE('',#6294,#2337);
#2012=LINE('',#6296,#2338);
#2013=LINE('',#6298,#2339);
#2014=LINE('',#6301,#2340);
#2015=LINE('',#6302,#2341);
#2016=LINE('',#6304,#2342);
#2017=LINE('',#6306,#2343);
#2018=LINE('',#6308,#2344);
#2019=LINE('',#6311,#2345);
#2020=LINE('',#6312,#2346);
#2021=LINE('',#6314,#2347);
#2022=LINE('',#6316,#2348);
#2023=LINE('',#6319,#2349);
#2024=LINE('',#6320,#2350);
#2025=LINE('',#6322,#2351);
#2026=LINE('',#6324,#2352);
#2027=LINE('',#6327,#2353);
#2028=LINE('',#6328,#2354);
#2029=LINE('',#6330,#2355);
#2030=LINE('',#6332,#2356);
#2031=LINE('',#6335,#2357);
#2032=LINE('',#6336,#2358);
#2033=LINE('',#6338,#2359);
#2034=LINE('',#6340,#2360);
#2035=VECTOR('',#3229,1.);
#2036=VECTOR('',#3230,1.);
#2037=VECTOR('',#3231,1.);
#2038=VECTOR('',#3232,1.);
#2039=VECTOR('',#3233,1.);
#2040=VECTOR('',#3234,1.);
#2041=VECTOR('',#3235,1.);
#2042=VECTOR('',#3236,1.);
#2043=VECTOR('',#3237,1.);
#2044=VECTOR('',#3238,1.);
#2045=VECTOR('',#3239,1.);
#2046=VECTOR('',#3240,1.);
#2047=VECTOR('',#3241,1.);
#2048=VECTOR('',#3242,1.);
#2049=VECTOR('',#3243,1.);
#2050=VECTOR('',#3244,1.);
#2051=VECTOR('',#3245,1.);
#2052=VECTOR('',#3246,1.);
#2053=VECTOR('',#3247,1.);
#2054=VECTOR('',#3248,1.);
#2055=VECTOR('',#3249,1.);
#2056=VECTOR('',#3250,1.);
#2057=VECTOR('',#3251,1.);
#2058=VECTOR('',#3252,1.);
#2059=VECTOR('',#3253,1.);
#2060=VECTOR('',#3254,1.);
#2061=VECTOR('',#3255,1.);
#2062=VECTOR('',#3258,1.);
#2063=VECTOR('',#3259,1.);
#2064=VECTOR('',#3260,1.);
#2065=VECTOR('',#3261,1.);
#2066=VECTOR('',#3262,1.);
#2067=VECTOR('',#3263,1.);
#2068=VECTOR('',#3264,1.);
#2069=VECTOR('',#3269,1.);
#2070=VECTOR('',#3270,1.);
#2071=VECTOR('',#3273,1.);
#2072=VECTOR('',#3276,1.);
#2073=VECTOR('',#3279,1.);
#2074=VECTOR('',#3282,1.);
#2075=VECTOR('',#3285,1.);
#2076=VECTOR('',#3288,1.);
#2077=VECTOR('',#3289,1.);
#2078=VECTOR('',#3290,1.);
#2079=VECTOR('',#3291,1.);
#2080=VECTOR('',#3292,1.);
#2081=VECTOR('',#3293,1.);
#2082=VECTOR('',#3294,1.);
#2083=VECTOR('',#3295,1.);
#2084=VECTOR('',#3296,1.);
#2085=VECTOR('',#3297,1.);
#2086=VECTOR('',#3298,1.);
#2087=VECTOR('',#3299,1.);
#2088=VECTOR('',#3300,1.);
#2089=VECTOR('',#3301,1.);
#2090=VECTOR('',#3302,1.);
#2091=VECTOR('',#3303,1.);
#2092=VECTOR('',#3304,1.);
#2093=VECTOR('',#3305,1.);
#2094=VECTOR('',#3306,1.);
#2095=VECTOR('',#3307,1.);
#2096=VECTOR('',#3308,1.);
#2097=VECTOR('',#3309,1.);
#2098=VECTOR('',#3310,1.);
#2099=VECTOR('',#3311,1.);
#2100=VECTOR('',#3312,1.);
#2101=VECTOR('',#3313,1.);
#2102=VECTOR('',#3314,1.);
#2103=VECTOR('',#3315,1.);
#2104=VECTOR('',#3316,1.);
#2105=VECTOR('',#3317,1.);
#2106=VECTOR('',#3318,1.);
#2107=VECTOR('',#3319,1.);
#2108=VECTOR('',#3320,1.);
#2109=VECTOR('',#3321,1.);
#2110=VECTOR('',#3324,1.);
#2111=VECTOR('',#3325,1.);
#2112=VECTOR('',#3326,1.);
#2113=VECTOR('',#3327,1.);
#2114=VECTOR('',#3328,1.);
#2115=VECTOR('',#3329,1.);
#2116=VECTOR('',#3330,1.);
#2117=VECTOR('',#3331,1.);
#2118=VECTOR('',#3332,1.);
#2119=VECTOR('',#3333,1.);
#2120=VECTOR('',#3334,1.);
#2121=VECTOR('',#3335,1.);
#2122=VECTOR('',#3336,1.);
#2123=VECTOR('',#3337,1.);
#2124=VECTOR('',#3338,1.);
#2125=VECTOR('',#3339,1.);
#2126=VECTOR('',#3340,1.);
#2127=VECTOR('',#3341,1.);
#2128=VECTOR('',#3342,1.);
#2129=VECTOR('',#3343,1.);
#2130=VECTOR('',#3344,1.);
#2131=VECTOR('',#3345,1.);
#2132=VECTOR('',#3346,1.);
#2133=VECTOR('',#3347,1.);
#2134=VECTOR('',#3348,1.);
#2135=VECTOR('',#3349,1.);
#2136=VECTOR('',#3352,1.);
#2137=VECTOR('',#3355,1.);
#2138=VECTOR('',#3356,1.);
#2139=VECTOR('',#3357,1.);
#2140=VECTOR('',#3360,1.);
#2141=VECTOR('',#3363,1.);
#2142=VECTOR('',#3366,1.);
#2143=VECTOR('',#3367,1.);
#2144=VECTOR('',#3368,1.);
#2145=VECTOR('',#3369,1.);
#2146=VECTOR('',#3370,1.);
#2147=VECTOR('',#3371,1.);
#2148=VECTOR('',#3372,1.);
#2149=VECTOR('',#3373,1.);
#2150=VECTOR('',#3374,1.);
#2151=VECTOR('',#3375,1.);
#2152=VECTOR('',#3376,1.);
#2153=VECTOR('',#3377,1.);
#2154=VECTOR('',#3378,1.);
#2155=VECTOR('',#3379,1.);
#2156=VECTOR('',#3380,1.);
#2157=VECTOR('',#3381,1.);
#2158=VECTOR('',#3382,1.);
#2159=VECTOR('',#3383,1.);
#2160=VECTOR('',#3384,1.);
#2161=VECTOR('',#3385,1.);
#2162=VECTOR('',#3386,1.);
#2163=VECTOR('',#3387,1.);
#2164=VECTOR('',#3388,1.);
#2165=VECTOR('',#3389,1.);
#2166=VECTOR('',#3390,1.);
#2167=VECTOR('',#3391,1.);
#2168=VECTOR('',#3392,1.);
#2169=VECTOR('',#3393,1.);
#2170=VECTOR('',#3394,1.);
#2171=VECTOR('',#3395,1.);
#2172=VECTOR('',#3396,1.);
#2173=VECTOR('',#3397,1.);
#2174=VECTOR('',#3398,1.);
#2175=VECTOR('',#3399,1.);
#2176=VECTOR('',#3402,1.);
#2177=VECTOR('',#3403,1.);
#2178=VECTOR('',#3404,1.);
#2179=VECTOR('',#3407,1.);
#2180=VECTOR('',#3408,1.);
#2181=VECTOR('',#3409,1.);
#2182=VECTOR('',#3410,1.);
#2183=VECTOR('',#3413,1.);
#2184=VECTOR('',#3414,1.);
#2185=VECTOR('',#3415,1.);
#2186=VECTOR('',#3418,1.);
#2187=VECTOR('',#3419,1.);
#2188=VECTOR('',#3420,1.);
#2189=VECTOR('',#3421,1.);
#2190=VECTOR('',#3424,1.);
#2191=VECTOR('',#3425,1.);
#2192=VECTOR('',#3426,1.);
#2193=VECTOR('',#3427,1.);
#2194=VECTOR('',#3430,1.);
#2195=VECTOR('',#3431,1.);
#2196=VECTOR('',#3432,1.);
#2197=VECTOR('',#3433,1.);
#2198=VECTOR('',#3436,1.);
#2199=VECTOR('',#3437,1.);
#2200=VECTOR('',#3438,1.);
#2201=VECTOR('',#3439,1.);
#2202=VECTOR('',#3442,1.);
#2203=VECTOR('',#3443,1.);
#2204=VECTOR('',#3444,1.);
#2205=VECTOR('',#3445,1.);
#2206=VECTOR('',#3496,1.);
#2207=VECTOR('',#3497,1.);
#2208=VECTOR('',#3498,1.);
#2209=VECTOR('',#3499,1.);
#2210=VECTOR('',#3500,1.);
#2211=VECTOR('',#3501,1.);
#2212=VECTOR('',#3502,1.);
#2213=VECTOR('',#3503,1.);
#2214=VECTOR('',#3506,1.);
#2215=VECTOR('',#3507,1.);
#2216=VECTOR('',#3508,1.);
#2217=VECTOR('',#3509,1.);
#2218=VECTOR('',#3510,1.);
#2219=VECTOR('',#3511,1.);
#2220=VECTOR('',#3512,1.);
#2221=VECTOR('',#3513,1.);
#2222=VECTOR('',#3516,1.);
#2223=VECTOR('',#3517,1.);
#2224=VECTOR('',#3520,1.);
#2225=VECTOR('',#3523,1.);
#2226=VECTOR('',#3524,1.);
#2227=VECTOR('',#3525,1.);
#2228=VECTOR('',#3526,1.);
#2229=VECTOR('',#3529,1.);
#2230=VECTOR('',#3532,1.);
#2231=VECTOR('',#3533,1.);
#2232=VECTOR('',#3536,1.);
#2233=VECTOR('',#3547,1.);
#2234=VECTOR('',#3548,1.);
#2235=VECTOR('',#3549,1.);
#2236=VECTOR('',#3550,1.);
#2237=VECTOR('',#3557,1.);
#2238=VECTOR('',#3558,1.);
#2239=VECTOR('',#3559,1.);
#2240=VECTOR('',#3560,1.);
#2241=VECTOR('',#3563,1.);
#2242=VECTOR('',#3566,1.);
#2243=VECTOR('',#3567,1.);
#2244=VECTOR('',#3568,1.);
#2245=VECTOR('',#3583,1.);
#2246=VECTOR('',#3584,1.);
#2247=VECTOR('',#3587,1.);
#2248=VECTOR('',#3588,1.);
#2249=VECTOR('',#3609,1.);
#2250=VECTOR('',#3610,1.);
#2251=VECTOR('',#3611,1.);
#2252=VECTOR('',#3612,1.);
#2253=VECTOR('',#3623,1.);
#2254=VECTOR('',#3624,1.);
#2255=VECTOR('',#3625,1.);
#2256=VECTOR('',#3628,1.);
#2257=VECTOR('',#3631,1.);
#2258=VECTOR('',#3634,1.);
#2259=VECTOR('',#3635,1.);
#2260=VECTOR('',#3636,1.);
#2261=VECTOR('',#3641,1.);
#2262=VECTOR('',#3644,1.);
#2263=VECTOR('',#3649,1.);
#2264=VECTOR('',#3652,1.);
#2265=VECTOR('',#3657,1.);
#2266=VECTOR('',#3660,1.);
#2267=VECTOR('',#3665,1.);
#2268=VECTOR('',#3666,1.);
#2269=VECTOR('',#3667,1.);
#2270=VECTOR('',#3670,1.);
#2271=VECTOR('',#3673,1.);
#2272=VECTOR('',#3676,1.);
#2273=VECTOR('',#3677,1.);
#2274=VECTOR('',#3678,1.);
#2275=VECTOR('',#3681,1.);
#2276=VECTOR('',#3686,1.);
#2277=VECTOR('',#3689,1.);
#2278=VECTOR('',#3692,1.);
#2279=VECTOR('',#3699,1.);
#2280=VECTOR('',#3702,1.);
#2281=VECTOR('',#3707,1.);
#2282=VECTOR('',#3708,1.);
#2283=VECTOR('',#3709,1.);
#2284=VECTOR('',#3710,1.);
#2285=VECTOR('',#3713,1.);
#2286=VECTOR('',#3714,1.);
#2287=VECTOR('',#3717,1.);
#2288=VECTOR('',#3718,1.);
#2289=VECTOR('',#3725,1.);
#2290=VECTOR('',#3726,1.);
#2291=VECTOR('',#3727,1.);
#2292=VECTOR('',#3728,1.);
#2293=VECTOR('',#3731,1.);
#2294=VECTOR('',#3732,1.);
#2295=VECTOR('',#3735,1.);
#2296=VECTOR('',#3736,1.);
#2297=VECTOR('',#3755,1.);
#2298=VECTOR('',#3756,1.);
#2299=VECTOR('',#3759,1.);
#2300=VECTOR('',#3762,1.);
#2301=VECTOR('',#3767,1.);
#2302=VECTOR('',#3768,1.);
#2303=VECTOR('',#3771,1.);
#2304=VECTOR('',#3776,1.);
#2305=VECTOR('',#3777,1.);
#2306=VECTOR('',#3780,1.);
#2307=VECTOR('',#3783,1.);
#2308=VECTOR('',#3788,1.);
#2309=VECTOR('',#3789,1.);
#2310=VECTOR('',#3792,1.);
#2311=VECTOR('',#3795,1.);
#2312=VECTOR('',#3798,1.);
#2313=VECTOR('',#3803,1.);
#2314=VECTOR('',#3804,1.);
#2315=VECTOR('',#3807,1.);
#2316=VECTOR('',#3810,1.);
#2317=VECTOR('',#3815,1.);
#2318=VECTOR('',#3816,1.);
#2319=VECTOR('',#3819,1.);
#2320=VECTOR('',#3822,1.);
#2321=VECTOR('',#3827,1.);
#2322=VECTOR('',#3828,1.);
#2323=VECTOR('',#3831,1.);
#2324=VECTOR('',#3836,1.);
#2325=VECTOR('',#3837,1.);
#2326=VECTOR('',#3840,1.);
#2327=VECTOR('',#3843,1.);
#2328=VECTOR('',#3848,1.);
#2329=VECTOR('',#3849,1.);
#2330=VECTOR('',#3852,1.);
#2331=VECTOR('',#3855,1.);
#2332=VECTOR('',#3860,1.);
#2333=VECTOR('',#3861,1.);
#2334=VECTOR('',#3864,1.);
#2335=VECTOR('',#3867,1.);
#2336=VECTOR('',#3872,1.);
#2337=VECTOR('',#3873,1.);
#2338=VECTOR('',#3876,1.);
#2339=VECTOR('',#3879,1.);
#2340=VECTOR('',#3884,1.);
#2341=VECTOR('',#3885,1.);
#2342=VECTOR('',#3888,1.);
#2343=VECTOR('',#3891,1.);
#2344=VECTOR('',#3894,1.);
#2345=VECTOR('',#3899,1.);
#2346=VECTOR('',#3900,1.);
#2347=VECTOR('',#3903,1.);
#2348=VECTOR('',#3906,1.);
#2349=VECTOR('',#3911,1.);
#2350=VECTOR('',#3912,1.);
#2351=VECTOR('',#3915,1.);
#2352=VECTOR('',#3918,1.);
#2353=VECTOR('',#3923,1.);
#2354=VECTOR('',#3924,1.);
#2355=VECTOR('',#3927,1.);
#2356=VECTOR('',#3930,1.);
#2357=VECTOR('',#3935,1.);
#2358=VECTOR('',#3936,1.);
#2359=VECTOR('',#3939,1.);
#2360=VECTOR('',#3942,1.);
#2361=EDGE_LOOP('',(#151,#152,#153,#154));
#2362=EDGE_LOOP('',(#155,#156,#157,#158,#159));
#2363=EDGE_LOOP('',(#160,#161,#162,#163));
#2364=EDGE_LOOP('',(#164,#165,#166,#167));
#2365=EDGE_LOOP('',(#168,#169,#170,#171,#172));
#2366=EDGE_LOOP('',(#173,#174,#175,#176));
#2367=EDGE_LOOP('',(#177,#178,#179,#180,#181,#182,#183,#184,#185,#186,#187,
#188));
#2368=EDGE_LOOP('',(#189,#190,#191,#192,#193,#194,#195,#196,#197,#198,#199,
#200,#201));
#2369=EDGE_LOOP('',(#202));
#2370=EDGE_LOOP('',(#203,#204,#205,#206));
#2371=EDGE_LOOP('',(#207,#208,#209));
#2372=EDGE_LOOP('',(#210,#211,#212,#213));
#2373=EDGE_LOOP('',(#214,#215,#216));
#2374=EDGE_LOOP('',(#217,#218,#219,#220));
#2375=EDGE_LOOP('',(#221,#222,#223,#224));
#2376=EDGE_LOOP('',(#225,#226,#227,#228));
#2377=EDGE_LOOP('',(#229,#230,#231,#232));
#2378=EDGE_LOOP('',(#233,#234,#235,#236));
#2379=EDGE_LOOP('',(#237,#238,#239,#240));
#2380=EDGE_LOOP('',(#241,#242,#243,#244));
#2381=EDGE_LOOP('',(#245,#246,#247,#248,#249));
#2382=EDGE_LOOP('',(#250,#251,#252,#253));
#2383=EDGE_LOOP('',(#254,#255,#256,#257));
#2384=EDGE_LOOP('',(#258,#259,#260,#261,#262));
#2385=EDGE_LOOP('',(#263,#264,#265,#266));
#2386=EDGE_LOOP('',(#267,#268,#269,#270,#271,#272,#273,#274));
#2387=EDGE_LOOP('',(#275));
#2388=EDGE_LOOP('',(#276,#277,#278,#279));
#2389=EDGE_LOOP('',(#280,#281,#282));
#2390=EDGE_LOOP('',(#283,#284,#285,#286));
#2391=EDGE_LOOP('',(#287,#288,#289));
#2392=EDGE_LOOP('',(#290,#291,#292,#293));
#2393=EDGE_LOOP('',(#294,#295,#296,#297));
#2394=EDGE_LOOP('',(#298,#299,#300,#301));
#2395=EDGE_LOOP('',(#302,#303,#304,#305));
#2396=EDGE_LOOP('',(#306,#307,#308,#309));
#2397=EDGE_LOOP('',(#310,#311,#312,#313));
#2398=EDGE_LOOP('',(#314,#315,#316,#317));
#2399=EDGE_LOOP('',(#318,#319,#320,#321));
#2400=EDGE_LOOP('',(#322,#323,#324,#325));
#2401=EDGE_LOOP('',(#326,#327,#328,#329));
#2402=EDGE_LOOP('',(#330,#331,#332,#333));
#2403=EDGE_LOOP('',(#334,#335,#336,#337));
#2404=EDGE_LOOP('',(#338,#339,#340,#341));
#2405=EDGE_LOOP('',(#342,#343,#344,#345));
#2406=EDGE_LOOP('',(#346,#347,#348,#349));
#2407=EDGE_LOOP('',(#350));
#2408=EDGE_LOOP('',(#351));
#2409=EDGE_LOOP('',(#352,#353,#354,#355));
#2410=EDGE_LOOP('',(#356));
#2411=EDGE_LOOP('',(#357));
#2412=EDGE_LOOP('',(#358,#359,#360,#361));
#2413=EDGE_LOOP('',(#362));
#2414=EDGE_LOOP('',(#363));
#2415=EDGE_LOOP('',(#364,#365,#366,#367));
#2416=EDGE_LOOP('',(#368));
#2417=EDGE_LOOP('',(#369));
#2418=EDGE_LOOP('',(#370,#371,#372,#373));
#2419=EDGE_LOOP('',(#374,#375,#376,#377));
#2420=EDGE_LOOP('',(#378,#379,#380,#381));
#2421=EDGE_LOOP('',(#382,#383,#384,#385));
#2422=EDGE_LOOP('',(#386,#387,#388,#389,#390,#391,#392,#393,#394,#395,#396,
#397));
#2423=EDGE_LOOP('',(#398,#399,#400,#401,#402,#403,#404,#405,#406,#407,#408,
#409,#410));
#2424=EDGE_LOOP('',(#411,#412,#413,#414,#415,#416));
#2425=EDGE_LOOP('',(#417,#418,#419,#420));
#2426=EDGE_LOOP('',(#421,#422,#423,#424));
#2427=EDGE_LOOP('',(#425,#426,#427,#428));
#2428=EDGE_LOOP('',(#429,#430,#431,#432,#433,#434,#435,#436));
#2429=EDGE_LOOP('',(#437,#438,#439,#440,#441,#442));
#2430=EDGE_LOOP('',(#443,#444,#445,#446));
#2431=EDGE_LOOP('',(#447,#448,#449,#450));
#2432=EDGE_LOOP('',(#451,#452,#453,#454));
#2433=EDGE_LOOP('',(#455,#456,#457,#458,#459,#460));
#2434=EDGE_LOOP('',(#461,#462,#463,#464));
#2435=EDGE_LOOP('',(#465,#466,#467,#468));
#2436=EDGE_LOOP('',(#469,#470,#471,#472,#473,#474));
#2437=EDGE_LOOP('',(#475,#476,#477,#478,#479,#480,#481,#482,#483,#484,#485,
#486));
#2438=EDGE_LOOP('',(#487,#488,#489,#490,#491,#492,#493,#494,#495,#496,#497,
#498));
#2439=EDGE_LOOP('',(#499,#500,#501,#502));
#2440=EDGE_LOOP('',(#503,#504,#505,#506));
#2441=EDGE_LOOP('',(#507,#508,#509,#510));
#2442=EDGE_LOOP('',(#511,#512,#513,#514));
#2443=EDGE_LOOP('',(#515,#516,#517,#518));
#2444=EDGE_LOOP('',(#519,#520,#521,#522));
#2445=EDGE_LOOP('',(#523,#524,#525,#526));
#2446=EDGE_LOOP('',(#527,#528,#529,#530));
#2447=EDGE_LOOP('',(#531,#532,#533,#534));
#2448=EDGE_LOOP('',(#535,#536,#537,#538));
#2449=EDGE_LOOP('',(#539,#540,#541,#542));
#2450=EDGE_LOOP('',(#543,#544,#545,#546,#547,#548,#549,#550,#551,#552,#553,
#554,#555));
#2451=EDGE_LOOP('',(#556,#557,#558,#559));
#2452=EDGE_LOOP('',(#560,#561,#562,#563));
#2453=EDGE_LOOP('',(#564,#565,#566,#567));
#2454=EDGE_LOOP('',(#568,#569,#570,#571));
#2455=EDGE_LOOP('',(#572,#573,#574,#575));
#2456=EDGE_LOOP('',(#576,#577,#578,#579));
#2457=EDGE_LOOP('',(#580,#581,#582,#583));
#2458=EDGE_LOOP('',(#584,#585,#586,#587));
#2459=EDGE_LOOP('',(#588,#589,#590,#591));
#2460=EDGE_LOOP('',(#592,#593,#594,#595));
#2461=EDGE_LOOP('',(#596,#597,#598,#599));
#2462=EDGE_LOOP('',(#600,#601,#602,#603));
#2463=EDGE_LOOP('',(#604,#605,#606,#607));
#2464=EDGE_LOOP('',(#608,#609,#610,#611,#612,#613,#614,#615,#616,#617,#618,
#619,#620));
#2465=EDGE_LOOP('',(#621,#622,#623,#624));
#2466=EDGE_LOOP('',(#625,#626,#627,#628));
#2467=EDGE_LOOP('',(#629,#630,#631,#632));
#2468=EDGE_LOOP('',(#633,#634,#635,#636));
#2469=EDGE_LOOP('',(#637,#638,#639,#640));
#2470=EDGE_LOOP('',(#641,#642,#643,#644));
#2471=EDGE_LOOP('',(#645,#646,#647,#648));
#2472=EDGE_LOOP('',(#649,#650,#651,#652));
#2473=EDGE_LOOP('',(#653,#654,#655,#656));
#2474=EDGE_LOOP('',(#657,#658,#659,#660));
#2475=EDGE_LOOP('',(#661,#662,#663,#664));
#2476=EDGE_LOOP('',(#665,#666,#667,#668));
#2477=EDGE_LOOP('',(#669,#670,#671,#672));
#2478=EDGE_LOOP('',(#673,#674,#675,#676));
#2479=EDGE_LOOP('',(#677,#678,#679,#680));
#2480=EDGE_LOOP('',(#681,#682,#683,#684));
#2481=EDGE_LOOP('',(#685,#686,#687,#688,#689,#690,#691,#692));
#2482=EDGE_LOOP('',(#693,#694,#695,#696,#697,#698,#699,#700,#701,#702,#703,
#704,#705,#706,#707,#708,#709,#710,#711,#712));
#2483=EDGE_LOOP('',(#713));
#2484=EDGE_LOOP('',(#714));
#2485=EDGE_LOOP('',(#715));
#2486=EDGE_LOOP('',(#716));
#2487=EDGE_LOOP('',(#717));
#2488=EDGE_LOOP('',(#718,#719,#720,#721,#722));
#2489=EDGE_LOOP('',(#723));
#2490=EDGE_LOOP('',(#724,#725,#726,#727,#728));
#2491=EDGE_LOOP('',(#729,#730,#731,#732,#733));
#2492=EDGE_LOOP('',(#734));
#2493=EDGE_LOOP('',(#735));
#2494=EDGE_LOOP('',(#736,#737,#738,#739,#740));
#2495=EDGE_LOOP('',(#741));
#2496=EDGE_LOOP('',(#742));
#2497=EDGE_LOOP('',(#743,#744,#745,#746));
#2498=EDGE_LOOP('',(#747,#748,#749,#750));
#2499=EDGE_LOOP('',(#751,#752,#753,#754));
#2500=EDGE_LOOP('',(#755,#756,#757,#758));
#2501=EDGE_LOOP('',(#759,#760,#761,#762));
#2502=EDGE_LOOP('',(#763,#764,#765,#766));
#2503=EDGE_LOOP('',(#767,#768,#769,#770));
#2504=EDGE_LOOP('',(#771,#772,#773,#774));
#2505=EDGE_LOOP('',(#775,#776,#777,#778));
#2506=EDGE_LOOP('',(#779,#780,#781,#782));
#2507=EDGE_LOOP('',(#783,#784,#785,#786));
#2508=EDGE_LOOP('',(#787,#788,#789,#790));
#2509=EDGE_LOOP('',(#791,#792,#793,#794));
#2510=EDGE_LOOP('',(#795,#796,#797,#798));
#2511=EDGE_LOOP('',(#799,#800,#801,#802));
#2512=EDGE_LOOP('',(#803,#804,#805,#806));
#2513=EDGE_LOOP('',(#807,#808,#809,#810));
#2514=EDGE_LOOP('',(#811,#812,#813,#814));
#2515=EDGE_LOOP('',(#815,#816,#817,#818));
#2516=EDGE_LOOP('',(#819,#820,#821,#822));
#2517=EDGE_LOOP('',(#823,#824,#825,#826));
#2518=EDGE_LOOP('',(#827,#828,#829,#830));
#2519=EDGE_LOOP('',(#831,#832,#833,#834));
#2520=EDGE_LOOP('',(#835,#836,#837,#838));
#2521=EDGE_LOOP('',(#839,#840,#841,#842));
#2522=EDGE_LOOP('',(#843,#844,#845,#846));
#2523=EDGE_LOOP('',(#847,#848,#849,#850));
#2524=EDGE_LOOP('',(#851,#852,#853,#854));
#2525=EDGE_LOOP('',(#855,#856,#857,#858));
#2526=EDGE_LOOP('',(#859,#860,#861,#862));
#2527=EDGE_LOOP('',(#863,#864,#865,#866));
#2528=EDGE_LOOP('',(#867,#868,#869,#870));
#2529=EDGE_LOOP('',(#871,#872,#873,#874));
#2530=EDGE_LOOP('',(#875,#876,#877,#878));
#2531=EDGE_LOOP('',(#879,#880,#881,#882));
#2532=EDGE_LOOP('',(#883,#884,#885,#886));
#2533=EDGE_LOOP('',(#887,#888,#889,#890));
#2534=EDGE_LOOP('',(#891,#892,#893,#894));
#2535=EDGE_LOOP('',(#895,#896,#897,#898));
#2536=EDGE_LOOP('',(#899,#900,#901,#902));
#2537=EDGE_LOOP('',(#903,#904,#905,#906));
#2538=EDGE_LOOP('',(#907,#908,#909,#910));
#2539=EDGE_LOOP('',(#911,#912,#913,#914));
#2540=EDGE_LOOP('',(#915,#916,#917,#918));
#2541=EDGE_LOOP('',(#919,#920,#921,#922));
#2542=EDGE_LOOP('',(#923,#924,#925,#926));
#2543=EDGE_LOOP('',(#927,#928,#929,#930));
#2544=EDGE_LOOP('',(#931,#932,#933,#934));
#2545=EDGE_LOOP('',(#935,#936,#937,#938));
#2546=EDGE_LOOP('',(#939,#940,#941,#942));
#2547=EDGE_LOOP('',(#943,#944,#945,#946));
#2548=EDGE_LOOP('',(#947,#948,#949,#950));
#2549=EDGE_LOOP('',(#951,#952,#953,#954));
#2550=EDGE_LOOP('',(#955,#956,#957,#958));
#2551=EDGE_LOOP('',(#959,#960,#961,#962));
#2552=EDGE_LOOP('',(#963,#964,#965,#966));
#2553=EDGE_LOOP('',(#967,#968,#969,#970));
#2554=EDGE_LOOP('',(#971,#972,#973,#974));
#2555=EDGE_LOOP('',(#975,#976,#977,#978));
#2556=EDGE_LOOP('',(#979,#980,#981,#982));
#2557=EDGE_LOOP('',(#983,#984,#985,#986));
#2558=EDGE_LOOP('',(#987,#988,#989,#990));
#2559=EDGE_LOOP('',(#991,#992,#993,#994));
#2560=EDGE_LOOP('',(#995,#996,#997,#998));
#2561=FACE_BOUND('',#2361,.T.);
#2562=FACE_BOUND('',#2362,.T.);
#2563=FACE_BOUND('',#2363,.T.);
#2564=FACE_BOUND('',#2364,.T.);
#2565=FACE_BOUND('',#2365,.T.);
#2566=FACE_BOUND('',#2366,.T.);
#2567=FACE_BOUND('',#2367,.T.);
#2568=FACE_BOUND('',#2368,.T.);
#2569=FACE_BOUND('',#2369,.T.);
#2570=FACE_BOUND('',#2370,.T.);
#2571=FACE_BOUND('',#2371,.T.);
#2572=FACE_BOUND('',#2372,.T.);
#2573=FACE_BOUND('',#2373,.T.);
#2574=FACE_BOUND('',#2374,.T.);
#2575=FACE_BOUND('',#2375,.T.);
#2576=FACE_BOUND('',#2376,.T.);
#2577=FACE_BOUND('',#2377,.T.);
#2578=FACE_BOUND('',#2378,.T.);
#2579=FACE_BOUND('',#2379,.T.);
#2580=FACE_BOUND('',#2380,.T.);
#2581=FACE_BOUND('',#2381,.T.);
#2582=FACE_BOUND('',#2382,.T.);
#2583=FACE_BOUND('',#2383,.T.);
#2584=FACE_BOUND('',#2384,.T.);
#2585=FACE_BOUND('',#2385,.T.);
#2586=FACE_BOUND('',#2386,.T.);
#2587=FACE_BOUND('',#2387,.T.);
#2588=FACE_BOUND('',#2388,.T.);
#2589=FACE_BOUND('',#2389,.T.);
#2590=FACE_BOUND('',#2390,.T.);
#2591=FACE_BOUND('',#2391,.T.);
#2592=FACE_BOUND('',#2392,.T.);
#2593=FACE_BOUND('',#2393,.T.);
#2594=FACE_BOUND('',#2394,.T.);
#2595=FACE_BOUND('',#2395,.T.);
#2596=FACE_BOUND('',#2396,.T.);
#2597=FACE_BOUND('',#2397,.T.);
#2598=FACE_BOUND('',#2398,.T.);
#2599=FACE_BOUND('',#2399,.T.);
#2600=FACE_BOUND('',#2400,.T.);
#2601=FACE_BOUND('',#2401,.T.);
#2602=FACE_BOUND('',#2402,.T.);
#2603=FACE_BOUND('',#2403,.T.);
#2604=FACE_BOUND('',#2404,.T.);
#2605=FACE_BOUND('',#2405,.T.);
#2606=FACE_BOUND('',#2406,.T.);
#2607=FACE_BOUND('',#2407,.T.);
#2608=FACE_BOUND('',#2408,.T.);
#2609=FACE_BOUND('',#2409,.T.);
#2610=FACE_BOUND('',#2410,.T.);
#2611=FACE_BOUND('',#2411,.T.);
#2612=FACE_BOUND('',#2412,.T.);
#2613=FACE_BOUND('',#2413,.T.);
#2614=FACE_BOUND('',#2414,.T.);
#2615=FACE_BOUND('',#2415,.T.);
#2616=FACE_BOUND('',#2416,.T.);
#2617=FACE_BOUND('',#2417,.T.);
#2618=FACE_BOUND('',#2418,.T.);
#2619=FACE_BOUND('',#2419,.T.);
#2620=FACE_BOUND('',#2420,.T.);
#2621=FACE_BOUND('',#2421,.T.);
#2622=FACE_BOUND('',#2422,.T.);
#2623=FACE_BOUND('',#2423,.T.);
#2624=FACE_BOUND('',#2424,.T.);
#2625=FACE_BOUND('',#2425,.T.);
#2626=FACE_BOUND('',#2426,.T.);
#2627=FACE_BOUND('',#2427,.T.);
#2628=FACE_BOUND('',#2428,.T.);
#2629=FACE_BOUND('',#2429,.T.);
#2630=FACE_BOUND('',#2430,.T.);
#2631=FACE_BOUND('',#2431,.T.);
#2632=FACE_BOUND('',#2432,.T.);
#2633=FACE_BOUND('',#2433,.T.);
#2634=FACE_BOUND('',#2434,.T.);
#2635=FACE_BOUND('',#2435,.T.);
#2636=FACE_BOUND('',#2436,.T.);
#2637=FACE_BOUND('',#2437,.T.);
#2638=FACE_BOUND('',#2438,.T.);
#2639=FACE_BOUND('',#2439,.T.);
#2640=FACE_BOUND('',#2440,.T.);
#2641=FACE_BOUND('',#2441,.T.);
#2642=FACE_BOUND('',#2442,.T.);
#2643=FACE_BOUND('',#2443,.T.);
#2644=FACE_BOUND('',#2444,.T.);
#2645=FACE_BOUND('',#2445,.T.);
#2646=FACE_BOUND('',#2446,.T.);
#2647=FACE_BOUND('',#2447,.T.);
#2648=FACE_BOUND('',#2448,.T.);
#2649=FACE_BOUND('',#2449,.T.);
#2650=FACE_BOUND('',#2450,.T.);
#2651=FACE_BOUND('',#2451,.T.);
#2652=FACE_BOUND('',#2452,.T.);
#2653=FACE_BOUND('',#2453,.T.);
#2654=FACE_BOUND('',#2454,.T.);
#2655=FACE_BOUND('',#2455,.T.);
#2656=FACE_BOUND('',#2456,.T.);
#2657=FACE_BOUND('',#2457,.T.);
#2658=FACE_BOUND('',#2458,.T.);
#2659=FACE_BOUND('',#2459,.T.);
#2660=FACE_BOUND('',#2460,.T.);
#2661=FACE_BOUND('',#2461,.T.);
#2662=FACE_BOUND('',#2462,.T.);
#2663=FACE_BOUND('',#2463,.T.);
#2664=FACE_BOUND('',#2464,.T.);
#2665=FACE_BOUND('',#2465,.T.);
#2666=FACE_BOUND('',#2466,.T.);
#2667=FACE_BOUND('',#2467,.T.);
#2668=FACE_BOUND('',#2468,.T.);
#2669=FACE_BOUND('',#2469,.T.);
#2670=FACE_BOUND('',#2470,.T.);
#2671=FACE_BOUND('',#2471,.T.);
#2672=FACE_BOUND('',#2472,.T.);
#2673=FACE_BOUND('',#2473,.T.);
#2674=FACE_BOUND('',#2474,.T.);
#2675=FACE_BOUND('',#2475,.T.);
#2676=FACE_BOUND('',#2476,.T.);
#2677=FACE_BOUND('',#2477,.T.);
#2678=FACE_BOUND('',#2478,.T.);
#2679=FACE_BOUND('',#2479,.T.);
#2680=FACE_BOUND('',#2480,.T.);
#2681=FACE_BOUND('',#2481,.T.);
#2682=FACE_BOUND('',#2482,.T.);
#2683=FACE_BOUND('',#2483,.T.);
#2684=FACE_BOUND('',#2484,.T.);
#2685=FACE_BOUND('',#2485,.T.);
#2686=FACE_BOUND('',#2486,.T.);
#2687=FACE_BOUND('',#2487,.T.);
#2688=FACE_BOUND('',#2488,.T.);
#2689=FACE_BOUND('',#2489,.T.);
#2690=FACE_BOUND('',#2490,.T.);
#2691=FACE_BOUND('',#2491,.T.);
#2692=FACE_BOUND('',#2492,.T.);
#2693=FACE_BOUND('',#2493,.T.);
#2694=FACE_BOUND('',#2494,.T.);
#2695=FACE_BOUND('',#2495,.T.);
#2696=FACE_BOUND('',#2496,.T.);
#2697=FACE_BOUND('',#2497,.T.);
#2698=FACE_BOUND('',#2498,.T.);
#2699=FACE_BOUND('',#2499,.T.);
#2700=FACE_BOUND('',#2500,.T.);
#2701=FACE_BOUND('',#2501,.T.);
#2702=FACE_BOUND('',#2502,.T.);
#2703=FACE_BOUND('',#2503,.T.);
#2704=FACE_BOUND('',#2504,.T.);
#2705=FACE_BOUND('',#2505,.T.);
#2706=FACE_BOUND('',#2506,.T.);
#2707=FACE_BOUND('',#2507,.T.);
#2708=FACE_BOUND('',#2508,.T.);
#2709=FACE_BOUND('',#2509,.T.);
#2710=FACE_BOUND('',#2510,.T.);
#2711=FACE_BOUND('',#2511,.T.);
#2712=FACE_BOUND('',#2512,.T.);
#2713=FACE_BOUND('',#2513,.T.);
#2714=FACE_BOUND('',#2514,.T.);
#2715=FACE_BOUND('',#2515,.T.);
#2716=FACE_BOUND('',#2516,.T.);
#2717=FACE_BOUND('',#2517,.T.);
#2718=FACE_BOUND('',#2518,.T.);
#2719=FACE_BOUND('',#2519,.T.);
#2720=FACE_BOUND('',#2520,.T.);
#2721=FACE_BOUND('',#2521,.T.);
#2722=FACE_BOUND('',#2522,.T.);
#2723=FACE_BOUND('',#2523,.T.);
#2724=FACE_BOUND('',#2524,.T.);
#2725=FACE_BOUND('',#2525,.T.);
#2726=FACE_BOUND('',#2526,.T.);
#2727=FACE_BOUND('',#2527,.T.);
#2728=FACE_BOUND('',#2528,.T.);
#2729=FACE_BOUND('',#2529,.T.);
#2730=FACE_BOUND('',#2530,.T.);
#2731=FACE_BOUND('',#2531,.T.);
#2732=FACE_BOUND('',#2532,.T.);
#2733=FACE_BOUND('',#2533,.T.);
#2734=FACE_BOUND('',#2534,.T.);
#2735=FACE_BOUND('',#2535,.T.);
#2736=FACE_BOUND('',#2536,.T.);
#2737=FACE_BOUND('',#2537,.T.);
#2738=FACE_BOUND('',#2538,.T.);
#2739=FACE_BOUND('',#2539,.T.);
#2740=FACE_BOUND('',#2540,.T.);
#2741=FACE_BOUND('',#2541,.T.);
#2742=FACE_BOUND('',#2542,.T.);
#2743=FACE_BOUND('',#2543,.T.);
#2744=FACE_BOUND('',#2544,.T.);
#2745=FACE_BOUND('',#2545,.T.);
#2746=FACE_BOUND('',#2546,.T.);
#2747=FACE_BOUND('',#2547,.T.);
#2748=FACE_BOUND('',#2548,.T.);
#2749=FACE_BOUND('',#2549,.T.);
#2750=FACE_BOUND('',#2550,.T.);
#2751=FACE_BOUND('',#2551,.T.);
#2752=FACE_BOUND('',#2552,.T.);
#2753=FACE_BOUND('',#2553,.T.);
#2754=FACE_BOUND('',#2554,.T.);
#2755=FACE_BOUND('',#2555,.T.);
#2756=FACE_BOUND('',#2556,.T.);
#2757=FACE_BOUND('',#2557,.T.);
#2758=FACE_BOUND('',#2558,.T.);
#2759=FACE_BOUND('',#2559,.T.);
#2760=FACE_BOUND('',#2560,.T.);
#2761=PLANE('',#3029);
#2762=PLANE('',#3039);
#2763=PLANE('',#3045);
#2764=PLANE('',#3046);
#2765=PLANE('',#3047);
#2766=PLANE('',#3048);
#2767=PLANE('',#3049);
#2768=PLANE('',#3050);
#2769=PLANE('',#3051);
#2770=PLANE('',#3052);
#2771=PLANE('',#3077);
#2772=PLANE('',#3078);
#2773=PLANE('',#3079);
#2774=PLANE('',#3089);
#2775=PLANE('',#3092);
#2776=PLANE('',#3093);
#2777=PLANE('',#3101);
#2778=PLANE('',#3102);
#2779=PLANE('',#3117);
#2780=PLANE('',#3120);
#2781=PLANE('',#3123);
#2782=PLANE('',#3124);
#2783=PLANE('',#3127);
#2784=PLANE('',#3129);
#2785=PLANE('',#3131);
#2786=PLANE('',#3134);
#2787=PLANE('',#3137);
#2788=PLANE('',#3138);
#2789=PLANE('',#3141);
#2790=PLANE('',#3143);
#2791=PLANE('',#3145);
#2792=PLANE('',#3146);
#2793=PLANE('',#3147);
#2794=PLANE('',#3148);
#2795=PLANE('',#3149);
#2796=PLANE('',#3150);
#2797=PLANE('',#3151);
#2798=PLANE('',#3152);
#2799=PLANE('',#3153);
#2800=PLANE('',#3154);
#2801=PLANE('',#3155);
#2802=PLANE('',#3156);
#2803=PLANE('',#3157);
#2804=PLANE('',#3158);
#2805=PLANE('',#3159);
#2806=PLANE('',#3162);
#2807=PLANE('',#3164);
#2808=PLANE('',#3165);
#2809=PLANE('',#3166);
#2810=PLANE('',#3167);
#2811=PLANE('',#3168);
#2812=PLANE('',#3169);
#2813=PLANE('',#3170);
#2814=PLANE('',#3171);
#2815=PLANE('',#3172);
#2816=PLANE('',#3173);
#2817=PLANE('',#3174);
#2818=PLANE('',#3175);
#2819=PLANE('',#3176);
#2820=PLANE('',#3177);
#2821=PLANE('',#3178);
#2822=PLANE('',#3179);
#2823=PLANE('',#3180);
#2824=PLANE('',#3181);
#2825=PLANE('',#3182);
#2826=PLANE('',#3183);
#2827=PLANE('',#3184);
#2828=PLANE('',#3185);
#2829=PLANE('',#3186);
#2830=PLANE('',#3187);
#2831=PLANE('',#3188);
#2832=PLANE('',#3189);
#2833=PLANE('',#3190);
#2834=PLANE('',#3191);
#2835=PLANE('',#3192);
#2836=PLANE('',#3193);
#2837=PLANE('',#3194);
#2838=PLANE('',#3195);
#2839=PLANE('',#3196);
#2840=PLANE('',#3197);
#2841=PLANE('',#3198);
#2842=PLANE('',#3199);
#2843=PLANE('',#3200);
#2844=PLANE('',#3201);
#2845=PLANE('',#3202);
#2846=PLANE('',#3203);
#2847=PLANE('',#3204);
#2848=PLANE('',#3205);
#2849=PLANE('',#3206);
#2850=PLANE('',#3207);
#2851=PLANE('',#3208);
#2852=PLANE('',#3209);
#2853=PLANE('',#3210);
#2854=PLANE('',#3211);
#2855=PLANE('',#3212);
#2856=PLANE('',#3213);
#2857=PLANE('',#3214);
#2858=PLANE('',#3215);
#2859=PLANE('',#3216);
#2860=PLANE('',#3217);
#2861=PLANE('',#3218);
#2862=PLANE('',#3219);
#2863=PLANE('',#3220);
#2864=PLANE('',#3221);
#2865=PLANE('',#3222);
#2866=PLANE('',#3223);
#2867=PLANE('',#3224);
#2868=ADVANCED_FACE('',(#2561,#2562,#2563,#2564,#2565,#2566,#2567,#2568,
#2569,#2570,#2571,#2572,#2573,#2574,#2575,#2576,#2577,#2578,#2579),#2761,
 .F.);
#2869=ADVANCED_FACE('',(#2580,#2581,#2582,#2583,#2584,#2585,#2586,#2587,
#2588,#2589,#2590,#2591,#2592,#2593,#2594,#2595,#2596,#2597),#2762,.F.);
#2870=ADVANCED_FACE('',(#2598),#2763,.F.);
#2871=ADVANCED_FACE('',(#2599),#2764,.T.);
#2872=ADVANCED_FACE('',(#2600),#2765,.T.);
#2873=ADVANCED_FACE('',(#2601),#2766,.F.);
#2874=ADVANCED_FACE('',(#2602),#2767,.T.);
#2875=ADVANCED_FACE('',(#2603),#2768,.F.);
#2876=ADVANCED_FACE('',(#2604),#2769,.F.);
#2877=ADVANCED_FACE('',(#2605),#2770,.T.);
#2878=ADVANCED_FACE('',(#2606),#26,.T.);
#2879=ADVANCED_FACE('',(#2607,#2608),#27,.F.);
#2880=ADVANCED_FACE('',(#2609),#28,.T.);
#2881=ADVANCED_FACE('',(#2610,#2611),#29,.F.);
#2882=ADVANCED_FACE('',(#2612),#30,.T.);
#2883=ADVANCED_FACE('',(#2613,#2614),#31,.F.);
#2884=ADVANCED_FACE('',(#2615),#32,.T.);
#2885=ADVANCED_FACE('',(#2616,#2617),#33,.F.);
#2886=ADVANCED_FACE('',(#2618,#2619),#2771,.F.);
#2887=ADVANCED_FACE('',(#2620,#2621),#2772,.T.);
#2888=ADVANCED_FACE('',(#2622,#2623),#2773,.T.);
#2889=ADVANCED_FACE('',(#2624),#34,.F.);
#2890=ADVANCED_FACE('',(#2625),#2774,.T.);
#2891=ADVANCED_FACE('',(#2626),#35,.T.);
#2892=ADVANCED_FACE('',(#2627),#2775,.F.);
#2893=ADVANCED_FACE('',(#2628),#2776,.T.);
#2894=ADVANCED_FACE('',(#2629),#36,.F.);
#2895=ADVANCED_FACE('',(#2630),#37,.T.);
#2896=ADVANCED_FACE('',(#2631),#2777,.T.);
#2897=ADVANCED_FACE('',(#2632),#2778,.T.);
#2898=ADVANCED_FACE('',(#2633),#38,.F.);
#2899=ADVANCED_FACE('',(#2634),#39,.T.);
#2900=ADVANCED_FACE('',(#2635),#40,.T.);
#2901=ADVANCED_FACE('',(#2636),#41,.F.);
#2902=ADVANCED_FACE('',(#2637),#16,.T.);
#2903=ADVANCED_FACE('',(#2638),#17,.F.);
#2904=ADVANCED_FACE('',(#2639),#42,.T.);
#2905=ADVANCED_FACE('',(#2640),#43,.T.);
#2906=ADVANCED_FACE('',(#2641),#44,.T.);
#2907=ADVANCED_FACE('',(#2642),#45,.T.);
#2908=ADVANCED_FACE('',(#2643),#2779,.F.);
#2909=ADVANCED_FACE('',(#2644),#46,.T.);
#2910=ADVANCED_FACE('',(#2645),#18,.F.);
#2911=ADVANCED_FACE('',(#2646),#2780,.T.);
#2912=ADVANCED_FACE('',(#2647),#19,.T.);
#2913=ADVANCED_FACE('',(#2648),#47,.T.);
#2914=ADVANCED_FACE('',(#2649),#2781,.F.);
#2915=ADVANCED_FACE('',(#2650),#2782,.T.);
#2916=ADVANCED_FACE('',(#2651),#2783,.T.);
#2917=ADVANCED_FACE('',(#2652),#20,.F.);
#2918=ADVANCED_FACE('',(#2653),#12,.F.);
#2919=ADVANCED_FACE('',(#2654),#2784,.T.);
#2920=ADVANCED_FACE('',(#2655),#13,.F.);
#2921=ADVANCED_FACE('',(#2656),#21,.F.);
#2922=ADVANCED_FACE('',(#2657),#2785,.F.);
#2923=ADVANCED_FACE('',(#2658),#48,.T.);
#2924=ADVANCED_FACE('',(#2659),#22,.T.);
#2925=ADVANCED_FACE('',(#2660),#2786,.T.);
#2926=ADVANCED_FACE('',(#2661),#23,.F.);
#2927=ADVANCED_FACE('',(#2662),#49,.T.);
#2928=ADVANCED_FACE('',(#2663),#2787,.F.);
#2929=ADVANCED_FACE('',(#2664),#2788,.T.);
#2930=ADVANCED_FACE('',(#2665),#2789,.T.);
#2931=ADVANCED_FACE('',(#2666),#24,.T.);
#2932=ADVANCED_FACE('',(#2667),#14,.F.);
#2933=ADVANCED_FACE('',(#2668),#2790,.T.);
#2934=ADVANCED_FACE('',(#2669),#15,.F.);
#2935=ADVANCED_FACE('',(#2670),#25,.T.);
#2936=ADVANCED_FACE('',(#2671),#2791,.T.);
#2937=ADVANCED_FACE('',(#2672),#2792,.T.);
#2938=ADVANCED_FACE('',(#2673),#2793,.F.);
#2939=ADVANCED_FACE('',(#2674),#2794,.T.);
#2940=ADVANCED_FACE('',(#2675),#2795,.T.);
#2941=ADVANCED_FACE('',(#2676),#2796,.T.);
#2942=ADVANCED_FACE('',(#2677),#2797,.T.);
#2943=ADVANCED_FACE('',(#2678),#2798,.F.);
#2944=ADVANCED_FACE('',(#2679),#2799,.T.);
#2945=ADVANCED_FACE('',(#2680),#2800,.T.);
#2946=ADVANCED_FACE('',(#2681,#2682,#2683,#2684,#2685,#2686),#2801,.F.);
#2947=ADVANCED_FACE('',(#2687,#2688),#2802,.T.);
#2948=ADVANCED_FACE('',(#2689,#2690),#2803,.T.);
#2949=ADVANCED_FACE('',(#2691,#2692),#2804,.T.);
#2950=ADVANCED_FACE('',(#2693,#2694),#2805,.T.);
#2951=ADVANCED_FACE('',(#2695,#2696),#50,.F.);
#2952=ADVANCED_FACE('',(#2697),#51,.F.);
#2953=ADVANCED_FACE('',(#2698),#2806,.F.);
#2954=ADVANCED_FACE('',(#2699),#52,.F.);
#2955=ADVANCED_FACE('',(#2700),#2807,.T.);
#2956=ADVANCED_FACE('',(#2701),#2808,.T.);
#2957=ADVANCED_FACE('',(#2702),#2809,.T.);
#2958=ADVANCED_FACE('',(#2703),#2810,.F.);
#2959=ADVANCED_FACE('',(#2704),#2811,.F.);
#2960=ADVANCED_FACE('',(#2705),#2812,.F.);
#2961=ADVANCED_FACE('',(#2706),#2813,.F.);
#2962=ADVANCED_FACE('',(#2707),#2814,.T.);
#2963=ADVANCED_FACE('',(#2708),#2815,.F.);
#2964=ADVANCED_FACE('',(#2709),#2816,.F.);
#2965=ADVANCED_FACE('',(#2710),#2817,.F.);
#2966=ADVANCED_FACE('',(#2711),#2818,.T.);
#2967=ADVANCED_FACE('',(#2712),#2819,.F.);
#2968=ADVANCED_FACE('',(#2713),#2820,.T.);
#2969=ADVANCED_FACE('',(#2714),#2821,.F.);
#2970=ADVANCED_FACE('',(#2715),#2822,.T.);
#2971=ADVANCED_FACE('',(#2716),#2823,.T.);
#2972=ADVANCED_FACE('',(#2717),#2824,.F.);
#2973=ADVANCED_FACE('',(#2718),#2825,.F.);
#2974=ADVANCED_FACE('',(#2719),#2826,.F.);
#2975=ADVANCED_FACE('',(#2720),#2827,.T.);
#2976=ADVANCED_FACE('',(#2721),#2828,.F.);
#2977=ADVANCED_FACE('',(#2722),#2829,.F.);
#2978=ADVANCED_FACE('',(#2723),#2830,.T.);
#2979=ADVANCED_FACE('',(#2724),#2831,.F.);
#2980=ADVANCED_FACE('',(#2725),#2832,.F.);
#2981=ADVANCED_FACE('',(#2726),#2833,.T.);
#2982=ADVANCED_FACE('',(#2727),#2834,.F.);
#2983=ADVANCED_FACE('',(#2728),#2835,.T.);
#2984=ADVANCED_FACE('',(#2729),#2836,.F.);
#2985=ADVANCED_FACE('',(#2730),#2837,.F.);
#2986=ADVANCED_FACE('',(#2731),#2838,.T.);
#2987=ADVANCED_FACE('',(#2732),#2839,.T.);
#2988=ADVANCED_FACE('',(#2733),#2840,.F.);
#2989=ADVANCED_FACE('',(#2734),#2841,.F.);
#2990=ADVANCED_FACE('',(#2735),#2842,.T.);
#2991=ADVANCED_FACE('',(#2736),#2843,.T.);
#2992=ADVANCED_FACE('',(#2737),#2844,.F.);
#2993=ADVANCED_FACE('',(#2738),#2845,.T.);
#2994=ADVANCED_FACE('',(#2739),#2846,.F.);
#2995=ADVANCED_FACE('',(#2740),#2847,.T.);
#2996=ADVANCED_FACE('',(#2741),#2848,.F.);
#2997=ADVANCED_FACE('',(#2742),#2849,.T.);
#2998=ADVANCED_FACE('',(#2743),#2850,.F.);
#2999=ADVANCED_FACE('',(#2744),#2851,.T.);
#3000=ADVANCED_FACE('',(#2745),#2852,.F.);
#3001=ADVANCED_FACE('',(#2746),#2853,.F.);
#3002=ADVANCED_FACE('',(#2747),#2854,.F.);
#3003=ADVANCED_FACE('',(#2748),#2855,.T.);
#3004=ADVANCED_FACE('',(#2749),#2856,.F.);
#3005=ADVANCED_FACE('',(#2750),#2857,.F.);
#3006=ADVANCED_FACE('',(#2751),#2858,.F.);
#3007=ADVANCED_FACE('',(#2752),#2859,.T.);
#3008=ADVANCED_FACE('',(#2753),#2860,.T.);
#3009=ADVANCED_FACE('',(#2754),#2861,.F.);
#3010=ADVANCED_FACE('',(#2755),#2862,.F.);
#3011=ADVANCED_FACE('',(#2756),#2863,.T.);
#3012=ADVANCED_FACE('',(#2757),#2864,.F.);
#3013=ADVANCED_FACE('',(#2758),#2865,.F.);
#3014=ADVANCED_FACE('',(#2759),#2866,.F.);
#3015=ADVANCED_FACE('',(#2760),#2867,.T.);
#3016=CLOSED_SHELL('',(#2868,#2869,#2870,#2871,#2872,#2873,#2874,#2875,
#2876,#2877,#2878,#2879,#2880,#2881,#2882,#2883,#2884,#2885,#2886,#2887,
#2888,#2889,#2890,#2891,#2892,#2893,#2894,#2895,#2896,#2897,#2898,#2899,
#2900,#2901,#2902,#2903,#2904,#2905,#2906,#2907,#2908,#2909,#2910,#2911,
#2912,#2913,#2914,#2915,#2916,#2917,#2918,#2919,#2920,#2921,#2922,#2923,
#2924,#2925,#2926,#2927,#2928,#2929,#2930,#2931,#2932,#2933,#2934,#2935,
#2936,#2937,#2938,#2939,#2940,#2941,#2942,#2943,#2944,#2945,#2946,#2947,
#2948,#2949,#2950,#2951,#2952,#2953,#2954,#2955,#2956,#2957,#2958,#2959,
#2960,#2961,#2962,#2963,#2964,#2965,#2966,#2967,#2968,#2969,#2970,#2971,
#2972,#2973,#2974,#2975,#2976,#2977,#2978,#2979,#2980,#2981,#2982,#2983,
#2984,#2985,#2986,#2987,#2988,#2989,#2990,#2991,#2992,#2993,#2994,#2995,
#2996,#2997,#2998,#2999,#3000,#3001,#3002,#3003,#3004,#3005,#3006,#3007,
#3008,#3009,#3010,#3011,#3012,#3013,#3014,#3015));
#3017=STYLED_ITEM('',(#3018),#3025);
#3018=PRESENTATION_STYLE_ASSIGNMENT((#3019));
#3019=SURFACE_STYLE_USAGE(.BOTH.,#3020);
#3020=SURFACE_SIDE_STYLE('',(#3021));
#3021=SURFACE_STYLE_FILL_AREA(#3022);
#3022=FILL_AREA_STYLE('',(#3023));
#3023=FILL_AREA_STYLE_COLOUR('',#3024);
#3024=COLOUR_RGB('',0.301960784313725,0.301960784313725,0.301960784313725);
#3025=MANIFOLD_SOLID_BREP('Walls',#3016);
#3026=SHAPE_DEFINITION_REPRESENTATION(#6348,#3027);
#3027=SHAPE_REPRESENTATION('Walls',(#3028),#6343);
#3028=AXIS2_PLACEMENT_3D('',#3945,#3225,#3226);
#3029=AXIS2_PLACEMENT_3D('',#3946,#3227,#3228);
#3030=AXIS2_PLACEMENT_3D('',#4002,#3256,#3257);
#3031=AXIS2_PLACEMENT_3D('',#4028,#3265,#3266);
#3032=AXIS2_PLACEMENT_3D('',#4029,#3267,#3268);
#3033=AXIS2_PLACEMENT_3D('',#4059,#3271,#3272);
#3034=AXIS2_PLACEMENT_3D('',#4063,#3274,#3275);
#3035=AXIS2_PLACEMENT_3D('',#4091,#3277,#3278);
#3036=AXIS2_PLACEMENT_3D('',#4094,#3280,#3281);
#3037=AXIS2_PLACEMENT_3D('',#4099,#3283,#3284);
#3038=AXIS2_PLACEMENT_3D('',#4103,#3286,#3287);
#3039=AXIS2_PLACEMENT_3D('',#4172,#3322,#3323);
#3040=AXIS2_PLACEMENT_3D('',#4231,#3350,#3351);
#3041=AXIS2_PLACEMENT_3D('',#4235,#3353,#3354);
#3042=AXIS2_PLACEMENT_3D('',#4247,#3358,#3359);
#3043=AXIS2_PLACEMENT_3D('',#4252,#3361,#3362);
#3044=AXIS2_PLACEMENT_3D('',#4256,#3364,#3365);
#3045=AXIS2_PLACEMENT_3D('',#4325,#3400,#3401);
#3046=AXIS2_PLACEMENT_3D('',#4331,#3405,#3406);
#3047=AXIS2_PLACEMENT_3D('',#4340,#3411,#3412);
#3048=AXIS2_PLACEMENT_3D('',#4346,#3416,#3417);
#3049=AXIS2_PLACEMENT_3D('',#4355,#3422,#3423);
#3050=AXIS2_PLACEMENT_3D('',#4364,#3428,#3429);
#3051=AXIS2_PLACEMENT_3D('',#4373,#3434,#3435);
#3052=AXIS2_PLACEMENT_3D('',#4382,#3440,#3441);
#3053=AXIS2_PLACEMENT_3D('',#4391,#3446,#3447);
#3054=AXIS2_PLACEMENT_3D('',#4392,#3448,#3449);
#3055=AXIS2_PLACEMENT_3D('',#4393,#3450,#3451);
#3056=AXIS2_PLACEMENT_3D('',#4394,#3452,#3453);
#3057=AXIS2_PLACEMENT_3D('',#4395,#3454,#3455);
#3058=AXIS2_PLACEMENT_3D('',#4397,#3456,#3457);
#3059=AXIS2_PLACEMENT_3D('',#4399,#3458,#3459);
#3060=AXIS2_PLACEMENT_3D('',#4400,#3460,#3461);
#3061=AXIS2_PLACEMENT_3D('',#4401,#3462,#3463);
#3062=AXIS2_PLACEMENT_3D('',#4402,#3464,#3465);
#3063=AXIS2_PLACEMENT_3D('',#4403,#3466,#3467);
#3064=AXIS2_PLACEMENT_3D('',#4405,#3468,#3469);
#3065=AXIS2_PLACEMENT_3D('',#4407,#3470,#3471);
#3066=AXIS2_PLACEMENT_3D('',#4408,#3472,#3473);
#3067=AXIS2_PLACEMENT_3D('',#4409,#3474,#3475);
#3068=AXIS2_PLACEMENT_3D('',#4410,#3476,#3477);
#3069=AXIS2_PLACEMENT_3D('',#4411,#3478,#3479);
#3070=AXIS2_PLACEMENT_3D('',#4413,#3480,#3481);
#3071=AXIS2_PLACEMENT_3D('',#4415,#3482,#3483);
#3072=AXIS2_PLACEMENT_3D('',#4416,#3484,#3485);
#3073=AXIS2_PLACEMENT_3D('',#4417,#3486,#3487);
#3074=AXIS2_PLACEMENT_3D('',#4418,#3488,#3489);
#3075=AXIS2_PLACEMENT_3D('',#4419,#3490,#3491);
#3076=AXIS2_PLACEMENT_3D('',#4421,#3492,#3493);
#3077=AXIS2_PLACEMENT_3D('',#4423,#3494,#3495);
#3078=AXIS2_PLACEMENT_3D('',#4440,#3504,#3505);
#3079=AXIS2_PLACEMENT_3D('',#4457,#3514,#3515);
#3080=AXIS2_PLACEMENT_3D('',#4467,#3518,#3519);
#3081=AXIS2_PLACEMENT_3D('',#4471,#3521,#3522);
#3082=AXIS2_PLACEMENT_3D('',#4499,#3527,#3528);
#3083=AXIS2_PLACEMENT_3D('',#4503,#3530,#3531);
#3084=AXIS2_PLACEMENT_3D('',#4532,#3534,#3535);
#3085=AXIS2_PLACEMENT_3D('',#4536,#3537,#3538);
#3086=AXIS2_PLACEMENT_3D('',#4547,#3539,#3540);
#3087=AXIS2_PLACEMENT_3D('',#4548,#3541,#3542);
#3088=AXIS2_PLACEMENT_3D('',#4549,#3543,#3544);
#3089=AXIS2_PLACEMENT_3D('',#4557,#3545,#3546);
#3090=AXIS2_PLACEMENT_3D('',#4566,#3551,#3552);
#3091=AXIS2_PLACEMENT_3D('',#4574,#3553,#3554);
#3092=AXIS2_PLACEMENT_3D('',#4575,#3555,#3556);
#3093=AXIS2_PLACEMENT_3D('',#4584,#3561,#3562);
#3094=AXIS2_PLACEMENT_3D('',#4588,#3564,#3565);
#3095=AXIS2_PLACEMENT_3D('',#4606,#3569,#3570);
#3096=AXIS2_PLACEMENT_3D('',#4607,#3571,#3572);
#3097=AXIS2_PLACEMENT_3D('',#4608,#3573,#3574);
#3098=AXIS2_PLACEMENT_3D('',#4616,#3575,#3576);
#3099=AXIS2_PLACEMENT_3D('',#4617,#3577,#3578);
#3100=AXIS2_PLACEMENT_3D('',#4625,#3579,#3580);
#3101=AXIS2_PLACEMENT_3D('',#4626,#3581,#3582);
#3102=AXIS2_PLACEMENT_3D('',#4629,#3585,#3586);
#3103=AXIS2_PLACEMENT_3D('',#4632,#3589,#3590);
#3104=AXIS2_PLACEMENT_3D('',#4633,#3591,#3592);
#3105=AXIS2_PLACEMENT_3D('',#4634,#3593,#3594);
#3106=AXIS2_PLACEMENT_3D('',#4642,#3595,#3596);
#3107=AXIS2_PLACEMENT_3D('',#4650,#3597,#3598);
#3108=AXIS2_PLACEMENT_3D('',#4651,#3599,#3600);
#3109=AXIS2_PLACEMENT_3D('',#4659,#3601,#3602);
#3110=AXIS2_PLACEMENT_3D('',#4660,#3603,#3604);
#3111=AXIS2_PLACEMENT_3D('',#4661,#3605,#3606);
#3112=AXIS2_PLACEMENT_3D('',#4669,#3607,#3608);
#3113=AXIS2_PLACEMENT_3D('',#4690,#3613,#3614);
#3114=AXIS2_PLACEMENT_3D('',#4691,#3615,#3616);
#3115=AXIS2_PLACEMENT_3D('',#4692,#3617,#3618);
#3116=AXIS2_PLACEMENT_3D('',#4693,#3619,#3620);
#3117=AXIS2_PLACEMENT_3D('',#4694,#3621,#3622);
#3118=AXIS2_PLACEMENT_3D('',#4700,#3626,#3627);
#3119=AXIS2_PLACEMENT_3D('',#4703,#3629,#3630);
#3120=AXIS2_PLACEMENT_3D('',#4733,#3632,#3633);
#3121=AXIS2_PLACEMENT_3D('',#4771,#3637,#3638);
#3122=AXIS2_PLACEMENT_3D('',#4772,#3639,#3640);
#3123=AXIS2_PLACEMENT_3D('',#4775,#3642,#3643);
#3124=AXIS2_PLACEMENT_3D('',#4777,#3645,#3646);
#3125=AXIS2_PLACEMENT_3D('',#4792,#3647,#3648);
#3126=AXIS2_PLACEMENT_3D('',#4796,#3650,#3651);
#3127=AXIS2_PLACEMENT_3D('',#4812,#3653,#3654);
#3128=AXIS2_PLACEMENT_3D('',#5201,#3655,#3656);
#3129=AXIS2_PLACEMENT_3D('',#5203,#3658,#3659);
#3130=AXIS2_PLACEMENT_3D('',#5205,#3661,#3662);
#3131=AXIS2_PLACEMENT_3D('',#5434,#3663,#3664);
#3132=AXIS2_PLACEMENT_3D('',#5440,#3668,#3669);
#3133=AXIS2_PLACEMENT_3D('',#5443,#3671,#3672);
#3134=AXIS2_PLACEMENT_3D('',#5473,#3674,#3675);
#3135=AXIS2_PLACEMENT_3D('',#5511,#3679,#3680);
#3136=AXIS2_PLACEMENT_3D('',#5514,#3682,#3683);
#3137=AXIS2_PLACEMENT_3D('',#5515,#3684,#3685);
#3138=AXIS2_PLACEMENT_3D('',#5517,#3687,#3688);
#3139=AXIS2_PLACEMENT_3D('',#5547,#3690,#3691);
#3140=AXIS2_PLACEMENT_3D('',#5551,#3693,#3694);
#3141=AXIS2_PLACEMENT_3D('',#5552,#3695,#3696);
#3142=AXIS2_PLACEMENT_3D('',#5941,#3697,#3698);
#3143=AXIS2_PLACEMENT_3D('',#5943,#3700,#3701);
#3144=AXIS2_PLACEMENT_3D('',#5945,#3703,#3704);
#3145=AXIS2_PLACEMENT_3D('',#6174,#3705,#3706);
#3146=AXIS2_PLACEMENT_3D('',#6183,#3711,#3712);
#3147=AXIS2_PLACEMENT_3D('',#6186,#3715,#3716);
#3148=AXIS2_PLACEMENT_3D('',#6189,#3719,#3720);
#3149=AXIS2_PLACEMENT_3D('',#6190,#3721,#3722);
#3150=AXIS2_PLACEMENT_3D('',#6191,#3723,#3724);
#3151=AXIS2_PLACEMENT_3D('',#6200,#3729,#3730);
#3152=AXIS2_PLACEMENT_3D('',#6203,#3733,#3734);
#3153=AXIS2_PLACEMENT_3D('',#6206,#3737,#3738);
#3154=AXIS2_PLACEMENT_3D('',#6207,#3739,#3740);
#3155=AXIS2_PLACEMENT_3D('',#6208,#3741,#3742);
#3156=AXIS2_PLACEMENT_3D('',#6209,#3743,#3744);
#3157=AXIS2_PLACEMENT_3D('',#6210,#3745,#3746);
#3158=AXIS2_PLACEMENT_3D('',#6211,#3747,#3748);
#3159=AXIS2_PLACEMENT_3D('',#6212,#3749,#3750);
#3160=AXIS2_PLACEMENT_3D('',#6213,#3751,#3752);
#3161=AXIS2_PLACEMENT_3D('',#6214,#3753,#3754);
#3162=AXIS2_PLACEMENT_3D('',#6217,#3757,#3758);
#3163=AXIS2_PLACEMENT_3D('',#6219,#3760,#3761);
#3164=AXIS2_PLACEMENT_3D('',#6221,#3763,#3764);
#3165=AXIS2_PLACEMENT_3D('',#6222,#3765,#3766);
#3166=AXIS2_PLACEMENT_3D('',#6225,#3769,#3770);
#3167=AXIS2_PLACEMENT_3D('',#6227,#3772,#3773);
#3168=AXIS2_PLACEMENT_3D('',#6228,#3774,#3775);
#3169=AXIS2_PLACEMENT_3D('',#6231,#3778,#3779);
#3170=AXIS2_PLACEMENT_3D('',#6233,#3781,#3782);
#3171=AXIS2_PLACEMENT_3D('',#6235,#3784,#3785);
#3172=AXIS2_PLACEMENT_3D('',#6236,#3786,#3787);
#3173=AXIS2_PLACEMENT_3D('',#6239,#3790,#3791);
#3174=AXIS2_PLACEMENT_3D('',#6241,#3793,#3794);
#3175=AXIS2_PLACEMENT_3D('',#6243,#3796,#3797);
#3176=AXIS2_PLACEMENT_3D('',#6245,#3799,#3800);
#3177=AXIS2_PLACEMENT_3D('',#6246,#3801,#3802);
#3178=AXIS2_PLACEMENT_3D('',#6249,#3805,#3806);
#3179=AXIS2_PLACEMENT_3D('',#6251,#3808,#3809);
#3180=AXIS2_PLACEMENT_3D('',#6253,#3811,#3812);
#3181=AXIS2_PLACEMENT_3D('',#6254,#3813,#3814);
#3182=AXIS2_PLACEMENT_3D('',#6257,#3817,#3818);
#3183=AXIS2_PLACEMENT_3D('',#6259,#3820,#3821);
#3184=AXIS2_PLACEMENT_3D('',#6261,#3823,#3824);
#3185=AXIS2_PLACEMENT_3D('',#6262,#3825,#3826);
#3186=AXIS2_PLACEMENT_3D('',#6265,#3829,#3830);
#3187=AXIS2_PLACEMENT_3D('',#6267,#3832,#3833);
#3188=AXIS2_PLACEMENT_3D('',#6268,#3834,#3835);
#3189=AXIS2_PLACEMENT_3D('',#6271,#3838,#3839);
#3190=AXIS2_PLACEMENT_3D('',#6273,#3841,#3842);
#3191=AXIS2_PLACEMENT_3D('',#6275,#3844,#3845);
#3192=AXIS2_PLACEMENT_3D('',#6276,#3846,#3847);
#3193=AXIS2_PLACEMENT_3D('',#6279,#3850,#3851);
#3194=AXIS2_PLACEMENT_3D('',#6281,#3853,#3854);
#3195=AXIS2_PLACEMENT_3D('',#6283,#3856,#3857);
#3196=AXIS2_PLACEMENT_3D('',#6284,#3858,#3859);
#3197=AXIS2_PLACEMENT_3D('',#6287,#3862,#3863);
#3198=AXIS2_PLACEMENT_3D('',#6289,#3865,#3866);
#3199=AXIS2_PLACEMENT_3D('',#6291,#3868,#3869);
#3200=AXIS2_PLACEMENT_3D('',#6292,#3870,#3871);
#3201=AXIS2_PLACEMENT_3D('',#6295,#3874,#3875);
#3202=AXIS2_PLACEMENT_3D('',#6297,#3877,#3878);
#3203=AXIS2_PLACEMENT_3D('',#6299,#3880,#3881);
#3204=AXIS2_PLACEMENT_3D('',#6300,#3882,#3883);
#3205=AXIS2_PLACEMENT_3D('',#6303,#3886,#3887);
#3206=AXIS2_PLACEMENT_3D('',#6305,#3889,#3890);
#3207=AXIS2_PLACEMENT_3D('',#6307,#3892,#3893);
#3208=AXIS2_PLACEMENT_3D('',#6309,#3895,#3896);
#3209=AXIS2_PLACEMENT_3D('',#6310,#3897,#3898);
#3210=AXIS2_PLACEMENT_3D('',#6313,#3901,#3902);
#3211=AXIS2_PLACEMENT_3D('',#6315,#3904,#3905);
#3212=AXIS2_PLACEMENT_3D('',#6317,#3907,#3908);
#3213=AXIS2_PLACEMENT_3D('',#6318,#3909,#3910);
#3214=AXIS2_PLACEMENT_3D('',#6321,#3913,#3914);
#3215=AXIS2_PLACEMENT_3D('',#6323,#3916,#3917);
#3216=AXIS2_PLACEMENT_3D('',#6325,#3919,#3920);
#3217=AXIS2_PLACEMENT_3D('',#6326,#3921,#3922);
#3218=AXIS2_PLACEMENT_3D('',#6329,#3925,#3926);
#3219=AXIS2_PLACEMENT_3D('',#6331,#3928,#3929);
#3220=AXIS2_PLACEMENT_3D('',#6333,#3931,#3932);
#3221=AXIS2_PLACEMENT_3D('',#6334,#3933,#3934);
#3222=AXIS2_PLACEMENT_3D('',#6337,#3937,#3938);
#3223=AXIS2_PLACEMENT_3D('',#6339,#3940,#3941);
#3224=AXIS2_PLACEMENT_3D('',#6341,#3943,#3944);
#3225=DIRECTION('',(0.,0.,1.));
#3226=DIRECTION('',(1.,0.,0.));
#3227=DIRECTION('',(1.21245743559448E-16,1.,0.));
#3228=DIRECTION('',(-1.,1.21245743559448E-16,0.));
#3229=DIRECTION('',(-1.,0.,0.));
#3230=DIRECTION('',(-0.707106781186549,0.,-0.707106781186547));
#3231=DIRECTION('',(-1.,0.,0.));
#3232=DIRECTION('',(0.707106781186549,0.,0.707106781186547));
#3233=DIRECTION('',(0.707106781186549,0.,0.707106781186547));
#3234=DIRECTION('',(-1.,0.,0.));
#3235=DIRECTION('',(0.,0.,-1.));
#3236=DIRECTION('',(0.707106781186549,0.,0.707106781186547));
#3237=DIRECTION('',(-1.,0.,0.));
#3238=DIRECTION('',(0.707106781186549,0.,0.707106781186547));
#3239=DIRECTION('',(-1.,0.,1.6355129777956E-15));
#3240=DIRECTION('',(0.707106781186549,0.,0.707106781186547));
#3241=DIRECTION('',(-1.,0.,8.17756488897797E-16));
#3242=DIRECTION('',(0.707106781186548,0.,0.707106781186547));
#3243=DIRECTION('',(-1.,0.,0.));
#3244=DIRECTION('',(-0.707106781186548,0.,-0.707106781186547));
#3245=DIRECTION('',(-1.,0.,8.17756488897798E-16));
#3246=DIRECTION('',(0.,0.,-1.));
#3247=DIRECTION('',(-0.707106781186548,0.,-0.707106781186548));
#3248=DIRECTION('',(-1.,0.,1.6355129777956E-15));
#3249=DIRECTION('',(0.707106781186548,0.,0.707106781186547));
#3250=DIRECTION('',(-1.,0.,1.22713880962334E-15));
#3251=DIRECTION('',(-1.,0.,0.));
#3252=DIRECTION('',(-0.707106781186548,0.,-0.707106781186547));
#3253=DIRECTION('',(-1.,0.,0.));
#3254=DIRECTION('',(0.707106781186548,0.,0.707106781186547));
#3255=DIRECTION('',(-1.,1.21245743559448E-16,0.));
#3256=DIRECTION('',(1.21245743559448E-16,1.,0.));
#3257=DIRECTION('',(-1.,1.21245743559448E-16,0.));
#3258=DIRECTION('',(0.,0.,1.));
#3259=DIRECTION('',(-1.,1.21245743559448E-16,0.));
#3260=DIRECTION('',(0.,0.,-1.));
#3261=DIRECTION('',(-1.,1.21245743559448E-16,0.));
#3262=DIRECTION('',(0.,0.,-1.));
#3263=DIRECTION('',(-1.,1.21245743559448E-16,0.));
#3264=DIRECTION('',(0.,0.,1.));
#3265=DIRECTION('',(1.21245743559448E-16,1.,0.));
#3266=DIRECTION('',(-1.,1.21245743559448E-16,0.));
#3267=DIRECTION('',(1.21245743559448E-16,-1.,0.));
#3268=DIRECTION('',(1.,1.21245743559448E-16,0.));
#3269=DIRECTION('',(0.,0.,1.));
#3270=DIRECTION('',(0.999939545359651,-1.21238413691628E-16,-0.0109957094329903));
#3271=DIRECTION('',(1.21245743559448E-16,1.,0.));
#3272=DIRECTION('',(-1.,1.21245743559448E-16,0.));
#3273=DIRECTION('',(1.,-1.21245743559448E-16,0.));
#3274=DIRECTION('',(1.21245743559448E-16,1.,0.));
#3275=DIRECTION('',(-1.,1.21245743559448E-16,0.));
#3276=DIRECTION('',(0.,0.,1.));
#3277=DIRECTION('',(1.21245743559448E-16,-1.,0.));
#3278=DIRECTION('',(1.,1.21245743559448E-16,0.));
#3279=DIRECTION('',(1.,0.,0.));
#3280=DIRECTION('',(0.,1.,0.));
#3281=DIRECTION('',(0.,0.,1.));
#3282=DIRECTION('',(1.,0.,0.));
#3283=DIRECTION('',(0.,1.,0.));
#3284=DIRECTION('',(0.,0.,1.));
#3285=DIRECTION('',(1.,0.,0.));
#3286=DIRECTION('',(0.,1.,0.));
#3287=DIRECTION('',(0.,0.,1.));
#3288=DIRECTION('',(0.,0.,-1.));
#3289=DIRECTION('',(-1.,0.,8.17756488897798E-16));
#3290=DIRECTION('',(-0.707106781186548,0.,-0.707106781186547));
#3291=DIRECTION('',(-1.,0.,0.));
#3292=DIRECTION('',(-0.707106781186548,0.,-0.707106781186547));
#3293=DIRECTION('',(-1.,0.,0.));
#3294=DIRECTION('',(0.707106781186548,0.,0.707106781186547));
#3295=DIRECTION('',(-0.707106781186548,0.,-0.707106781186548));
#3296=DIRECTION('',(0.,0.,-1.));
#3297=DIRECTION('',(-1.,0.,0.));
#3298=DIRECTION('',(0.,0.,-1.));
#3299=DIRECTION('',(-0.707106781186548,0.,-0.707106781186547));
#3300=DIRECTION('',(-1.,0.,0.));
#3301=DIRECTION('',(-0.707106781186548,0.,-0.707106781186548));
#3302=DIRECTION('',(0.707106781186549,0.,0.707106781186547));
#3303=DIRECTION('',(-1.,0.,0.));
#3304=DIRECTION('',(0.707106781186549,0.,0.707106781186547));
#3305=DIRECTION('',(-1.,0.,0.));
#3306=DIRECTION('',(0.,0.,-1.));
#3307=DIRECTION('',(0.707106781186549,0.,0.707106781186547));
#3308=DIRECTION('',(-1.,0.,8.17756488897798E-16));
#3309=DIRECTION('',(-0.707106781186549,0.,-0.707106781186547));
#3310=DIRECTION('',(-1.,0.,0.));
#3311=DIRECTION('',(-0.707106781186549,0.,-0.707106781186547));
#3312=DIRECTION('',(-1.,0.,1.6355129777956E-15));
#3313=DIRECTION('',(0.707106781186549,0.,0.707106781186547));
#3314=DIRECTION('',(-1.,0.,8.177564888978E-16));
#3315=DIRECTION('',(-0.707106781186548,0.,-0.707106781186547));
#3316=DIRECTION('',(-1.,0.,0.));
#3317=DIRECTION('',(0.707106781186549,0.,0.707106781186547));
#3318=DIRECTION('',(0.707106781186549,0.,0.707106781186547));
#3319=DIRECTION('',(-1.,0.,0.));
#3320=DIRECTION('',(0.707106781186549,0.,0.707106781186547));
#3321=DIRECTION('',(-1.,0.,8.17756488897799E-16));
#3322=DIRECTION('',(0.,-1.,0.));
#3323=DIRECTION('',(0.,0.,-1.));
#3324=DIRECTION('',(-1.,0.,0.));
#3325=DIRECTION('',(-0.707106781186549,0.,-0.707106781186547));
#3326=DIRECTION('',(-1.,0.,0.));
#3327=DIRECTION('',(0.707106781186549,0.,0.707106781186547));
#3328=DIRECTION('',(0.707106781186549,0.,0.707106781186547));
#3329=DIRECTION('',(-1.,0.,0.));
#3330=DIRECTION('',(0.707106781186549,0.,0.707106781186547));
#3331=DIRECTION('',(0.,0.,-1.));
#3332=DIRECTION('',(-1.,0.,0.));
#3333=DIRECTION('',(0.707106781186549,0.,0.707106781186547));
#3334=DIRECTION('',(-1.,0.,8.17756488897797E-16));
#3335=DIRECTION('',(0.707106781186549,0.,0.707106781186547));
#3336=DIRECTION('',(-1.,0.,1.6355129777956E-15));
#3337=DIRECTION('',(0.707106781186548,0.,0.707106781186547));
#3338=DIRECTION('',(-1.,0.,8.17756488897798E-16));
#3339=DIRECTION('',(-0.707106781186548,0.,-0.707106781186547));
#3340=DIRECTION('',(-1.,0.,0.));
#3341=DIRECTION('',(-1.,0.,1.6355129777956E-15));
#3342=DIRECTION('',(-0.707106781186548,0.,-0.707106781186548));
#3343=DIRECTION('',(0.,0.,-1.));
#3344=DIRECTION('',(-1.,0.,1.22713880962334E-15));
#3345=DIRECTION('',(0.707106781186548,0.,0.707106781186547));
#3346=DIRECTION('',(-1.,0.,0.));
#3347=DIRECTION('',(-0.707106781186548,0.,-0.707106781186547));
#3348=DIRECTION('',(-1.,0.,0.));
#3349=DIRECTION('',(0.707106781186548,0.,0.707106781186547));
#3350=DIRECTION('',(0.,-1.,0.));
#3351=DIRECTION('',(0.,0.,-1.));
#3352=DIRECTION('',(1.,0.,0.));
#3353=DIRECTION('',(0.,-1.,0.));
#3354=DIRECTION('',(0.,0.,-1.));
#3355=DIRECTION('',(0.,0.,1.));
#3356=DIRECTION('',(1.,0.,0.));
#3357=DIRECTION('',(0.,0.,1.));
#3358=DIRECTION('',(0.,1.,0.));
#3359=DIRECTION('',(0.,0.,1.));
#3360=DIRECTION('',(1.,0.,0.));
#3361=DIRECTION('',(0.,1.,0.));
#3362=DIRECTION('',(0.,0.,1.));
#3363=DIRECTION('',(1.,0.,0.));
#3364=DIRECTION('',(0.,1.,0.));
#3365=DIRECTION('',(0.,0.,1.));
#3366=DIRECTION('',(0.,0.,-1.));
#3367=DIRECTION('',(-0.707106781186548,0.,-0.707106781186547));
#3368=DIRECTION('',(-1.,0.,8.17756488897798E-16));
#3369=DIRECTION('',(-1.,0.,0.));
#3370=DIRECTION('',(-0.707106781186548,0.,-0.707106781186547));
#3371=DIRECTION('',(-1.,0.,0.));
#3372=DIRECTION('',(0.707106781186548,0.,0.707106781186547));
#3373=DIRECTION('',(-1.,0.,0.));
#3374=DIRECTION('',(0.,0.,-1.));
#3375=DIRECTION('',(-0.707106781186548,0.,-0.707106781186548));
#3376=DIRECTION('',(-1.,0.,0.));
#3377=DIRECTION('',(-0.707106781186548,0.,-0.707106781186547));
#3378=DIRECTION('',(0.,0.,-1.));
#3379=DIRECTION('',(-0.707106781186548,0.,-0.707106781186548));
#3380=DIRECTION('',(0.707106781186549,0.,0.707106781186547));
#3381=DIRECTION('',(-1.,0.,0.));
#3382=DIRECTION('',(0.707106781186549,0.,0.707106781186547));
#3383=DIRECTION('',(-1.,0.,0.));
#3384=DIRECTION('',(0.,0.,-1.));
#3385=DIRECTION('',(-0.707106781186549,0.,-0.707106781186547));
#3386=DIRECTION('',(-1.,0.,8.17756488897798E-16));
#3387=DIRECTION('',(0.707106781186549,0.,0.707106781186547));
#3388=DIRECTION('',(-1.,0.,1.6355129777956E-15));
#3389=DIRECTION('',(-0.707106781186549,0.,-0.707106781186547));
#3390=DIRECTION('',(-1.,0.,0.));
#3391=DIRECTION('',(0.707106781186549,0.,0.707106781186547));
#3392=DIRECTION('',(-1.,0.,0.));
#3393=DIRECTION('',(-0.707106781186548,0.,-0.707106781186547));
#3394=DIRECTION('',(-1.,0.,8.177564888978E-16));
#3395=DIRECTION('',(0.707106781186549,0.,0.707106781186547));
#3396=DIRECTION('',(0.707106781186549,0.,0.707106781186547));
#3397=DIRECTION('',(-1.,0.,8.17756488897799E-16));
#3398=DIRECTION('',(0.707106781186549,0.,0.707106781186547));
#3399=DIRECTION('',(-1.,0.,0.));
#3400=DIRECTION('',(0.707106781186548,0.707106781186548,0.));
#3401=DIRECTION('',(-0.707106781186548,0.707106781186548,0.));
#3402=DIRECTION('',(-0.707106781186548,0.707106781186548,0.));
#3403=DIRECTION('',(0.,0.,1.));
#3404=DIRECTION('',(-0.707106781186548,0.707106781186548,0.));
#3405=DIRECTION('',(0.,-1.,0.));
#3406=DIRECTION('',(0.,0.,-1.));
#3407=DIRECTION('',(0.,0.,1.));
#3408=DIRECTION('',(1.,0.,0.));
#3409=DIRECTION('',(0.,0.,1.));
#3410=DIRECTION('',(1.,0.,0.));
#3411=DIRECTION('',(0.707106781186548,-0.707106781186548,0.));
#3412=DIRECTION('',(0.707106781186548,0.707106781186548,0.));
#3413=DIRECTION('',(0.,0.,1.));
#3414=DIRECTION('',(0.707106781186548,0.707106781186548,0.));
#3415=DIRECTION('',(0.707106781186548,0.707106781186548,0.));
#3416=DIRECTION('',(0.,1.,0.));
#3417=DIRECTION('',(0.,0.,1.));
#3418=DIRECTION('',(-1.,0.,0.));
#3419=DIRECTION('',(0.,0.,1.));
#3420=DIRECTION('',(-1.,0.,0.));
#3421=DIRECTION('',(0.,0.,1.));
#3422=DIRECTION('',(-0.707106781186548,0.707106781186548,0.));
#3423=DIRECTION('',(-0.707106781186548,-0.707106781186548,0.));
#3424=DIRECTION('',(0.,0.,1.));
#3425=DIRECTION('',(-0.707106781186548,-0.707106781186548,0.));
#3426=DIRECTION('',(0.,0.,1.));
#3427=DIRECTION('',(-0.707106781186548,-0.707106781186548,0.));
#3428=DIRECTION('',(0.,-1.,0.));
#3429=DIRECTION('',(0.,0.,-1.));
#3430=DIRECTION('',(1.,0.,0.));
#3431=DIRECTION('',(0.,0.,1.));
#3432=DIRECTION('',(1.,0.,0.));
#3433=DIRECTION('',(0.,0.,1.));
#3434=DIRECTION('',(-0.707106781186548,-0.707106781186548,0.));
#3435=DIRECTION('',(0.707106781186548,-0.707106781186548,0.));
#3436=DIRECTION('',(0.707106781186548,-0.707106781186548,0.));
#3437=DIRECTION('',(0.,0.,1.));
#3438=DIRECTION('',(0.707106781186548,-0.707106781186548,0.));
#3439=DIRECTION('',(0.,0.,1.));
#3440=DIRECTION('',(0.,1.,0.));
#3441=DIRECTION('',(0.,0.,1.));
#3442=DIRECTION('',(0.,0.,1.));
#3443=DIRECTION('',(-1.,0.,0.));
#3444=DIRECTION('',(0.,0.,1.));
#3445=DIRECTION('',(-1.,0.,0.));
#3446=DIRECTION('',(0.,0.,1.));
#3447=DIRECTION('',(1.,0.,0.));
#3448=DIRECTION('',(0.,0.,-1.));
#3449=DIRECTION('',(-1.,0.,0.));
#3450=DIRECTION('',(0.,0.,-1.));
#3451=DIRECTION('',(-1.,0.,0.));
#3452=DIRECTION('',(0.,0.,1.));
#3453=DIRECTION('',(1.,0.,0.));
#3454=DIRECTION('',(0.,0.,-1.));
#3455=DIRECTION('',(1.,0.,0.));
#3456=DIRECTION('',(0.,0.,-1.));
#3457=DIRECTION('',(1.,0.,0.));
#3458=DIRECTION('',(0.,0.,1.));
#3459=DIRECTION('',(1.,0.,0.));
#3460=DIRECTION('',(0.,0.,1.));
#3461=DIRECTION('',(-1.,0.,0.));
#3462=DIRECTION('',(0.,0.,1.));
#3463=DIRECTION('',(-1.,0.,0.));
#3464=DIRECTION('',(0.,0.,1.));
#3465=DIRECTION('',(1.,0.,0.));
#3466=DIRECTION('',(0.,0.,1.));
#3467=DIRECTION('',(1.,0.,0.));
#3468=DIRECTION('',(0.,0.,1.));
#3469=DIRECTION('',(1.,0.,0.));
#3470=DIRECTION('',(0.,0.,1.));
#3471=DIRECTION('',(1.,0.,0.));
#3472=DIRECTION('',(0.,0.,1.));
#3473=DIRECTION('',(-1.,0.,0.));
#3474=DIRECTION('',(0.,0.,1.));
#3475=DIRECTION('',(-1.,0.,0.));
#3476=DIRECTION('',(0.,0.,1.));
#3477=DIRECTION('',(1.,0.,0.));
#3478=DIRECTION('',(0.,0.,1.));
#3479=DIRECTION('',(1.,0.,0.));
#3480=DIRECTION('',(0.,0.,1.));
#3481=DIRECTION('',(1.,0.,0.));
#3482=DIRECTION('',(0.,0.,1.));
#3483=DIRECTION('',(1.,0.,0.));
#3484=DIRECTION('',(0.,0.,-1.));
#3485=DIRECTION('',(-1.,0.,0.));
#3486=DIRECTION('',(0.,0.,-1.));
#3487=DIRECTION('',(-1.,0.,0.));
#3488=DIRECTION('',(0.,0.,1.));
#3489=DIRECTION('',(1.,0.,0.));
#3490=DIRECTION('',(0.,0.,-1.));
#3491=DIRECTION('',(1.,0.,0.));
#3492=DIRECTION('',(0.,0.,-1.));
#3493=DIRECTION('',(1.,0.,0.));
#3494=DIRECTION('',(-1.,3.15250595128618E-16,0.));
#3495=DIRECTION('',(-3.15250595128618E-16,-1.,0.));
#3496=DIRECTION('',(0.,-1.,0.));
#3497=DIRECTION('',(0.,0.,1.));
#3498=DIRECTION('',(-3.15250595128618E-16,-1.,0.));
#3499=DIRECTION('',(0.,0.,1.));
#3500=DIRECTION('',(0.,1.,0.));
#3501=DIRECTION('',(0.,0.,1.));
#3502=DIRECTION('',(3.15250595128618E-16,1.,0.));
#3503=DIRECTION('',(0.,0.,1.));
#3504=DIRECTION('',(-1.,3.15250595128618E-16,0.));
#3505=DIRECTION('',(-3.15250595128618E-16,-1.,0.));
#3506=DIRECTION('',(0.,-1.,0.));
#3507=DIRECTION('',(0.,0.,1.));
#3508=DIRECTION('',(-3.15250595128618E-16,-1.,0.));
#3509=DIRECTION('',(0.,0.,1.));
#3510=DIRECTION('',(0.,0.,1.));
#3511=DIRECTION('',(0.,1.,0.));
#3512=DIRECTION('',(0.,0.,1.));
#3513=DIRECTION('',(3.15250595128618E-16,1.,0.));
#3514=DIRECTION('',(1.21245743559448E-16,1.,0.));
#3515=DIRECTION('',(-1.,1.21245743559448E-16,0.));
#3516=DIRECTION('',(-1.,1.21245743559448E-16,0.));
#3517=DIRECTION('',(0.,0.,1.));
#3518=DIRECTION('',(1.21245743559448E-16,1.,0.));
#3519=DIRECTION('',(-1.,1.21245743559448E-16,0.));
#3520=DIRECTION('',(-1.,1.21245743559448E-16,0.));
#3521=DIRECTION('',(1.21245743559448E-16,1.,0.));
#3522=DIRECTION('',(-1.,1.21245743559448E-16,0.));
#3523=DIRECTION('',(0.,0.,1.));
#3524=DIRECTION('',(-1.,1.21245743559448E-16,0.));
#3525=DIRECTION('',(-1.,1.21245743559448E-16,0.));
#3526=DIRECTION('',(0.,0.,1.));
#3527=DIRECTION('',(1.21245743559448E-16,1.,0.));
#3528=DIRECTION('',(-1.,1.21245743559448E-16,0.));
#3529=DIRECTION('',(1.,-1.21245743559448E-16,-8.71576399210525E-33));
#3530=DIRECTION('',(1.21245743559448E-16,1.,0.));
#3531=DIRECTION('',(-1.,1.21245743559448E-16,0.));
#3532=DIRECTION('',(0.999939545359651,-1.21238413691628E-16,-0.0109957094329903));
#3533=DIRECTION('',(0.,0.,1.));
#3534=DIRECTION('',(-1.21245743559448E-16,-1.,0.));
#3535=DIRECTION('',(1.,-1.21245743559448E-16,0.));
#3536=DIRECTION('',(1.,0.,0.));
#3537=DIRECTION('',(-1.21245743559448E-16,-1.,0.));
#3538=DIRECTION('',(1.,-1.21245743559448E-16,0.));
#3539=DIRECTION('',(0.,0.,1.));
#3540=DIRECTION('',(1.,0.,0.));
#3541=DIRECTION('',(0.,0.,-1.));
#3542=DIRECTION('',(-1.,0.,0.));
#3543=DIRECTION('',(0.,0.,-1.));
#3544=DIRECTION('',(-1.,0.,0.));
#3545=DIRECTION('',(-1.,0.,0.));
#3546=DIRECTION('',(0.,0.,1.));
#3547=DIRECTION('',(0.,0.,1.));
#3548=DIRECTION('',(0.,-1.,0.));
#3549=DIRECTION('',(0.,0.,1.));
#3550=DIRECTION('',(0.,-1.,0.));
#3551=DIRECTION('',(0.,0.,1.));
#3552=DIRECTION('',(1.,0.,0.));
#3553=DIRECTION('',(0.,0.,1.));
#3554=DIRECTION('',(1.,0.,0.));
#3555=DIRECTION('',(-1.,0.,0.));
#3556=DIRECTION('',(0.,0.,1.));
#3557=DIRECTION('',(0.,-1.,0.));
#3558=DIRECTION('',(0.,0.,1.));
#3559=DIRECTION('',(0.,-1.,0.));
#3560=DIRECTION('',(0.,0.,1.));
#3561=DIRECTION('',(0.,-1.,0.));
#3562=DIRECTION('',(0.,0.,-1.));
#3563=DIRECTION('',(1.,0.,0.));
#3564=DIRECTION('',(0.,-1.,0.));
#3565=DIRECTION('',(0.,0.,-1.));
#3566=DIRECTION('',(0.,0.,1.));
#3567=DIRECTION('',(1.,0.,0.));
#3568=DIRECTION('',(0.,0.,1.));
#3569=DIRECTION('',(0.,-1.,0.));
#3570=DIRECTION('',(0.,0.,-1.));
#3571=DIRECTION('',(0.,0.,1.));
#3572=DIRECTION('',(1.,0.,0.));
#3573=DIRECTION('',(0.,0.,-1.));
#3574=DIRECTION('',(-1.,0.,0.));
#3575=DIRECTION('',(0.,0.,-1.));
#3576=DIRECTION('',(-1.,0.,0.));
#3577=DIRECTION('',(0.,0.,1.));
#3578=DIRECTION('',(1.,0.,0.));
#3579=DIRECTION('',(0.,0.,1.));
#3580=DIRECTION('',(1.,0.,0.));
#3581=DIRECTION('',(0.,0.,-1.));
#3582=DIRECTION('',(1.,0.,0.));
#3583=DIRECTION('',(0.,1.,0.));
#3584=DIRECTION('',(0.,-1.,0.));
#3585=DIRECTION('',(0.,0.,-1.));
#3586=DIRECTION('',(1.,0.,0.));
#3587=DIRECTION('',(0.,1.,0.));
#3588=DIRECTION('',(0.,-1.,0.));
#3589=DIRECTION('',(0.,0.,1.));
#3590=DIRECTION('',(1.,0.,0.));
#3591=DIRECTION('',(0.,0.,-1.));
#3592=DIRECTION('',(-1.,0.,0.));
#3593=DIRECTION('',(0.,0.,-1.));
#3594=DIRECTION('',(-1.,0.,0.));
#3595=DIRECTION('',(0.,0.,1.));
#3596=DIRECTION('',(1.,0.,0.));
#3597=DIRECTION('',(0.,0.,1.));
#3598=DIRECTION('',(1.,0.,0.));
#3599=DIRECTION('',(0.,0.,1.));
#3600=DIRECTION('',(1.,0.,0.));
#3601=DIRECTION('',(0.,0.,1.));
#3602=DIRECTION('',(1.,0.,0.));
#3603=DIRECTION('',(0.,0.,1.));
#3604=DIRECTION('',(1.,0.,0.));
#3605=DIRECTION('',(0.,0.,-1.));
#3606=DIRECTION('',(-1.,0.,0.));
#3607=DIRECTION('',(0.,0.,-1.));
#3608=DIRECTION('',(-1.,0.,0.));
#3609=DIRECTION('',(0.,-1.,0.));
#3610=DIRECTION('',(0.,-1.,0.));
#3611=DIRECTION('',(0.,-1.,0.));
#3612=DIRECTION('',(0.,-1.,0.));
#3613=DIRECTION('',(0.,-1.,0.));
#3614=DIRECTION('',(0.,0.,-1.));
#3615=DIRECTION('',(0.,-1.,0.));
#3616=DIRECTION('',(0.,0.,-1.));
#3617=DIRECTION('',(0.,-1.,0.));
#3618=DIRECTION('',(0.,0.,-1.));
#3619=DIRECTION('',(0.,-1.,0.));
#3620=DIRECTION('',(0.,0.,-1.));
#3621=DIRECTION('',(1.,1.21245743559448E-16,0.));
#3622=DIRECTION('',(1.21245743559448E-16,-1.,0.));
#3623=DIRECTION('',(8.57310958437658E-17,-0.70708540627433,-0.707128155452649));
#3624=DIRECTION('',(-1.21245743559448E-16,1.,0.));
#3625=DIRECTION('',(0.,0.,1.));
#3626=DIRECTION('',(-1.21245743559448E-16,1.,0.));
#3627=DIRECTION('',(1.,1.21245743559448E-16,0.));
#3628=DIRECTION('',(-1.21245743559448E-16,1.,0.));
#3629=DIRECTION('',(1.21245743559448E-16,-1.,0.));
#3630=DIRECTION('',(1.,1.21245743559448E-16,0.));
#3631=DIRECTION('',(-1.21245743559448E-16,1.,0.));
#3632=DIRECTION('',(1.,1.21245743559448E-16,0.));
#3633=DIRECTION('',(1.21245743559448E-16,-1.,0.));
#3634=DIRECTION('',(0.,0.,1.));
#3635=DIRECTION('',(-1.21245743559448E-16,1.,0.));
#3636=DIRECTION('',(-1.21245743559448E-16,1.,0.));
#3637=DIRECTION('',(-1.21245743559448E-16,1.,0.));
#3638=DIRECTION('',(1.,1.21245743559448E-16,0.));
#3639=DIRECTION('',(1.21245743559448E-16,-1.,0.));
#3640=DIRECTION('',(1.,1.21245743559448E-16,0.));
#3641=DIRECTION('',(0.,-1.,0.));
#3642=DIRECTION('',(0.,0.,1.));
#3643=DIRECTION('',(1.,0.,0.));
#3644=DIRECTION('',(1.,0.,0.));
#3645=DIRECTION('',(1.21245743559448E-16,-1.,0.));
#3646=DIRECTION('',(-1.,-1.21245743559448E-16,0.));
#3647=DIRECTION('',(1.21245743559448E-16,-1.,0.));
#3648=DIRECTION('',(1.,1.21245743559448E-16,0.));
#3649=DIRECTION('',(1.,1.21245743559448E-16,2.42491487118897E-16));
#3650=DIRECTION('',(1.21245743559448E-16,-1.,0.));
#3651=DIRECTION('',(1.,1.21245743559448E-16,0.));
#3652=DIRECTION('',(0.999939545359651,1.21238413691628E-16,-0.01099570943299));
#3653=DIRECTION('',(0.00777514070402424,-0.707106781186548,0.707064033300403));
#3654=DIRECTION('',(-0.00777514070402441,-0.707106781186548,-0.707064033300403));
#3655=DIRECTION('',(-1.21245743559448E-16,-1.,0.));
#3656=DIRECTION('',(-1.,1.21245743559448E-16,0.));
#3657=DIRECTION('',(8.57336874608911E-17,0.707106781186548,0.707106781186548));
#3658=DIRECTION('',(-8.57336874608911E-17,-0.707106781186548,0.707106781186548));
#3659=DIRECTION('',(-8.57336874608911E-17,-0.707106781186548,-0.707106781186548));
#3660=DIRECTION('',(8.57336874608911E-17,0.707106781186548,0.707106781186548));
#3661=DIRECTION('',(-1.21245743559448E-16,-1.,0.));
#3662=DIRECTION('',(-1.,1.21245743559448E-16,0.));
#3663=DIRECTION('',(1.,-1.21245743559448E-16,0.));
#3664=DIRECTION('',(1.21245743559448E-16,1.,0.));
#3665=DIRECTION('',(8.57310958437658E-17,0.70708540627433,-0.707128155452649));
#3666=DIRECTION('',(0.,0.,1.));
#3667=DIRECTION('',(-1.21245743559448E-16,-1.,0.));
#3668=DIRECTION('',(-1.21245743559448E-16,-1.,0.));
#3669=DIRECTION('',(1.,-1.21245743559448E-16,0.));
#3670=DIRECTION('',(-1.21245743559448E-16,-1.,0.));
#3671=DIRECTION('',(-1.21245743559448E-16,-1.,0.));
#3672=DIRECTION('',(1.,-1.21245743559448E-16,0.));
#3673=DIRECTION('',(-1.21245743559448E-16,-1.,0.));
#3674=DIRECTION('',(1.,-1.21245743559448E-16,0.));
#3675=DIRECTION('',(1.21245743559448E-16,1.,0.));
#3676=DIRECTION('',(-1.21245743559448E-16,-1.,0.));
#3677=DIRECTION('',(0.,0.,1.));
#3678=DIRECTION('',(-1.21245743559448E-16,-1.,0.));
#3679=DIRECTION('',(-1.21245743559448E-16,-1.,0.));
#3680=DIRECTION('',(1.,-1.21245743559448E-16,0.));
#3681=DIRECTION('',(0.,1.,0.));
#3682=DIRECTION('',(-1.21245743559448E-16,-1.,0.));
#3683=DIRECTION('',(1.,-1.21245743559448E-16,0.));
#3684=DIRECTION('',(0.,0.,1.));
#3685=DIRECTION('',(1.,0.,0.));
#3686=DIRECTION('',(1.,0.,0.));
#3687=DIRECTION('',(1.21245743559448E-16,1.,0.));
#3688=DIRECTION('',(-1.,1.21245743559448E-16,0.));
#3689=DIRECTION('',(0.999939545359651,-1.21238413691628E-16,-0.0109957094329903));
#3690=DIRECTION('',(1.21245743559448E-16,1.,0.));
#3691=DIRECTION('',(-1.,1.21245743559448E-16,0.));
#3692=DIRECTION('',(1.,-1.21245743559448E-16,-8.71576399210525E-33));
#3693=DIRECTION('',(1.21245743559448E-16,1.,0.));
#3694=DIRECTION('',(-1.,1.21245743559448E-16,0.));
#3695=DIRECTION('',(0.00777514070402441,0.707106781186548,0.707064033300403));
#3696=DIRECTION('',(-0.00777514070402424,0.707106781186548,-0.707064033300403));
#3697=DIRECTION('',(1.21245743559448E-16,1.,0.));
#3698=DIRECTION('',(-1.,1.21245743559448E-16,0.));
#3699=DIRECTION('',(-8.57336874608911E-17,-0.707106781186548,0.707106781186548));
#3700=DIRECTION('',(8.57336874608911E-17,0.707106781186548,0.707106781186548));
#3701=DIRECTION('',(8.57336874608911E-17,0.707106781186548,-0.707106781186548));
#3702=DIRECTION('',(-8.57336874608911E-17,-0.707106781186548,0.707106781186548));
#3703=DIRECTION('',(1.21245743559448E-16,1.,0.));
#3704=DIRECTION('',(-1.,1.21245743559448E-16,0.));
#3705=DIRECTION('',(-1.,3.15250595128618E-16,0.));
#3706=DIRECTION('',(-3.15250595128618E-16,-1.,0.));
#3707=DIRECTION('',(0.,0.,1.));
#3708=DIRECTION('',(3.15250595128618E-16,1.,0.));
#3709=DIRECTION('',(0.,0.,1.));
#3710=DIRECTION('',(0.,1.,0.));
#3711=DIRECTION('',(3.15250595128618E-16,1.,0.));
#3712=DIRECTION('',(-1.,3.15250595128618E-16,0.));
#3713=DIRECTION('',(-0.707106781186548,2.2291583358854E-16,-0.707106781186548));
#3714=DIRECTION('',(1.,-3.15250595128618E-16,0.));
#3715=DIRECTION('',(3.15250595128618E-16,1.,0.));
#3716=DIRECTION('',(-1.,3.15250595128618E-16,0.));
#3717=DIRECTION('',(-0.707106781186548,2.2291583358854E-16,-0.707106781186548));
#3718=DIRECTION('',(1.,-3.15250595128618E-16,0.));
#3719=DIRECTION('',(0.,0.,-1.));
#3720=DIRECTION('',(-1.,0.,0.));
#3721=DIRECTION('',(-0.707106781186548,2.2291583358854E-16,0.707106781186548));
#3722=DIRECTION('',(-0.707106781186548,2.2291583358854E-16,-0.707106781186548));
#3723=DIRECTION('',(1.,3.15250595128618E-16,0.));
#3724=DIRECTION('',(3.15250595128618E-16,-1.,0.));
#3725=DIRECTION('',(0.,0.,1.));
#3726=DIRECTION('',(0.,1.,0.));
#3727=DIRECTION('',(0.,0.,1.));
#3728=DIRECTION('',(-3.15250595128618E-16,1.,6.30501190257236E-16));
#3729=DIRECTION('',(-3.15250595128618E-16,1.,0.));
#3730=DIRECTION('',(1.,3.15250595128618E-16,0.));
#3731=DIRECTION('',(0.707106781186548,2.2291583358854E-16,-0.707106781186548));
#3732=DIRECTION('',(-1.,-3.15250595128618E-16,0.));
#3733=DIRECTION('',(-3.15250595128618E-16,1.,0.));
#3734=DIRECTION('',(1.,3.15250595128618E-16,0.));
#3735=DIRECTION('',(-1.,-3.15250595128618E-16,0.));
#3736=DIRECTION('',(0.707106781186548,2.2291583358854E-16,-0.707106781186548));
#3737=DIRECTION('',(0.,0.,-1.));
#3738=DIRECTION('',(1.,0.,0.));
#3739=DIRECTION('',(0.707106781186548,-2.2291583358854E-16,0.707106781186548));
#3740=DIRECTION('',(0.707106781186548,-2.2291583358854E-16,-0.707106781186548));
#3741=DIRECTION('',(0.,0.,-1.));
#3742=DIRECTION('',(1.,0.,0.));
#3743=DIRECTION('',(0.,0.,-1.));
#3744=DIRECTION('',(1.,0.,0.));
#3745=DIRECTION('',(0.,0.,-1.));
#3746=DIRECTION('',(1.,0.,0.));
#3747=DIRECTION('',(0.,0.,-1.));
#3748=DIRECTION('',(1.,0.,0.));
#3749=DIRECTION('',(0.,0.,-1.));
#3750=DIRECTION('',(1.,0.,0.));
#3751=DIRECTION('',(0.,1.,0.));
#3752=DIRECTION('',(0.,0.,1.));
#3753=DIRECTION('',(0.,1.,0.));
#3754=DIRECTION('',(0.,0.,1.));
#3755=DIRECTION('',(0.,1.,0.));
#3756=DIRECTION('',(0.,1.,0.));
#3757=DIRECTION('',(0.,0.,1.));
#3758=DIRECTION('',(1.,0.,0.));
#3759=DIRECTION('',(0.,1.,0.));
#3760=DIRECTION('',(0.,1.,0.));
#3761=DIRECTION('',(0.,0.,1.));
#3762=DIRECTION('',(0.,1.,0.));
#3763=DIRECTION('',(0.,0.,1.));
#3764=DIRECTION('',(1.,0.,0.));
#3765=DIRECTION('',(1.,0.,0.));
#3766=DIRECTION('',(0.,0.,-1.));
#3767=DIRECTION('',(0.,1.,0.));
#3768=DIRECTION('',(0.,1.,0.));
#3769=DIRECTION('',(-8.17756488897798E-16,0.,-1.));
#3770=DIRECTION('',(-1.,0.,8.17756488897798E-16));
#3771=DIRECTION('',(0.,1.,0.));
#3772=DIRECTION('',(0.707106781186547,0.,-0.707106781186548));
#3773=DIRECTION('',(-0.707106781186548,0.,-0.707106781186547));
#3774=DIRECTION('',(0.707106781186547,0.,-0.707106781186548));
#3775=DIRECTION('',(-0.707106781186548,0.,-0.707106781186547));
#3776=DIRECTION('',(0.,1.,0.));
#3777=DIRECTION('',(0.,1.,0.));
#3778=DIRECTION('',(0.,0.,-1.));
#3779=DIRECTION('',(-1.,0.,0.));
#3780=DIRECTION('',(0.,1.,0.));
#3781=DIRECTION('',(-0.707106781186547,0.,0.707106781186548));
#3782=DIRECTION('',(0.707106781186548,0.,0.707106781186547));
#3783=DIRECTION('',(0.,1.,0.));
#3784=DIRECTION('',(0.,0.,-1.));
#3785=DIRECTION('',(-1.,0.,0.));
#3786=DIRECTION('',(0.707106781186548,0.,-0.707106781186548));
#3787=DIRECTION('',(-0.707106781186548,0.,-0.707106781186548));
#3788=DIRECTION('',(0.,1.,0.));
#3789=DIRECTION('',(0.,1.,0.));
#3790=DIRECTION('',(-1.6355129777956E-15,0.,-1.));
#3791=DIRECTION('',(-1.,0.,1.6355129777956E-15));
#3792=DIRECTION('',(0.,1.,0.));
#3793=DIRECTION('',(-0.707106781186547,0.,0.707106781186548));
#3794=DIRECTION('',(0.707106781186548,0.,0.707106781186548));
#3795=DIRECTION('',(0.,1.,0.));
#3796=DIRECTION('',(-1.22713880962334E-15,0.,-1.));
#3797=DIRECTION('',(-1.,0.,1.22713880962334E-15));
#3798=DIRECTION('',(0.,1.,0.));
#3799=DIRECTION('',(1.,0.,0.));
#3800=DIRECTION('',(0.,0.,-1.));
#3801=DIRECTION('',(-0.707106781186547,0.,0.707106781186548));
#3802=DIRECTION('',(0.707106781186548,0.,0.707106781186547));
#3803=DIRECTION('',(0.,1.,0.));
#3804=DIRECTION('',(0.,1.,0.));
#3805=DIRECTION('',(0.,0.,-1.));
#3806=DIRECTION('',(-1.,0.,0.));
#3807=DIRECTION('',(0.,1.,0.));
#3808=DIRECTION('',(0.707106781186547,0.,-0.707106781186548));
#3809=DIRECTION('',(-0.707106781186548,0.,-0.707106781186547));
#3810=DIRECTION('',(0.,1.,0.));
#3811=DIRECTION('',(-8.17756488897798E-16,0.,-1.));
#3812=DIRECTION('',(-1.,0.,8.17756488897798E-16));
#3813=DIRECTION('',(0.707106781186547,0.,-0.707106781186548));
#3814=DIRECTION('',(-0.707106781186548,0.,-0.707106781186547));
#3815=DIRECTION('',(0.,1.,0.));
#3816=DIRECTION('',(0.,1.,0.));
#3817=DIRECTION('',(0.,0.,-1.));
#3818=DIRECTION('',(-1.,0.,0.));
#3819=DIRECTION('',(0.,1.,0.));
#3820=DIRECTION('',(-0.707106781186547,0.,0.707106781186548));
#3821=DIRECTION('',(0.707106781186548,0.,0.707106781186547));
#3822=DIRECTION('',(0.,1.,0.));
#3823=DIRECTION('',(0.,0.,-1.));
#3824=DIRECTION('',(-1.,0.,0.));
#3825=DIRECTION('',(1.,0.,0.));
#3826=DIRECTION('',(0.,0.,-1.));
#3827=DIRECTION('',(0.,1.,0.));
#3828=DIRECTION('',(0.,1.,0.));
#3829=DIRECTION('',(0.,0.,-1.));
#3830=DIRECTION('',(-1.,0.,0.));
#3831=DIRECTION('',(0.,1.,0.));
#3832=DIRECTION('',(0.707106781186548,0.,-0.707106781186548));
#3833=DIRECTION('',(-0.707106781186548,0.,-0.707106781186548));
#3834=DIRECTION('',(0.707106781186547,0.,-0.707106781186548));
#3835=DIRECTION('',(-0.707106781186548,0.,-0.707106781186547));
#3836=DIRECTION('',(0.,1.,0.));
#3837=DIRECTION('',(0.,1.,0.));
#3838=DIRECTION('',(0.,0.,-1.));
#3839=DIRECTION('',(-1.,0.,0.));
#3840=DIRECTION('',(0.,1.,0.));
#3841=DIRECTION('',(0.707106781186548,0.,-0.707106781186548));
#3842=DIRECTION('',(-0.707106781186548,0.,-0.707106781186548));
#3843=DIRECTION('',(0.,1.,0.));
#3844=DIRECTION('',(1.,0.,0.));
#3845=DIRECTION('',(0.,0.,-1.));
#3846=DIRECTION('',(-0.707106781186547,0.,0.707106781186549));
#3847=DIRECTION('',(0.707106781186549,0.,0.707106781186547));
#3848=DIRECTION('',(0.,1.,0.));
#3849=DIRECTION('',(0.,1.,0.));
#3850=DIRECTION('',(0.,0.,-1.));
#3851=DIRECTION('',(-1.,0.,0.));
#3852=DIRECTION('',(0.,1.,0.));
#3853=DIRECTION('',(-0.707106781186547,0.,0.707106781186549));
#3854=DIRECTION('',(0.707106781186549,0.,0.707106781186547));
#3855=DIRECTION('',(0.,1.,0.));
#3856=DIRECTION('',(0.,0.,-1.));
#3857=DIRECTION('',(-1.,0.,0.));
#3858=DIRECTION('',(-0.707106781186547,0.,0.707106781186549));
#3859=DIRECTION('',(0.707106781186549,0.,0.707106781186547));
#3860=DIRECTION('',(0.,1.,0.));
#3861=DIRECTION('',(0.,1.,0.));
#3862=DIRECTION('',(-1.6355129777956E-15,0.,-1.));
#3863=DIRECTION('',(-1.,0.,1.6355129777956E-15));
#3864=DIRECTION('',(0.,1.,0.));
#3865=DIRECTION('',(-0.707106781186547,0.,0.707106781186549));
#3866=DIRECTION('',(0.707106781186549,0.,0.707106781186547));
#3867=DIRECTION('',(0.,1.,0.));
#3868=DIRECTION('',(-8.17756488897797E-16,0.,-1.));
#3869=DIRECTION('',(-1.,0.,8.17756488897797E-16));
#3870=DIRECTION('',(1.,0.,0.));
#3871=DIRECTION('',(0.,0.,-1.));
#3872=DIRECTION('',(0.,1.,0.));
#3873=DIRECTION('',(0.,1.,0.));
#3874=DIRECTION('',(-0.707106781186547,0.,0.707106781186549));
#3875=DIRECTION('',(0.707106781186549,0.,0.707106781186547));
#3876=DIRECTION('',(0.,1.,0.));
#3877=DIRECTION('',(-8.17756488897798E-16,0.,-1.));
#3878=DIRECTION('',(-1.,0.,8.17756488897798E-16));
#3879=DIRECTION('',(0.,1.,0.));
#3880=DIRECTION('',(0.707106781186547,0.,-0.707106781186549));
#3881=DIRECTION('',(-0.707106781186549,0.,-0.707106781186547));
#3882=DIRECTION('',(-0.707106781186547,0.,0.707106781186549));
#3883=DIRECTION('',(0.707106781186549,0.,0.707106781186547));
#3884=DIRECTION('',(0.,1.,0.));
#3885=DIRECTION('',(0.,1.,0.));
#3886=DIRECTION('',(0.,0.,-1.));
#3887=DIRECTION('',(-1.,0.,0.));
#3888=DIRECTION('',(0.,1.,0.));
#3889=DIRECTION('',(1.,0.,0.));
#3890=DIRECTION('',(0.,0.,-1.));
#3891=DIRECTION('',(0.,1.,0.));
#3892=DIRECTION('',(-0.707106781186547,0.,0.707106781186549));
#3893=DIRECTION('',(0.707106781186549,0.,0.707106781186547));
#3894=DIRECTION('',(0.,1.,0.));
#3895=DIRECTION('',(0.,0.,-1.));
#3896=DIRECTION('',(-1.,0.,0.));
#3897=DIRECTION('',(0.707106781186547,0.,-0.707106781186548));
#3898=DIRECTION('',(-0.707106781186549,0.,-0.707106781186547));
#3899=DIRECTION('',(0.,1.,0.));
#3900=DIRECTION('',(0.,1.,0.));
#3901=DIRECTION('',(-1.6355129777956E-15,0.,-1.));
#3902=DIRECTION('',(-1.,0.,1.6355129777956E-15));
#3903=DIRECTION('',(0.,1.,0.));
#3904=DIRECTION('',(-0.707106781186547,0.,0.707106781186549));
#3905=DIRECTION('',(0.707106781186549,0.,0.707106781186547));
#3906=DIRECTION('',(0.,1.,0.));
#3907=DIRECTION('',(0.,0.,-1.));
#3908=DIRECTION('',(-1.,0.,0.));
#3909=DIRECTION('',(0.707106781186547,0.,-0.707106781186548));
#3910=DIRECTION('',(-0.707106781186548,0.,-0.707106781186547));
#3911=DIRECTION('',(0.,1.,0.));
#3912=DIRECTION('',(0.,1.,0.));
#3913=DIRECTION('',(0.,0.,-1.));
#3914=DIRECTION('',(-1.,0.,0.));
#3915=DIRECTION('',(0.,1.,0.));
#3916=DIRECTION('',(-0.707106781186547,0.,0.707106781186548));
#3917=DIRECTION('',(0.707106781186548,0.,0.707106781186547));
#3918=DIRECTION('',(0.,1.,0.));
#3919=DIRECTION('',(-8.177564888978E-16,0.,-1.));
#3920=DIRECTION('',(-1.,0.,8.177564888978E-16));
#3921=DIRECTION('',(-0.707106781186547,0.,0.707106781186549));
#3922=DIRECTION('',(0.707106781186549,0.,0.707106781186547));
#3923=DIRECTION('',(0.,1.,0.));
#3924=DIRECTION('',(0.,1.,0.));
#3925=DIRECTION('',(0.,0.,-1.));
#3926=DIRECTION('',(-1.,0.,0.));
#3927=DIRECTION('',(0.,1.,0.));
#3928=DIRECTION('',(-0.707106781186547,0.,0.707106781186549));
#3929=DIRECTION('',(0.707106781186549,0.,0.707106781186547));
#3930=DIRECTION('',(0.,1.,0.));
#3931=DIRECTION('',(-8.17756488897799E-16,0.,-1.));
#3932=DIRECTION('',(-1.,0.,8.17756488897799E-16));
#3933=DIRECTION('',(0.707106781186547,0.,-0.707106781186549));
#3934=DIRECTION('',(-0.707106781186549,0.,-0.707106781186547));
#3935=DIRECTION('',(0.,1.,0.));
#3936=DIRECTION('',(0.,1.,0.));
#3937=DIRECTION('',(0.,0.,-1.));
#3938=DIRECTION('',(-1.,0.,0.));
#3939=DIRECTION('',(0.,1.,0.));
#3940=DIRECTION('',(-0.707106781186547,0.,0.707106781186549));
#3941=DIRECTION('',(0.707106781186549,0.,0.707106781186547));
#3942=DIRECTION('',(0.,1.,0.));
#3943=DIRECTION('',(0.,0.,-1.));
#3944=DIRECTION('',(-1.,0.,0.));
#3945=CARTESIAN_POINT('',(0.,0.,0.));
#3946=CARTESIAN_POINT('',(0.,0.06096,-0.0508));
#3947=CARTESIAN_POINT('',(0.000967413052680233,0.06096,-0.0274140618458419));
#3948=CARTESIAN_POINT('',(0.00308873339623988,0.06096,-0.0274140618458419));
#3949=CARTESIAN_POINT('',(-0.00115390729087941,0.06096,-0.0274140618458419));
#3950=CARTESIAN_POINT('',(-0.00610423568083918,0.06096,-0.0366070309229209));
#3951=CARTESIAN_POINT('',(-0.0152972047579182,0.06096,-0.0458));
#3952=CARTESIAN_POINT('',(-0.0174185251014779,0.06096,-0.0458));
#3953=CARTESIAN_POINT('',(-0.0195398454450375,0.06096,-0.0458));
#3954=CARTESIAN_POINT('',(-0.0103468763679585,0.06096,-0.0366070309229209));
#3955=CARTESIAN_POINT('',(-0.0400453611777936,0.06096,-0.0366070309229209));
#3956=CARTESIAN_POINT('',(-0.0492383302548726,0.06096,-0.0458));
#3957=CARTESIAN_POINT('',(-0.0308523921007144,0.06096,-0.0274140618458419));
#3958=CARTESIAN_POINT('',(-0.0509116882454315,0.06096,-0.0458));
#3959=CARTESIAN_POINT('',(-0.0525850462359904,0.06096,-0.0458));
#3960=CARTESIAN_POINT('',(-0.0525850462359904,0.06096,-0.0453520376469992));
#3961=CARTESIAN_POINT('',(-0.0525850462359904,0.06096,-0.0449040752939984));
#3962=CARTESIAN_POINT('',(-0.043840039511912,0.06096,-0.0361590685699202));
#3963=CARTESIAN_POINT('',(-0.0350950327878337,0.06096,-0.0274140618458419));
#3964=CARTESIAN_POINT('',(-0.0329737124442741,0.06096,-0.0274140618458419));
#3965=CARTESIAN_POINT('',(-0.0230747984293164,0.06096,-0.0366070309229209));
#3966=CARTESIAN_POINT('',(-0.0322677675063954,0.06096,-0.0458));
#3967=CARTESIAN_POINT('',(-0.0138818293522373,0.06096,-0.0274140618458419));
#3968=CARTESIAN_POINT('',(-0.0343890878499551,0.06096,-0.0458));
#3969=CARTESIAN_POINT('',(-0.0365104081935148,0.06096,-0.0458));
#3970=CARTESIAN_POINT('',(-0.0273174391164357,0.06096,-0.0366070309229209));
#3971=CARTESIAN_POINT('',(-0.0181244700393566,0.06096,-0.0274140618458419));
#3972=CARTESIAN_POINT('',(-0.0160031496957969,0.06096,-0.0274140618458419));
#3973=CARTESIAN_POINT('',(0.0193516084418766,0.06096,-0.0366070309229209));
#3974=CARTESIAN_POINT('',(0.0101586393647975,0.06096,-0.0458));
#3975=CARTESIAN_POINT('',(0.0285445775189556,0.06096,-0.0274140618458419));
#3976=CARTESIAN_POINT('',(0.00803731902123785,0.06096,-0.0458));
#3977=CARTESIAN_POINT('',(0.0059159986776782,0.06096,-0.0458));
#3978=CARTESIAN_POINT('',(0.0151089677547573,0.06096,-0.0366070309229209));
#3979=CARTESIAN_POINT('',(0.0243019368318363,0.06096,-0.0274140618458419));
#3980=CARTESIAN_POINT('',(0.0264232571753959,0.06096,-0.0274140618458419));
#3981=CARTESIAN_POINT('',(0.0525850462359904,0.06096,-0.0281217495486824));
#3982=CARTESIAN_POINT('',(0.0525850462359904,0.06096,-0.0274140618458419));
#3983=CARTESIAN_POINT('',(0.0525850462359904,0.06096,-0.0288294372515229));
#3984=CARTESIAN_POINT('',(0.0440997648617518,0.06096,-0.0373147186257614));
#3985=CARTESIAN_POINT('',(0.0356144834875132,0.06096,-0.0458));
#3986=CARTESIAN_POINT('',(0.0334931631439536,0.06096,-0.0458));
#3987=CARTESIAN_POINT('',(0.0313718428003939,0.06096,-0.0458));
#3988=CARTESIAN_POINT('',(0.040564811877473,0.06096,-0.036607030922921));
#3989=CARTESIAN_POINT('',(0.049757780954552,0.06096,-0.0274140618458419));
#3990=CARTESIAN_POINT('',(0.0511714135952712,0.06096,-0.0274140618458419));
#3991=CARTESIAN_POINT('',(0.0433938199238731,0.06096,-0.0274140618458419));
#3992=CARTESIAN_POINT('',(0.0455151402674328,0.06096,-0.0274140618458419));
#3993=CARTESIAN_POINT('',(0.0412724995803134,0.06096,-0.0274140618458419));
#3994=CARTESIAN_POINT('',(0.0363221711903537,0.06096,-0.036607030922921));
#3995=CARTESIAN_POINT('',(0.0271292021132746,0.06096,-0.0458));
#3996=CARTESIAN_POINT('',(0.025007881769715,0.06096,-0.0458));
#3997=CARTESIAN_POINT('',(0.0228865614261554,0.06096,-0.0458));
#3998=CARTESIAN_POINT('',(0.0320795305032344,0.06096,-0.036607030922921));
#3999=CARTESIAN_POINT('',(0.,0.06096,-0.0508));
#4000=CARTESIAN_POINT('',(0.0545850462359904,0.06096,-0.0508));
#4001=CARTESIAN_POINT('',(-0.0545850462359904,0.06096,-0.0508));
#4002=CARTESIAN_POINT('',(0.0545850462359904,0.06096,-0.0408));
#4003=CARTESIAN_POINT('',(0.0643104507529032,0.06096,-0.0431273390346945));
#4004=CARTESIAN_POINT('',(0.127,0.06096,-0.0254));
#4005=CARTESIAN_POINT('',(0.0846666666666667,0.06096,-0.0254));
#4006=CARTESIAN_POINT('',(0.0635,0.06096,-0.0254));
#4007=CARTESIAN_POINT('',(0.0635,0.06096,-0.0508));
#4008=CARTESIAN_POINT('',(0.11446,0.06096,-0.0254287080566127));
#4009=CARTESIAN_POINT('',(0.11446,0.06096,-0.0508));
#4010=CARTESIAN_POINT('',(0.11446,0.06096,0.0073));
#4011=CARTESIAN_POINT('',(0.,0.06096,0.0073));
#4012=CARTESIAN_POINT('',(0.105190912703474,0.06096,0.0073));
#4013=CARTESIAN_POINT('',(0.105190912703474,0.06096,-0.0508));
#4014=CARTESIAN_POINT('',(0.105190912703474,0.06096,0.02));
#4015=CARTESIAN_POINT('',(0.,0.06096,0.02));
#4016=CARTESIAN_POINT('',(-0.105190912703474,0.06096,0.02));
#4017=CARTESIAN_POINT('',(-0.105190912703474,0.06096,-0.0508));
#4018=CARTESIAN_POINT('',(-0.105190912703474,0.06096,0.0073));
#4019=CARTESIAN_POINT('',(0.,0.06096,0.0073));
#4020=CARTESIAN_POINT('',(-0.11446,0.06096,0.0073));
#4021=CARTESIAN_POINT('',(-0.11446,0.06096,-0.0508));
#4022=CARTESIAN_POINT('',(-0.11446,0.06096,-0.0254287080566127));
#4023=CARTESIAN_POINT('',(-0.127,0.06096,-0.0254));
#4024=CARTESIAN_POINT('',(-0.0846666666666667,0.06096,-0.0254));
#4025=CARTESIAN_POINT('',(-0.0635,0.06096,-0.0254));
#4026=CARTESIAN_POINT('',(-0.0635,0.06096,-0.0508));
#4027=CARTESIAN_POINT('',(-0.0643104507529032,0.06096,-0.0431273390346945));
#4028=CARTESIAN_POINT('',(-0.0545850462359904,0.06096,-0.0408));
#4029=CARTESIAN_POINT('',(-0.0545850462359904,0.06096,-0.0408));
#4030=CARTESIAN_POINT('',(-0.0545850462359904,0.06096,-0.04826));
#4031=CARTESIAN_POINT('',(-0.0618401980056073,0.06096,-0.0425361949198821));
#4032=CARTESIAN_POINT('',(-0.11192,0.06096,-0.0229116002197381));
#4033=CARTESIAN_POINT('',(-0.104859702076309,0.06096,-0.0229892378977753));
#4034=CARTESIAN_POINT('',(-0.092218751344664,0.06096,-0.0233787100907659));
#4035=CARTESIAN_POINT('',(-0.0799721410887948,0.06096,-0.0253531322810359));
#4036=CARTESIAN_POINT('',(-0.0721770880558007,0.06096,-0.0285328059817005));
#4037=CARTESIAN_POINT('',(-0.0673677585108931,0.06096,-0.0319655560555418));
#4038=CARTESIAN_POINT('',(-0.0637917168729694,0.06096,-0.0366007827644443));
#4039=CARTESIAN_POINT('',(-0.0623419290060854,0.06096,-0.0404395786273581));
#4040=CARTESIAN_POINT('',(-0.0618401980056073,0.06096,-0.0425361949198821));
#4041=CARTESIAN_POINT('',(-0.11192,0.06096,-0.0229116002197381));
#4042=CARTESIAN_POINT('',(-0.11192,0.06096,-0.0508));
#4043=CARTESIAN_POINT('',(-0.11192,0.06096,-0.0209114793031475));
#4044=CARTESIAN_POINT('',(0.000315093863165052,0.06096,-0.0221456583953044));
#4045=CARTESIAN_POINT('',(-0.111898008581134,0.06096,-0.0209117211290188));
#4046=CARTESIAN_POINT('',(-0.0598951171027751,0.06096,-0.0420707271106434));
#4047=CARTESIAN_POINT('',(-0.060490667720271,0.06096,-0.0395820606224721));
#4048=CARTESIAN_POINT('',(-0.061879511721284,0.0609600000000001,-0.0359898585824225));
#4049=CARTESIAN_POINT('',(-0.064936451724455,0.0609599999999999,-0.0318603492677808));
#4050=CARTESIAN_POINT('',(-0.0676882599449002,0.06096,-0.0292716104489879));
#4051=CARTESIAN_POINT('',(-0.0708898790390797,0.06096,-0.0271294661647623));
#4052=CARTESIAN_POINT('',(-0.0754261488435803,0.06096,-0.0249461000098657));
#4053=CARTESIAN_POINT('',(-0.0815520145004249,0.06096,-0.0231533654637693));
#4054=CARTESIAN_POINT('',(-0.0890695987368494,0.06096,-0.0219724663105512));
#4055=CARTESIAN_POINT('',(-0.0991998290539078,0.06096,-0.021129634331854));
#4056=CARTESIAN_POINT('',(-0.106818722493058,0.06096,-0.0209675748595825));
#4057=CARTESIAN_POINT('',(-0.111898008581134,0.06096,-0.0209117211290188));
#4058=CARTESIAN_POINT('',(-0.0598951171027751,0.06096,-0.0420707271106433));
#4059=CARTESIAN_POINT('',(-0.0545850462359904,0.06096,-0.0408));
#4060=CARTESIAN_POINT('',(-0.0545850462359904,0.06096,-0.04626));
#4061=CARTESIAN_POINT('',(0.,0.06096,-0.04626));
#4062=CARTESIAN_POINT('',(0.0545850462359904,0.06096,-0.04626));
#4063=CARTESIAN_POINT('',(0.0545850462359904,0.06096,-0.0408));
#4064=CARTESIAN_POINT('',(0.0598951171022239,0.06096,-0.042070727112947));
#4065=CARTESIAN_POINT('',(0.0598951171022239,0.06096,-0.042070727112947));
#4066=CARTESIAN_POINT('',(0.060491621493382,0.06096,-0.0395780750266471));
#4067=CARTESIAN_POINT('',(0.0618829028852215,0.06096,-0.0359836581683421));
#4068=CARTESIAN_POINT('',(0.0649431946939086,0.06096,-0.0318514858922332));
#4069=CARTESIAN_POINT('',(0.0677091787620419,0.06096,-0.0292548047417523));
#4070=CARTESIAN_POINT('',(0.0709126414425328,0.06096,-0.0271159116998711));
#4071=CARTESIAN_POINT('',(0.0743337104841199,0.06096,-0.025475096364449));
#4072=CARTESIAN_POINT('',(0.0779109627703477,0.06096,-0.02421712397105));
#4073=CARTESIAN_POINT('',(0.0828539887861371,0.0609599999999999,-0.0229474639041561));
#4074=CARTESIAN_POINT('',(0.089102981630675,0.0609600000000001,-0.0219690329493491));
#4075=CARTESIAN_POINT('',(0.0992264646143936,0.0609599999999999,-0.0211284047845556));
#4076=CARTESIAN_POINT('',(0.106842570654123,0.06096,-0.0209680918668059));
#4077=CARTESIAN_POINT('',(0.11192,0.06096,-0.0209114487865321));
#4078=CARTESIAN_POINT('',(0.11192,0.06096,-0.0209114487865321));
#4079=CARTESIAN_POINT('',(0.11192,0.06096,-0.0508));
#4080=CARTESIAN_POINT('',(0.11192,0.06096,-0.0229116002197381));
#4081=CARTESIAN_POINT('',(0.11192,0.06096,-0.0229116002197381));
#4082=CARTESIAN_POINT('',(0.104859702076309,0.06096,-0.0229892378977753));
#4083=CARTESIAN_POINT('',(0.092218751344664,0.06096,-0.0233787100907659));
#4084=CARTESIAN_POINT('',(0.0799721410887948,0.06096,-0.0253531322810359));
#4085=CARTESIAN_POINT('',(0.0721770880558007,0.06096,-0.0285328059817005));
#4086=CARTESIAN_POINT('',(0.0673677585108931,0.06096,-0.0319655560555418));
#4087=CARTESIAN_POINT('',(0.0637917168729694,0.06096,-0.0366007827644443));
#4088=CARTESIAN_POINT('',(0.0623419290060854,0.06096,-0.0404395786273581));
#4089=CARTESIAN_POINT('',(0.0618401980056073,0.06096,-0.0425361949198821));
#4090=CARTESIAN_POINT('',(0.0618401980056073,0.06096,-0.0425361949198821));
#4091=CARTESIAN_POINT('',(0.0545850462359904,0.06096,-0.0408));
#4092=CARTESIAN_POINT('',(0.0545850462359904,0.06096,-0.04826));
#4093=CARTESIAN_POINT('',(-1.3756542064255E-17,0.06096,-0.04826));
#4094=CARTESIAN_POINT('',(0.0205850462359904,0.06096,-0.00175));
#4095=CARTESIAN_POINT('',(0.0205850462359904,0.06096,0.00025));
#4096=CARTESIAN_POINT('',(0.0777850462359904,0.06096,-0.00381364));
#4097=CARTESIAN_POINT('',(0.0751350462359904,0.06096,-0.00381364));
#4098=CARTESIAN_POINT('',(0.0804350462359904,0.06096,-0.00381364));
#4099=CARTESIAN_POINT('',(0.0751350462359904,0.06096,-0.00026364000000002));
#4100=CARTESIAN_POINT('',(0.0751350462359904,0.06096,0.00328636));
#4101=CARTESIAN_POINT('',(0.0777850462359904,0.06096,0.00328636));
#4102=CARTESIAN_POINT('',(0.0804350462359904,0.06096,0.00328636));
#4103=CARTESIAN_POINT('',(0.0804350462359904,0.06096,-0.000263640000000044));
#4104=CARTESIAN_POINT('',(-0.0525850462359904,0.06096,-0.030054832889081));
#4105=CARTESIAN_POINT('',(-0.0525850462359904,0.06096,-0.0274140618458419));
#4106=CARTESIAN_POINT('',(-0.0525850462359904,0.06096,-0.0321761532326406));
#4107=CARTESIAN_POINT('',(-0.0499442751927513,0.06096,-0.0274140618458419));
#4108=CARTESIAN_POINT('',(-0.0478229548491916,0.06096,-0.0274140618458419));
#4109=CARTESIAN_POINT('',(-0.050204000542591,0.06096,-0.0297951075392413));
#4110=CARTESIAN_POINT('',(0.0349085385496346,0.06096,-0.0274140618458419));
#4111=CARTESIAN_POINT('',(0.0370298588931942,0.06096,-0.0274140618458419));
#4112=CARTESIAN_POINT('',(0.0327872182060749,0.06096,-0.0274140618458419));
#4113=CARTESIAN_POINT('',(0.0278368898161152,0.06096,-0.036607030922921));
#4114=CARTESIAN_POINT('',(0.018643920739036,0.06096,-0.0458));
#4115=CARTESIAN_POINT('',(0.0165226003954764,0.06096,-0.0458));
#4116=CARTESIAN_POINT('',(0.0144012800519168,0.06096,-0.0458));
#4117=CARTESIAN_POINT('',(0.0235942491289958,0.06096,-0.0366070309229209));
#4118=CARTESIAN_POINT('',(0.0504637258924307,0.06096,-0.0436786796564404));
#4119=CARTESIAN_POINT('',(0.0525850462359904,0.06096,-0.0415573593128808));
#4120=CARTESIAN_POINT('',(0.0483424055488711,0.06096,-0.0458));
#4121=CARTESIAN_POINT('',(0.0525850462359904,0.06096,-0.0436786796564404));
#4122=CARTESIAN_POINT('',(0.0525850462359904,0.06096,-0.0458));
#4123=CARTESIAN_POINT('',(0.0504637258924307,0.06096,-0.0458));
#4124=CARTESIAN_POINT('',(0.0525850462359904,0.06096,-0.0351933982822018));
#4125=CARTESIAN_POINT('',(0.0525850462359904,0.06096,-0.0330720779386422));
#4126=CARTESIAN_POINT('',(0.0525850462359904,0.06096,-0.0373147186257614));
#4127=CARTESIAN_POINT('',(0.0483424055488711,0.06096,-0.0415573593128808));
#4128=CARTESIAN_POINT('',(0.0440997648617518,0.06096,-0.0458));
#4129=CARTESIAN_POINT('',(0.0419784445181922,0.06096,-0.0458));
#4130=CARTESIAN_POINT('',(0.0398571241746325,0.06096,-0.0458));
#4131=CARTESIAN_POINT('',(0.0462210852053114,0.06096,-0.0394360389693211));
#4132=CARTESIAN_POINT('',(-0.0315600798035549,0.06096,-0.0366070309229209));
#4133=CARTESIAN_POINT('',(-0.040753048880634,0.06096,-0.0458));
#4134=CARTESIAN_POINT('',(-0.0223671107264759,0.06096,-0.0274140618458419));
#4135=CARTESIAN_POINT('',(-0.0428743692241936,0.06096,-0.0458));
#4136=CARTESIAN_POINT('',(-0.0449956895677533,0.06096,-0.0458));
#4137=CARTESIAN_POINT('',(-0.0358027204906743,0.06096,-0.0366070309229209));
#4138=CARTESIAN_POINT('',(-0.0266097514135952,0.06096,-0.0274140618458419));
#4139=CARTESIAN_POINT('',(-0.0244884310700356,0.06096,-0.0274140618458419));
#4140=CARTESIAN_POINT('',(-0.0525850462359904,0.06096,-0.0385401142633196));
#4141=CARTESIAN_POINT('',(-0.0525850462359904,0.06096,-0.0364187939197599));
#4142=CARTESIAN_POINT('',(-0.0525850462359904,0.06096,-0.0406614346068791));
#4143=CARTESIAN_POINT('',(-0.0480826801990314,0.06096,-0.0319164278828009));
#4144=CARTESIAN_POINT('',(-0.0435803141620724,0.06096,-0.0274140618458419));
#4145=CARTESIAN_POINT('',(-0.0414589938185127,0.06096,-0.0274140618458419));
#4146=CARTESIAN_POINT('',(-0.0393376734749531,0.06096,-0.0274140618458419));
#4147=CARTESIAN_POINT('',(-0.0459613598554717,0.06096,-0.0340377482263606));
#4148=CARTESIAN_POINT('',(0.00945269442691882,0.06096,-0.0274140618458419));
#4149=CARTESIAN_POINT('',(0.0115740147704785,0.06096,-0.0274140618458419));
#4150=CARTESIAN_POINT('',(0.00733137408335918,0.06096,-0.0274140618458419));
#4151=CARTESIAN_POINT('',(0.0023810456933994,0.06096,-0.0366070309229209));
#4152=CARTESIAN_POINT('',(-0.00681192338367967,0.06096,-0.0458));
#4153=CARTESIAN_POINT('',(-0.00893324372723931,0.06096,-0.0458));
#4154=CARTESIAN_POINT('',(-0.0110545640707989,0.06096,-0.0458));
#4155=CARTESIAN_POINT('',(-0.00186159499371989,0.06096,-0.0366070309229209));
#4156=CARTESIAN_POINT('',(0.0179379758011574,0.06096,-0.0274140618458419));
#4157=CARTESIAN_POINT('',(0.020059296144717,0.06096,-0.0274140618458419));
#4158=CARTESIAN_POINT('',(0.0158166554575978,0.06096,-0.0274140618458419));
#4159=CARTESIAN_POINT('',(0.010866327067638,0.06096,-0.0366070309229209));
#4160=CARTESIAN_POINT('',(0.00167335799055891,0.06096,-0.0458));
#4161=CARTESIAN_POINT('',(-0.000447962353000731,0.06096,-0.0458));
#4162=CARTESIAN_POINT('',(-0.00256928269656037,0.06096,-0.0458));
#4163=CARTESIAN_POINT('',(0.00662368638051868,0.06096,-0.0366070309229209));
#4164=CARTESIAN_POINT('',(-0.0145895170550778,0.06096,-0.0366070309229209));
#4165=CARTESIAN_POINT('',(-0.0237824861321568,0.06096,-0.0458));
#4166=CARTESIAN_POINT('',(-0.00539654797799871,0.06096,-0.0274140618458419));
#4167=CARTESIAN_POINT('',(-0.0259038064757165,0.06096,-0.0458));
#4168=CARTESIAN_POINT('',(-0.0280251268192762,0.06096,-0.0458));
#4169=CARTESIAN_POINT('',(-0.0188321577421971,0.06096,-0.0366070309229209));
#4170=CARTESIAN_POINT('',(-0.009639188665118,0.06096,-0.0274140618458419));
#4171=CARTESIAN_POINT('',(-0.00751786832155835,0.06096,-0.0274140618458419));
#4172=CARTESIAN_POINT('',(0.,0.0635,-0.0508));
#4173=CARTESIAN_POINT('',(-0.0174185251014779,0.0635,-0.0458));
#4174=CARTESIAN_POINT('',(-0.0152972047579182,0.0635,-0.0458));
#4175=CARTESIAN_POINT('',(-0.0195398454450375,0.0635,-0.0458));
#4176=CARTESIAN_POINT('',(-0.00610423568083918,0.0635,-0.0366070309229209));
#4177=CARTESIAN_POINT('',(0.00308873339623988,0.0635,-0.0274140618458419));
#4178=CARTESIAN_POINT('',(0.000967413052680233,0.0635,-0.0274140618458419));
#4179=CARTESIAN_POINT('',(-0.00115390729087941,0.0635,-0.0274140618458419));
#4180=CARTESIAN_POINT('',(-0.0103468763679585,0.0635,-0.0366070309229209));
#4181=CARTESIAN_POINT('',(-0.0400453611777936,0.0635,-0.0366070309229209));
#4182=CARTESIAN_POINT('',(-0.0492383302548726,0.0635,-0.0458));
#4183=CARTESIAN_POINT('',(-0.0308523921007144,0.0635,-0.0274140618458419));
#4184=CARTESIAN_POINT('',(-0.0329737124442741,0.0635,-0.0274140618458419));
#4185=CARTESIAN_POINT('',(-0.0350950327878337,0.0635,-0.0274140618458419));
#4186=CARTESIAN_POINT('',(-0.043840039511912,0.0635,-0.0361590685699202));
#4187=CARTESIAN_POINT('',(-0.0525850462359904,0.0635,-0.0449040752939984));
#4188=CARTESIAN_POINT('',(-0.0525850462359904,0.0635,-0.0453520376469992));
#4189=CARTESIAN_POINT('',(-0.0525850462359904,0.0635,-0.0458));
#4190=CARTESIAN_POINT('',(-0.0509116882454315,0.0635,-0.0458));
#4191=CARTESIAN_POINT('',(-0.0230747984293164,0.0635,-0.0366070309229209));
#4192=CARTESIAN_POINT('',(-0.0322677675063954,0.0635,-0.0458));
#4193=CARTESIAN_POINT('',(-0.0138818293522373,0.0635,-0.0274140618458419));
#4194=CARTESIAN_POINT('',(-0.0160031496957969,0.0635,-0.0274140618458419));
#4195=CARTESIAN_POINT('',(-0.0181244700393566,0.0635,-0.0274140618458419));
#4196=CARTESIAN_POINT('',(-0.0273174391164357,0.0635,-0.0366070309229209));
#4197=CARTESIAN_POINT('',(-0.0365104081935148,0.0635,-0.0458));
#4198=CARTESIAN_POINT('',(-0.0343890878499551,0.0635,-0.0458));
#4199=CARTESIAN_POINT('',(0.0193516084418766,0.0635,-0.0366070309229209));
#4200=CARTESIAN_POINT('',(0.0101586393647975,0.0635,-0.0458));
#4201=CARTESIAN_POINT('',(0.0285445775189556,0.0635,-0.0274140618458419));
#4202=CARTESIAN_POINT('',(0.0264232571753959,0.0635,-0.0274140618458419));
#4203=CARTESIAN_POINT('',(0.0243019368318363,0.0635,-0.0274140618458419));
#4204=CARTESIAN_POINT('',(0.0151089677547573,0.0635,-0.0366070309229209));
#4205=CARTESIAN_POINT('',(0.0059159986776782,0.0635,-0.0458));
#4206=CARTESIAN_POINT('',(0.00803731902123785,0.0635,-0.0458));
#4207=CARTESIAN_POINT('',(0.0334931631439536,0.0635,-0.0458));
#4208=CARTESIAN_POINT('',(0.0356144834875132,0.0635,-0.0458));
#4209=CARTESIAN_POINT('',(0.0313718428003939,0.0635,-0.0458));
#4210=CARTESIAN_POINT('',(0.0440997648617518,0.0635,-0.0373147186257614));
#4211=CARTESIAN_POINT('',(0.0525850462359904,0.0635,-0.0288294372515229));
#4212=CARTESIAN_POINT('',(0.0525850462359904,0.0635,-0.0281217495486824));
#4213=CARTESIAN_POINT('',(0.0525850462359904,0.0635,-0.0274140618458419));
#4214=CARTESIAN_POINT('',(0.0511714135952712,0.0635,-0.0274140618458419));
#4215=CARTESIAN_POINT('',(0.049757780954552,0.0635,-0.0274140618458419));
#4216=CARTESIAN_POINT('',(0.040564811877473,0.0635,-0.036607030922921));
#4217=CARTESIAN_POINT('',(0.025007881769715,0.0635,-0.0458));
#4218=CARTESIAN_POINT('',(0.0271292021132746,0.0635,-0.0458));
#4219=CARTESIAN_POINT('',(0.0228865614261554,0.0635,-0.0458));
#4220=CARTESIAN_POINT('',(0.0363221711903537,0.0635,-0.036607030922921));
#4221=CARTESIAN_POINT('',(0.0455151402674328,0.0635,-0.0274140618458419));
#4222=CARTESIAN_POINT('',(0.0433938199238731,0.0635,-0.0274140618458419));
#4223=CARTESIAN_POINT('',(0.0412724995803134,0.0635,-0.0274140618458419));
#4224=CARTESIAN_POINT('',(0.0320795305032344,0.0635,-0.036607030922921));
#4225=CARTESIAN_POINT('',(0.127,0.0635,-0.0254));
#4226=CARTESIAN_POINT('',(0.0846666666666667,0.0635,-0.0254));
#4227=CARTESIAN_POINT('',(0.0635,0.0635,-0.0254));
#4228=CARTESIAN_POINT('',(0.0635,0.0635,-0.0508));
#4229=CARTESIAN_POINT('',(0.0643104507529032,0.0635,-0.0431273390346945));
#4230=CARTESIAN_POINT('',(0.117,0.0635,-0.0254140618458419));
#4231=CARTESIAN_POINT('',(0.0545850462359904,0.0635,-0.0408));
#4232=CARTESIAN_POINT('',(0.0545850462359904,0.0635,-0.0508));
#4233=CARTESIAN_POINT('',(0.,0.0635,-0.0508));
#4234=CARTESIAN_POINT('',(-0.0545850462359904,0.0635,-0.0508));
#4235=CARTESIAN_POINT('',(-0.0545850462359904,0.0635,-0.0408));
#4236=CARTESIAN_POINT('',(-0.0643104507529032,0.0635,-0.0431273390346945));
#4237=CARTESIAN_POINT('',(-0.127,0.0635,-0.0254));
#4238=CARTESIAN_POINT('',(-0.0846666666666667,0.0635,-0.0254));
#4239=CARTESIAN_POINT('',(-0.0635,0.0635,-0.0254));
#4240=CARTESIAN_POINT('',(-0.0635,0.0635,-0.0508));
#4241=CARTESIAN_POINT('',(-0.116999999991799,0.0635,-0.0254140618458781));
#4242=CARTESIAN_POINT('',(-0.117,0.0635,-0.0508));
#4243=CARTESIAN_POINT('',(-0.117,0.0635,0.02));
#4244=CARTESIAN_POINT('',(0.,0.0635,0.02));
#4245=CARTESIAN_POINT('',(0.117,0.0635,0.02));
#4246=CARTESIAN_POINT('',(0.117,0.0635,-0.0508));
#4247=CARTESIAN_POINT('',(0.0205850462359904,0.0635,-0.00175));
#4248=CARTESIAN_POINT('',(0.0205850462359904,0.0635,0.00025));
#4249=CARTESIAN_POINT('',(0.0777850462359904,0.0635,0.00328636));
#4250=CARTESIAN_POINT('',(0.0751350462359904,0.0635,0.00328636));
#4251=CARTESIAN_POINT('',(0.0804350462359904,0.0635,0.00328636));
#4252=CARTESIAN_POINT('',(0.0751350462359904,0.0635,-0.00026364000000002));
#4253=CARTESIAN_POINT('',(0.0751350462359904,0.0635,-0.00381364));
#4254=CARTESIAN_POINT('',(0.0777850462359904,0.0635,-0.00381364));
#4255=CARTESIAN_POINT('',(0.0804350462359904,0.0635,-0.00381364));
#4256=CARTESIAN_POINT('',(0.0804350462359904,0.0635,-0.000263640000000044));
#4257=CARTESIAN_POINT('',(-0.0525850462359904,0.0635,-0.030054832889081));
#4258=CARTESIAN_POINT('',(-0.0525850462359904,0.0635,-0.0274140618458419));
#4259=CARTESIAN_POINT('',(-0.0525850462359904,0.0635,-0.0321761532326406));
#4260=CARTESIAN_POINT('',(-0.050204000542591,0.0635,-0.0297951075392413));
#4261=CARTESIAN_POINT('',(-0.0478229548491917,0.0635,-0.0274140618458419));
#4262=CARTESIAN_POINT('',(-0.0499442751927513,0.0635,-0.0274140618458419));
#4263=CARTESIAN_POINT('',(0.0165226003954764,0.0635,-0.0458));
#4264=CARTESIAN_POINT('',(0.018643920739036,0.0635,-0.0458));
#4265=CARTESIAN_POINT('',(0.0144012800519168,0.0635,-0.0458));
#4266=CARTESIAN_POINT('',(0.0278368898161152,0.0635,-0.036607030922921));
#4267=CARTESIAN_POINT('',(0.0370298588931942,0.0635,-0.0274140618458419));
#4268=CARTESIAN_POINT('',(0.0349085385496346,0.0635,-0.0274140618458419));
#4269=CARTESIAN_POINT('',(0.0327872182060749,0.0635,-0.0274140618458419));
#4270=CARTESIAN_POINT('',(0.0235942491289958,0.0635,-0.0366070309229209));
#4271=CARTESIAN_POINT('',(0.0504637258924307,0.0635,-0.0458));
#4272=CARTESIAN_POINT('',(0.0525850462359904,0.0635,-0.0458));
#4273=CARTESIAN_POINT('',(0.0483424055488711,0.0635,-0.0458));
#4274=CARTESIAN_POINT('',(0.0525850462359904,0.0635,-0.0436786796564404));
#4275=CARTESIAN_POINT('',(0.0525850462359904,0.0635,-0.0415573593128808));
#4276=CARTESIAN_POINT('',(0.0504637258924307,0.0635,-0.0436786796564404));
#4277=CARTESIAN_POINT('',(0.0419784445181922,0.0635,-0.0458));
#4278=CARTESIAN_POINT('',(0.0440997648617518,0.0635,-0.0458));
#4279=CARTESIAN_POINT('',(0.0398571241746325,0.0635,-0.0458));
#4280=CARTESIAN_POINT('',(0.0483424055488711,0.0635,-0.0415573593128808));
#4281=CARTESIAN_POINT('',(0.0525850462359904,0.0635,-0.0373147186257614));
#4282=CARTESIAN_POINT('',(0.0525850462359904,0.0635,-0.0351933982822018));
#4283=CARTESIAN_POINT('',(0.0525850462359904,0.0635,-0.0330720779386422));
#4284=CARTESIAN_POINT('',(0.0462210852053114,0.0635,-0.0394360389693211));
#4285=CARTESIAN_POINT('',(-0.0315600798035549,0.0635,-0.0366070309229209));
#4286=CARTESIAN_POINT('',(-0.040753048880634,0.0635,-0.0458));
#4287=CARTESIAN_POINT('',(-0.0223671107264759,0.0635,-0.0274140618458419));
#4288=CARTESIAN_POINT('',(-0.0244884310700356,0.0635,-0.0274140618458419));
#4289=CARTESIAN_POINT('',(-0.0266097514135952,0.0635,-0.0274140618458419));
#4290=CARTESIAN_POINT('',(-0.0358027204906743,0.0635,-0.0366070309229209));
#4291=CARTESIAN_POINT('',(-0.0449956895677533,0.0635,-0.0458));
#4292=CARTESIAN_POINT('',(-0.0428743692241936,0.0635,-0.0458));
#4293=CARTESIAN_POINT('',(-0.0525850462359904,0.0635,-0.0385401142633196));
#4294=CARTESIAN_POINT('',(-0.0525850462359904,0.0635,-0.0364187939197599));
#4295=CARTESIAN_POINT('',(-0.0525850462359904,0.0635,-0.0406614346068791));
#4296=CARTESIAN_POINT('',(-0.0459613598554717,0.0635,-0.0340377482263606));
#4297=CARTESIAN_POINT('',(-0.0393376734749531,0.0635,-0.0274140618458419));
#4298=CARTESIAN_POINT('',(-0.0414589938185127,0.0635,-0.0274140618458419));
#4299=CARTESIAN_POINT('',(-0.0435803141620724,0.0635,-0.0274140618458419));
#4300=CARTESIAN_POINT('',(-0.0480826801990314,0.0635,-0.0319164278828009));
#4301=CARTESIAN_POINT('',(-0.00893324372723931,0.0635,-0.0458));
#4302=CARTESIAN_POINT('',(-0.00681192338367967,0.0635,-0.0458));
#4303=CARTESIAN_POINT('',(-0.0110545640707989,0.0635,-0.0458));
#4304=CARTESIAN_POINT('',(0.0023810456933994,0.0635,-0.0366070309229209));
#4305=CARTESIAN_POINT('',(0.0115740147704785,0.0635,-0.0274140618458419));
#4306=CARTESIAN_POINT('',(0.00945269442691882,0.0635,-0.0274140618458419));
#4307=CARTESIAN_POINT('',(0.00733137408335918,0.0635,-0.0274140618458419));
#4308=CARTESIAN_POINT('',(-0.00186159499371989,0.0635,-0.0366070309229209));
#4309=CARTESIAN_POINT('',(-0.000447962353000731,0.0635,-0.0458));
#4310=CARTESIAN_POINT('',(0.00167335799055891,0.0635,-0.0458));
#4311=CARTESIAN_POINT('',(-0.00256928269656037,0.0635,-0.0458));
#4312=CARTESIAN_POINT('',(0.010866327067638,0.0635,-0.0366070309229209));
#4313=CARTESIAN_POINT('',(0.020059296144717,0.0635,-0.0274140618458419));
#4314=CARTESIAN_POINT('',(0.0179379758011574,0.0635,-0.0274140618458419));
#4315=CARTESIAN_POINT('',(0.0158166554575978,0.0635,-0.0274140618458419));
#4316=CARTESIAN_POINT('',(0.00662368638051868,0.0635,-0.0366070309229209));
#4317=CARTESIAN_POINT('',(-0.0145895170550778,0.0635,-0.0366070309229209));
#4318=CARTESIAN_POINT('',(-0.0237824861321568,0.0635,-0.0458));
#4319=CARTESIAN_POINT('',(-0.00539654797799871,0.0635,-0.0274140618458419));
#4320=CARTESIAN_POINT('',(-0.00751786832155835,0.0635,-0.0274140618458419));
#4321=CARTESIAN_POINT('',(-0.009639188665118,0.0635,-0.0274140618458419));
#4322=CARTESIAN_POINT('',(-0.0188321577421971,0.0635,-0.0366070309229209));
#4323=CARTESIAN_POINT('',(-0.0280251268192762,0.0635,-0.0458));
#4324=CARTESIAN_POINT('',(-0.0259038064757165,0.0635,-0.0458));
#4325=CARTESIAN_POINT('',(0.106973184527605,0.0591777281758685,-0.0127));
#4326=CARTESIAN_POINT('',(0.106973184527605,0.0591777281758685,0.0073));
#4327=CARTESIAN_POINT('',(0.111295456351737,0.054855456351737,0.0073));
#4328=CARTESIAN_POINT('',(0.111295456351737,0.054855456351737,-0.0127));
#4329=CARTESIAN_POINT('',(0.111295456351737,0.054855456351737,0.02));
#4330=CARTESIAN_POINT('',(0.106973184527605,0.0591777281758685,0.02));
#4331=CARTESIAN_POINT('',(0.120112431772193,0.05405,-0.0127));
#4332=CARTESIAN_POINT('',(0.11324,0.05405,-0.0127));
#4333=CARTESIAN_POINT('',(0.11324,0.05405,0.0073));
#4334=CARTESIAN_POINT('',(0.11324,0.05405,0.02));
#4335=CARTESIAN_POINT('',(0.120112431772193,0.05405,0.0073));
#4336=CARTESIAN_POINT('',(0.123970620379344,0.05405,0.0073));
#4337=CARTESIAN_POINT('',(0.123970620379344,0.05405,-0.0508));
#4338=CARTESIAN_POINT('',(0.123970620379344,0.05405,0.02));
#4339=CARTESIAN_POINT('',(0.120112431772193,0.05405,0.02));
#4340=CARTESIAN_POINT('',(-0.106973184527605,0.0591777281758685,-0.0127));
#4341=CARTESIAN_POINT('',(-0.111295456351737,0.054855456351737,-0.0127));
#4342=CARTESIAN_POINT('',(-0.111295456351737,0.054855456351737,0.0073));
#4343=CARTESIAN_POINT('',(-0.111295456351737,0.054855456351737,0.02));
#4344=CARTESIAN_POINT('',(-0.106973184527605,0.0591777281758685,0.0073));
#4345=CARTESIAN_POINT('',(-0.106973184527605,0.0591777281758685,0.02));
#4346=CARTESIAN_POINT('',(-0.120112431772193,0.05405,-0.0127));
#4347=CARTESIAN_POINT('',(-0.120112431772193,0.05405,0.0073));
#4348=CARTESIAN_POINT('',(-0.11324,0.05405,0.0073));
#4349=CARTESIAN_POINT('',(-0.123970620379344,0.05405,0.0073));
#4350=CARTESIAN_POINT('',(-0.11324,0.05405,-0.0127));
#4351=CARTESIAN_POINT('',(-0.11324,0.05405,0.02));
#4352=CARTESIAN_POINT('',(-0.120112431772193,0.05405,0.02));
#4353=CARTESIAN_POINT('',(-0.123970620379344,0.05405,0.02));
#4354=CARTESIAN_POINT('',(-0.123970620379344,0.05405,-0.0508));
#4355=CARTESIAN_POINT('',(0.106973184527605,-0.045300624984057,-0.0127));
#4356=CARTESIAN_POINT('',(0.111295456351737,-0.0409783531599254,-0.0127));
#4357=CARTESIAN_POINT('',(0.111295456351737,-0.0409783531599254,0.0073));
#4358=CARTESIAN_POINT('',(0.111295456351737,-0.0409783531599254,0.02));
#4359=CARTESIAN_POINT('',(0.106973184527605,-0.045300624984057,0.0073));
#4360=CARTESIAN_POINT('',(0.105190912703474,-0.0470828968081885,0.0073));
#4361=CARTESIAN_POINT('',(0.105190912703474,-0.0470828968081885,-0.0508));
#4362=CARTESIAN_POINT('',(0.105190912703474,-0.0470828968081885,0.02));
#4363=CARTESIAN_POINT('',(0.106973184527605,-0.045300624984057,0.02));
#4364=CARTESIAN_POINT('',(0.120112431772193,-0.0401728968081885,-0.0127));
#4365=CARTESIAN_POINT('',(0.120112431772193,-0.0401728968081885,0.0073));
#4366=CARTESIAN_POINT('',(0.11324,-0.0401728968081885,0.0073));
#4367=CARTESIAN_POINT('',(0.123970620379344,-0.0401728968081885,0.0073));
#4368=CARTESIAN_POINT('',(0.11324,-0.0401728968081885,-0.0127));
#4369=CARTESIAN_POINT('',(0.11324,-0.0401728968081885,0.02));
#4370=CARTESIAN_POINT('',(0.120112431772193,-0.0401728968081885,0.02));
#4371=CARTESIAN_POINT('',(0.123970620379344,-0.0401728968081885,0.02));
#4372=CARTESIAN_POINT('',(0.123970620379344,-0.0401728968081885,-0.0508));
#4373=CARTESIAN_POINT('',(-0.106973184527605,-0.045300624984057,-0.0127));
#4374=CARTESIAN_POINT('',(-0.106973184527605,-0.045300624984057,0.0073));
#4375=CARTESIAN_POINT('',(-0.111295456351737,-0.0409783531599254,0.0073));
#4376=CARTESIAN_POINT('',(-0.105190912703474,-0.0470828968081885,0.0073));
#4377=CARTESIAN_POINT('',(-0.111295456351737,-0.0409783531599254,-0.0127));
#4378=CARTESIAN_POINT('',(-0.111295456351737,-0.0409783531599254,0.02));
#4379=CARTESIAN_POINT('',(-0.106973184527605,-0.045300624984057,0.02));
#4380=CARTESIAN_POINT('',(-0.105190912703474,-0.0470828968081885,0.02));
#4381=CARTESIAN_POINT('',(-0.105190912703474,-0.0470828968081885,-0.0508));
#4382=CARTESIAN_POINT('',(-0.120112431772193,-0.0401728968081885,-0.0127));
#4383=CARTESIAN_POINT('',(-0.11324,-0.0401728968081885,-0.0127));
#4384=CARTESIAN_POINT('',(-0.11324,-0.0401728968081885,0.0073));
#4385=CARTESIAN_POINT('',(-0.11324,-0.0401728968081885,0.02));
#4386=CARTESIAN_POINT('',(-0.120112431772193,-0.0401728968081885,0.0073));
#4387=CARTESIAN_POINT('',(-0.123970620379344,-0.0401728968081885,0.0073));
#4388=CARTESIAN_POINT('',(-0.123970620379344,-0.0401728968081885,-0.0508));
#4389=CARTESIAN_POINT('',(-0.123970620379344,-0.0401728968081885,0.02));
#4390=CARTESIAN_POINT('',(-0.120112431772193,-0.0401728968081885,0.02));
#4391=CARTESIAN_POINT('',(0.11324,0.0568,-0.0127));
#4392=CARTESIAN_POINT('',(0.11324,0.0568,0.0073));
#4393=CARTESIAN_POINT('',(0.11324,0.0568,0.02));
#4394=CARTESIAN_POINT('',(0.11324,0.0568,-0.0127));
#4395=CARTESIAN_POINT('',(0.11324,0.0568,0.02));
#4396=CARTESIAN_POINT('',(0.11494,0.0568,0.02));
#4397=CARTESIAN_POINT('',(0.11324,0.0568,0.0073));
#4398=CARTESIAN_POINT('',(0.11494,0.0568,0.0073));
#4399=CARTESIAN_POINT('',(-0.11324,0.0568,-0.0127));
#4400=CARTESIAN_POINT('',(-0.11324,0.0568,0.0073));
#4401=CARTESIAN_POINT('',(-0.11324,0.0568,0.02));
#4402=CARTESIAN_POINT('',(-0.11324,0.0568,-0.0127));
#4403=CARTESIAN_POINT('',(-0.11324,0.0568,0.02));
#4404=CARTESIAN_POINT('',(-0.11154,0.0568,0.02));
#4405=CARTESIAN_POINT('',(-0.11324,0.0568,0.0073));
#4406=CARTESIAN_POINT('',(-0.11154,0.0568,0.0073));
#4407=CARTESIAN_POINT('',(0.11324,-0.0429228968081885,-0.0127));
#4408=CARTESIAN_POINT('',(0.11324,-0.0429228968081885,0.0073));
#4409=CARTESIAN_POINT('',(0.11324,-0.0429228968081885,0.02));
#4410=CARTESIAN_POINT('',(0.11324,-0.0429228968081885,-0.0127));
#4411=CARTESIAN_POINT('',(0.11324,-0.0429228968081885,0.02));
#4412=CARTESIAN_POINT('',(0.11494,-0.0429228968081885,0.02));
#4413=CARTESIAN_POINT('',(0.11324,-0.0429228968081885,0.0073));
#4414=CARTESIAN_POINT('',(0.11494,-0.0429228968081885,0.0073));
#4415=CARTESIAN_POINT('',(-0.11324,-0.0429228968081885,-0.0127));
#4416=CARTESIAN_POINT('',(-0.11324,-0.0429228968081885,0.0073));
#4417=CARTESIAN_POINT('',(-0.11324,-0.0429228968081885,0.02));
#4418=CARTESIAN_POINT('',(-0.11324,-0.0429228968081885,-0.0127));
#4419=CARTESIAN_POINT('',(-0.11324,-0.0429228968081885,0.02));
#4420=CARTESIAN_POINT('',(-0.11154,-0.0429228968081885,0.02));
#4421=CARTESIAN_POINT('',(-0.11324,-0.0429228968081885,0.0073));
#4422=CARTESIAN_POINT('',(-0.11154,-0.0429228968081885,0.0073));
#4423=CARTESIAN_POINT('',(-0.12446,0.00693855159590578,-0.0508));
#4424=CARTESIAN_POINT('',(-0.12446,0.00693855159590575,-0.0254002094847587));
#4425=CARTESIAN_POINT('',(-0.12446,0.05096,-0.0254002094847587));
#4426=CARTESIAN_POINT('',(-0.12446,-0.0370828968081885,-0.0254002094847587));
#4427=CARTESIAN_POINT('',(-0.12446,0.05096,-0.0508));
#4428=CARTESIAN_POINT('',(-0.12446,0.05096,0.02));
#4429=CARTESIAN_POINT('',(-0.12446,0.00693855159590578,0.02));
#4430=CARTESIAN_POINT('',(-0.12446,-0.0370828968081885,0.02));
#4431=CARTESIAN_POINT('',(-0.12446,-0.0370828968081885,-0.0508));
#4432=CARTESIAN_POINT('',(-0.12446,0.00693855159590575,-0.0228602094847587));
#4433=CARTESIAN_POINT('',(-0.12446,-0.0345428968081885,-0.0228602094847587));
#4434=CARTESIAN_POINT('',(-0.12446,0.04842,-0.0228602094847587));
#4435=CARTESIAN_POINT('',(-0.12446,-0.0345428968081885,-0.0508));
#4436=CARTESIAN_POINT('',(-0.12446,-0.0345428968081885,-0.0208602094847587));
#4437=CARTESIAN_POINT('',(-0.12446,0.00693855159590578,-0.0208602094847587));
#4438=CARTESIAN_POINT('',(-0.12446,0.04842,-0.0208602094847587));
#4439=CARTESIAN_POINT('',(-0.12446,0.04842,-0.0508));
#4440=CARTESIAN_POINT('',(0.12446,0.00693855159590574,-0.0508));
#4441=CARTESIAN_POINT('',(0.12446,0.00693855159590575,-0.0254002094847587));
#4442=CARTESIAN_POINT('',(0.12446,-0.0370828968081885,-0.0254002094847587));
#4443=CARTESIAN_POINT('',(0.12446,0.05096,-0.0254002094847587));
#4444=CARTESIAN_POINT('',(0.12446,-0.0370828968081885,-0.0508));
#4445=CARTESIAN_POINT('',(0.12446,-0.0370828968081885,0.02));
#4446=CARTESIAN_POINT('',(0.12446,0.00693855159590574,0.02));
#4447=CARTESIAN_POINT('',(0.12446,0.05096,0.02));
#4448=CARTESIAN_POINT('',(0.12446,0.05096,-0.0508));
#4449=CARTESIAN_POINT('',(0.12446,-0.0345428968081885,-0.0508));
#4450=CARTESIAN_POINT('',(0.12446,-0.0345428968081885,-0.0228602094847587));
#4451=CARTESIAN_POINT('',(0.12446,-0.0345428968081885,-0.0208602094847587));
#4452=CARTESIAN_POINT('',(0.12446,0.00693855159590575,-0.0228602094847587));
#4453=CARTESIAN_POINT('',(0.12446,0.04842,-0.0228602094847587));
#4454=CARTESIAN_POINT('',(0.12446,0.04842,-0.0508));
#4455=CARTESIAN_POINT('',(0.12446,0.04842,-0.0208602094847587));
#4456=CARTESIAN_POINT('',(0.12446,0.00693855159590574,-0.0208602094847587));
#4457=CARTESIAN_POINT('',(-1.38777878078145E-17,-0.0470828968081885,-0.0508));
#4458=CARTESIAN_POINT('',(-1.38777878078145E-17,-0.0470828968081885,0.0073));
#4459=CARTESIAN_POINT('',(0.11446,-0.0470828968081885,0.0073));
#4460=CARTESIAN_POINT('',(0.11446,-0.0470828968081885,-0.0508));
#4461=CARTESIAN_POINT('',(0.11446,-0.0470828968081885,-0.0254287080566127));
#4462=CARTESIAN_POINT('',(0.127,-0.0470828968081885,-0.0254));
#4463=CARTESIAN_POINT('',(0.0846666666666667,-0.0470828968081885,-0.0254));
#4464=CARTESIAN_POINT('',(0.0635,-0.0470828968081885,-0.0254));
#4465=CARTESIAN_POINT('',(0.0635,-0.0470828968081885,-0.0508));
#4466=CARTESIAN_POINT('',(0.0643104507529032,-0.0470828968081885,-0.0431273390346945));
#4467=CARTESIAN_POINT('',(0.0545850462359904,-0.0470828968081885,-0.0408));
#4468=CARTESIAN_POINT('',(0.0545850462359904,-0.0470828968081885,-0.0508));
#4469=CARTESIAN_POINT('',(-1.38777878078145E-17,-0.0470828968081885,-0.0508));
#4470=CARTESIAN_POINT('',(-0.0545850462359904,-0.0470828968081885,-0.0508));
#4471=CARTESIAN_POINT('',(-0.0545850462359904,-0.0470828968081885,-0.0408));
#4472=CARTESIAN_POINT('',(-0.0643104507529032,-0.0470828968081885,-0.0431273390346945));
#4473=CARTESIAN_POINT('',(-0.127,-0.0470828968081885,-0.0254));
#4474=CARTESIAN_POINT('',(-0.0846666666666667,-0.0470828968081885,-0.0254));
#4475=CARTESIAN_POINT('',(-0.0635,-0.0470828968081885,-0.0254));
#4476=CARTESIAN_POINT('',(-0.0635,-0.0470828968081885,-0.0508));
#4477=CARTESIAN_POINT('',(-0.11446,-0.0470828968081885,-0.0254287080566127));
#4478=CARTESIAN_POINT('',(-0.11446,-0.0470828968081885,-0.0508));
#4479=CARTESIAN_POINT('',(-0.11446,-0.0470828968081885,0.0073));
#4480=CARTESIAN_POINT('',(-1.38777878078145E-17,-0.0470828968081885,0.0073));
#4481=CARTESIAN_POINT('',(-1.38777878078145E-17,-0.0470828968081885,0.02));
#4482=CARTESIAN_POINT('',(0.11192,-0.0470828968081885,-0.0508));
#4483=CARTESIAN_POINT('',(0.11192,-0.0470828968081885,-0.0229116002197381));
#4484=CARTESIAN_POINT('',(0.11192,-0.0470828968081886,-0.0209114487865319));
#4485=CARTESIAN_POINT('',(0.0598951171022238,-0.0470828968081885,-0.042070727112947));
#4486=CARTESIAN_POINT('',(0.0604916214879365,-0.0470828968081885,-0.0395780750494649));
#4487=CARTESIAN_POINT('',(0.061882902917564,-0.0470828968081885,-0.0359836582157276));
#4488=CARTESIAN_POINT('',(0.0649431943806505,-0.0470828968081885,-0.0318514862335053));
#4489=CARTESIAN_POINT('',(0.0677091787236945,-0.0470828968081885,-0.029254804767986));
#4490=CARTESIAN_POINT('',(0.0709126411043486,-0.0470828968081885,-0.0271159118928597));
#4491=CARTESIAN_POINT('',(0.0743337104931159,-0.0470828968081885,-0.0254750963539739));
#4492=CARTESIAN_POINT('',(0.077910962439396,-0.0470828968081885,-0.0242171240823081));
#4493=CARTESIAN_POINT('',(0.0828539883928508,-0.0470828968081885,-0.0229474639723852));
#4494=CARTESIAN_POINT('',(0.0891029815576376,-0.0470828968081885,-0.0219690329533679));
#4495=CARTESIAN_POINT('',(0.0992264644642895,-0.0470828968081885,-0.0211284047945104));
#4496=CARTESIAN_POINT('',(0.106842570620905,-0.0470828968081885,-0.0209680918671759));
#4497=CARTESIAN_POINT('',(0.11192,-0.0470828968081885,-0.0209114487865319));
#4498=CARTESIAN_POINT('',(0.0598951171022238,-0.0470828968081885,-0.042070727112947));
#4499=CARTESIAN_POINT('',(0.0545850462359904,-0.0470828968081885,-0.0408));
#4500=CARTESIAN_POINT('',(0.0545850462359904,-0.0470828968081885,-0.04626));
#4501=CARTESIAN_POINT('',(-1.38777878078145E-17,-0.0470828968081885,-0.04626));
#4502=CARTESIAN_POINT('',(-0.0545850462359904,-0.0470828968081885,-0.04626));
#4503=CARTESIAN_POINT('',(-0.0545850462359904,-0.0470828968081885,-0.0408));
#4504=CARTESIAN_POINT('',(-0.0598951171022238,-0.0470828968081885,-0.042070727112947));
#4505=CARTESIAN_POINT('',(-0.0598951171022238,-0.0470828968081885,-0.042070727112947));
#4506=CARTESIAN_POINT('',(-0.0604906677195695,-0.0470828968081885,-0.0395820606246401));
#4507=CARTESIAN_POINT('',(-0.0618795117202582,-0.0470828968081885,-0.0359898585843077));
#4508=CARTESIAN_POINT('',(-0.0649364517231632,-0.0470828968081885,-0.0318603492692184));
#4509=CARTESIAN_POINT('',(-0.0676882599434845,-0.0470828968081885,-0.0292716104500949));
#4510=CARTESIAN_POINT('',(-0.070889879037646,-0.0470828968081885,-0.0271294661655644));
#4511=CARTESIAN_POINT('',(-0.075426148842206,-0.0470828968081885,-0.0249461000103505));
#4512=CARTESIAN_POINT('',(-0.0815520144992565,-0.0470828968081885,-0.0231533654640036));
#4513=CARTESIAN_POINT('',(-0.08906959873597,-0.0470828968081885,-0.0219724663106435));
#4514=CARTESIAN_POINT('',(-0.0991998290534079,-0.0470828968081885,-0.0211296343318645));
#4515=CARTESIAN_POINT('',(-0.10681872249286,-0.0470828968081885,-0.0209675748595846));
#4516=CARTESIAN_POINT('',(-0.111898008581134,-0.0470828968081885,-0.0209117211290188));
#4517=CARTESIAN_POINT('',(-0.111898008581134,-0.0470828968081885,-0.0209117211290189));
#4518=CARTESIAN_POINT('',(0.000315093863165038,-0.0470828968081885,-0.0221456583953044));
#4519=CARTESIAN_POINT('',(-0.11192,-0.0470828968081885,-0.0209114793031475));
#4520=CARTESIAN_POINT('',(-0.11192,-0.0470828968081885,-0.0508));
#4521=CARTESIAN_POINT('',(-0.11192,-0.0470828968081885,-0.0229116002197381));
#4522=CARTESIAN_POINT('',(-0.11192,-0.0470828968081885,-0.0229116002197381));
#4523=CARTESIAN_POINT('',(-0.104859702076309,-0.0470828968081885,-0.0229892378977753));
#4524=CARTESIAN_POINT('',(-0.092218751344664,-0.0470828968081885,-0.0233787100907659));
#4525=CARTESIAN_POINT('',(-0.0799721410887948,-0.0470828968081885,-0.0253531322810359));
#4526=CARTESIAN_POINT('',(-0.0721770880558007,-0.0470828968081885,-0.0285328059817005));
#4527=CARTESIAN_POINT('',(-0.0673677585108931,-0.0470828968081885,-0.0319655560555418));
#4528=CARTESIAN_POINT('',(-0.0637917168729694,-0.0470828968081885,-0.0366007827644443));
#4529=CARTESIAN_POINT('',(-0.0623419290060854,-0.0470828968081885,-0.0404395786273581));
#4530=CARTESIAN_POINT('',(-0.0618401980056073,-0.0470828968081885,-0.0425361949198821));
#4531=CARTESIAN_POINT('',(-0.0618401980056073,-0.0470828968081885,-0.0425361949198821));
#4532=CARTESIAN_POINT('',(-0.0545850462359904,-0.0470828968081885,-0.0408));
#4533=CARTESIAN_POINT('',(-0.0545850462359904,-0.0470828968081885,-0.04826));
#4534=CARTESIAN_POINT('',(-1.3756542064255E-17,-0.0470828968081885,-0.04826));
#4535=CARTESIAN_POINT('',(0.0545850462359904,-0.0470828968081885,-0.04826));
#4536=CARTESIAN_POINT('',(0.0545850462359904,-0.0470828968081885,-0.0408));
#4537=CARTESIAN_POINT('',(0.0618401980056073,-0.0470828968081885,-0.0425361949198821));
#4538=CARTESIAN_POINT('',(0.11192,-0.0470828968081885,-0.0229116002197381));
#4539=CARTESIAN_POINT('',(0.104859702076309,-0.0470828968081885,-0.0229892378977753));
#4540=CARTESIAN_POINT('',(0.092218751344664,-0.0470828968081885,-0.0233787100907659));
#4541=CARTESIAN_POINT('',(0.0799721410887948,-0.0470828968081885,-0.0253531322810359));
#4542=CARTESIAN_POINT('',(0.0721770880558007,-0.0470828968081885,-0.0285328059817005));
#4543=CARTESIAN_POINT('',(0.0673677585108931,-0.0470828968081885,-0.0319655560555418));
#4544=CARTESIAN_POINT('',(0.0637917168729694,-0.0470828968081885,-0.0366007827644443));
#4545=CARTESIAN_POINT('',(0.0623419290060854,-0.0470828968081885,-0.0404395786273581));
#4546=CARTESIAN_POINT('',(0.0618401980056073,-0.0470828968081885,-0.0425361949198821));
#4547=CARTESIAN_POINT('',(-0.11446,0.05096,-0.0508));
#4548=CARTESIAN_POINT('',(-0.11446,0.05096,0.0073));
#4549=CARTESIAN_POINT('',(-0.11446,0.05096,0.02));
#4550=CARTESIAN_POINT('',(-0.12446,0.05096,-0.0254002094847587));
#4551=CARTESIAN_POINT('',(-0.12446,0.0522805476109912,-0.0254002094847587));
#4552=CARTESIAN_POINT('',(-0.123938839600278,0.0548817220445496,-0.0254003020955907));
#4553=CARTESIAN_POINT('',(-0.121716922636283,0.0582139418114435,-0.0254014136525255));
#4554=CARTESIAN_POINT('',(-0.118394917196855,0.0604338717759498,-0.0254070352639273));
#4555=CARTESIAN_POINT('',(-0.115780513166367,0.06096,-0.0254191115568395));
#4556=CARTESIAN_POINT('',(-0.11446,0.06096,-0.0254287080566127));
#4557=CARTESIAN_POINT('',(-0.127,0.,-0.0508));
#4558=CARTESIAN_POINT('',(-0.127,0.0535,-0.0508));
#4559=CARTESIAN_POINT('',(-0.127,0.0535,-0.0254));
#4560=CARTESIAN_POINT('',(-0.127,0.0535,0.02));
#4561=CARTESIAN_POINT('',(-0.127,0.063502,-0.0254));
#4562=CARTESIAN_POINT('',(-0.127,-0.0396228968081885,-0.0254));
#4563=CARTESIAN_POINT('',(-0.127,-0.0396228968081885,-0.0508));
#4564=CARTESIAN_POINT('',(-0.127,-0.0396228968081885,0.02));
#4565=CARTESIAN_POINT('',(-0.127,0.,0.02));
#4566=CARTESIAN_POINT('',(-0.117,0.0535,-0.0508));
#4567=CARTESIAN_POINT('',(-0.127,0.0535,-0.0254));
#4568=CARTESIAN_POINT('',(-0.127,0.0548205441149818,-0.0254));
#4569=CARTESIAN_POINT('',(-0.126478842436852,0.0574217116297655,-0.0254000026243923));
#4570=CARTESIAN_POINT('',(-0.124256936590421,0.060753925849877,-0.0254000239252997));
#4571=CARTESIAN_POINT('',(-0.120934944420482,0.0629738600991531,-0.0254018330067245));
#4572=CARTESIAN_POINT('',(-0.11832053158081,0.0635,-0.0254082419426876));
#4573=CARTESIAN_POINT('',(-0.117,0.0635,-0.0254140618458419));
#4574=CARTESIAN_POINT('',(-0.117,0.0535,0.02));
#4575=CARTESIAN_POINT('',(0.127,0.,-0.0508));
#4576=CARTESIAN_POINT('',(0.127,0.063502,-0.0254));
#4577=CARTESIAN_POINT('',(0.127,0.0535,-0.0254));
#4578=CARTESIAN_POINT('',(0.127,-0.0396228968081885,-0.0254));
#4579=CARTESIAN_POINT('',(0.127,0.0535,-0.0508));
#4580=CARTESIAN_POINT('',(0.127,0.0535,0.02));
#4581=CARTESIAN_POINT('',(0.127,0.,0.02));
#4582=CARTESIAN_POINT('',(0.127,-0.0396228968081885,0.02));
#4583=CARTESIAN_POINT('',(0.127,-0.0396228968081885,-0.0508));
#4584=CARTESIAN_POINT('',(0.,-0.0496228968081885,-0.0508));
#4585=CARTESIAN_POINT('',(0.,-0.0496228968081885,-0.0508));
#4586=CARTESIAN_POINT('',(-0.0545850462359904,-0.0496228968081885,-0.0508));
#4587=CARTESIAN_POINT('',(0.0545850462359904,-0.0496228968081885,-0.0508));
#4588=CARTESIAN_POINT('',(0.0545850462359904,-0.0496228968081885,-0.0408));
#4589=CARTESIAN_POINT('',(0.0643104507529032,-0.0496228968081885,-0.0431273390346945));
#4590=CARTESIAN_POINT('',(0.127,-0.0496228968081885,-0.0254));
#4591=CARTESIAN_POINT('',(0.0846666666666667,-0.0496228968081885,-0.0254));
#4592=CARTESIAN_POINT('',(0.0635,-0.0496228968081885,-0.0254));
#4593=CARTESIAN_POINT('',(0.0635,-0.0496228968081885,-0.0508));
#4594=CARTESIAN_POINT('',(0.116999999991799,-0.0496228968081885,-0.0254140618458781));
#4595=CARTESIAN_POINT('',(0.117,-0.0496228968081885,-0.0508));
#4596=CARTESIAN_POINT('',(0.117,-0.0496228968081885,0.02));
#4597=CARTESIAN_POINT('',(0.,-0.0496228968081885,0.02));
#4598=CARTESIAN_POINT('',(-0.117,-0.0496228968081885,0.02));
#4599=CARTESIAN_POINT('',(-0.117,-0.0496228968081885,-0.0508));
#4600=CARTESIAN_POINT('',(-0.117,-0.0496228968081885,-0.0254140618458781));
#4601=CARTESIAN_POINT('',(-0.127,-0.0496228968081885,-0.0254));
#4602=CARTESIAN_POINT('',(-0.0846666666666667,-0.0496228968081885,-0.0254));
#4603=CARTESIAN_POINT('',(-0.0635,-0.0496228968081885,-0.0254));
#4604=CARTESIAN_POINT('',(-0.0635,-0.0496228968081885,-0.0508));
#4605=CARTESIAN_POINT('',(-0.0643104507529032,-0.0496228968081885,-0.0431273390346945));
#4606=CARTESIAN_POINT('',(-0.0545850462359904,-0.0496228968081885,-0.0408));
#4607=CARTESIAN_POINT('',(-0.11446,-0.0370828968081885,-0.0508));
#4608=CARTESIAN_POINT('',(-0.11446,-0.0370828968081885,0.0073));
#4609=CARTESIAN_POINT('',(-0.11446,-0.0470828968081885,-0.0254287080566127));
#4610=CARTESIAN_POINT('',(-0.115780512908067,-0.0470828968081885,-0.0254191115587166));
#4611=CARTESIAN_POINT('',(-0.118381667420411,-0.0465617581112965,-0.02540708232707));
#4612=CARTESIAN_POINT('',(-0.121713899280978,-0.0443398618519355,-0.0254014102448059));
#4613=CARTESIAN_POINT('',(-0.123933849942473,-0.0410178690756043,-0.0254003055745741));
#4614=CARTESIAN_POINT('',(-0.12446,-0.0384034441701617,-0.0254002094847588));
#4615=CARTESIAN_POINT('',(-0.12446,-0.0370828968081885,-0.0254002094847588));
#4616=CARTESIAN_POINT('',(-0.11446,-0.0370828968081885,0.02));
#4617=CARTESIAN_POINT('',(-0.117,-0.0396228968081885,-0.0508));
#4618=CARTESIAN_POINT('',(-0.117,-0.0496228968081885,-0.0254140618458419));
#4619=CARTESIAN_POINT('',(-0.118320531501377,-0.0496228968081885,-0.0254082419430377));
#4620=CARTESIAN_POINT('',(-0.120921694471881,-0.0491017464910864,-0.0254018561322309));
#4621=CARTESIAN_POINT('',(-0.124253913206288,-0.0468798459856651,-0.0254000203965025));
#4622=CARTESIAN_POINT('',(-0.126473852788921,-0.0435578586232395,-0.0254000037608917));
#4623=CARTESIAN_POINT('',(-0.127,-0.0409434407858076,-0.0254));
#4624=CARTESIAN_POINT('',(-0.127,-0.0396228968081885,-0.0254));
#4625=CARTESIAN_POINT('',(-0.117,-0.0396228968081885,0.02));
#4626=CARTESIAN_POINT('',(0.,0.00693855159590575,-0.0508));
#4627=CARTESIAN_POINT('',(0.0545850462359904,0.06096,-0.0508));
#4628=CARTESIAN_POINT('',(-0.0545850462359904,0.00693855159590575,-0.0508));
#4629=CARTESIAN_POINT('',(0.,0.00693855159590575,-0.0508));
#4630=CARTESIAN_POINT('',(0.0545850462359904,-0.0496228968081885,-0.0508));
#4631=CARTESIAN_POINT('',(-0.0545850462359904,0.00693855159590575,-0.0508));
#4632=CARTESIAN_POINT('',(0.11446,-0.0370828968081885,-0.0508));
#4633=CARTESIAN_POINT('',(0.11446,-0.0370828968081885,0.0073));
#4634=CARTESIAN_POINT('',(0.11446,-0.0370828968081885,0.02));
#4635=CARTESIAN_POINT('',(0.11446,-0.0470828968081885,-0.0254287080566127));
#4636=CARTESIAN_POINT('',(0.115780512908067,-0.0470828968081885,-0.0254191115587166));
#4637=CARTESIAN_POINT('',(0.118381667420411,-0.0465617581112966,-0.02540708232707));
#4638=CARTESIAN_POINT('',(0.121713899280978,-0.0443398618519355,-0.0254014102448059));
#4639=CARTESIAN_POINT('',(0.123933849942473,-0.0410178690756043,-0.0254003055745741));
#4640=CARTESIAN_POINT('',(0.12446,-0.0384034441701618,-0.0254002094847588));
#4641=CARTESIAN_POINT('',(0.12446,-0.0370828968081885,-0.0254002094847588));
#4642=CARTESIAN_POINT('',(0.117,0.0535,-0.0508));
#4643=CARTESIAN_POINT('',(0.127,0.0535,-0.0254));
#4644=CARTESIAN_POINT('',(0.127,0.0548205441149818,-0.0254));
#4645=CARTESIAN_POINT('',(0.126478842436852,0.0574217116297655,-0.0254000026243923));
#4646=CARTESIAN_POINT('',(0.124256936590421,0.060753925849877,-0.0254000239252997));
#4647=CARTESIAN_POINT('',(0.120934944420482,0.0629738600991531,-0.0254018330067245));
#4648=CARTESIAN_POINT('',(0.11832053158081,0.0635,-0.0254082419426876));
#4649=CARTESIAN_POINT('',(0.117,0.0635,-0.0254140618458419));
#4650=CARTESIAN_POINT('',(0.117,0.0535,0.02));
#4651=CARTESIAN_POINT('',(0.117,-0.0396228968081885,-0.0508));
#4652=CARTESIAN_POINT('',(0.117,-0.0496228968081885,-0.0254140618458419));
#4653=CARTESIAN_POINT('',(0.118320531501377,-0.0496228968081885,-0.0254082419430377));
#4654=CARTESIAN_POINT('',(0.120921694471881,-0.0491017464910864,-0.0254018561322309));
#4655=CARTESIAN_POINT('',(0.124253913206288,-0.0468798459856651,-0.0254000203965025));
#4656=CARTESIAN_POINT('',(0.126473852788921,-0.0435578586232396,-0.0254000037608917));
#4657=CARTESIAN_POINT('',(0.127,-0.0409434407858076,-0.0254));
#4658=CARTESIAN_POINT('',(0.127,-0.0396228968081885,-0.0254));
#4659=CARTESIAN_POINT('',(0.117,-0.0396228968081885,0.02));
#4660=CARTESIAN_POINT('',(0.11446,0.05096,-0.0508));
#4661=CARTESIAN_POINT('',(0.11446,0.05096,0.0073));
#4662=CARTESIAN_POINT('',(0.12446,0.05096,-0.0254002094847587));
#4663=CARTESIAN_POINT('',(0.12446,0.0522805476109912,-0.0254002094847587));
#4664=CARTESIAN_POINT('',(0.123938839600278,0.0548817220445495,-0.0254003020955907));
#4665=CARTESIAN_POINT('',(0.121716922636283,0.0582139418114436,-0.0254014136525254));
#4666=CARTESIAN_POINT('',(0.118394917196855,0.0604338717759497,-0.0254070352639273));
#4667=CARTESIAN_POINT('',(0.115780513166367,0.06096,-0.0254191115568395));
#4668=CARTESIAN_POINT('',(0.11446,0.06096,-0.0254287080566127));
#4669=CARTESIAN_POINT('',(0.11446,0.05096,0.02));
#4670=CARTESIAN_POINT('',(-0.127,0.0635,-0.0254));
#4671=CARTESIAN_POINT('',(-0.127,-0.0496228968081885,-0.0254));
#4672=CARTESIAN_POINT('',(-0.0894492100536608,0.0635,-0.0254));
#4673=CARTESIAN_POINT('',(-0.0894492100536608,-0.0496228968081885,-0.0254));
#4674=CARTESIAN_POINT('',(-0.0685526936379642,0.0635,-0.0253999999999926));
#4675=CARTESIAN_POINT('',(-0.0685526936379642,-0.0496228968081885,-0.0253999999999926));
#4676=CARTESIAN_POINT('',(-0.0643104507528996,0.0635,-0.0431273390347095));
#4677=CARTESIAN_POINT('',(-0.0643104507528996,-0.0496228968081885,-0.0431273390347095));
#4678=CARTESIAN_POINT('',(-0.0643104507529067,-0.0470828968081885,-0.0431273390346795));
#4679=CARTESIAN_POINT('',(-0.0643104507529067,0.0635,-0.0431273390346795));
#4680=CARTESIAN_POINT('',(0.127,0.0635,-0.0254));
#4681=CARTESIAN_POINT('',(0.127,-0.0496228968081885,-0.0254));
#4682=CARTESIAN_POINT('',(0.0894492100536608,0.0635,-0.0254));
#4683=CARTESIAN_POINT('',(0.0894492100536608,-0.0496228968081885,-0.0254));
#4684=CARTESIAN_POINT('',(0.0685526936379642,0.0635,-0.0253999999999926));
#4685=CARTESIAN_POINT('',(0.0685526936379642,-0.0496228968081885,-0.0253999999999926));
#4686=CARTESIAN_POINT('',(0.0643104507528996,0.0635,-0.0431273390347095));
#4687=CARTESIAN_POINT('',(0.0643104507528996,-0.0496228968081885,-0.0431273390347095));
#4688=CARTESIAN_POINT('',(0.0643104507529067,0.06096,-0.0431273390346795));
#4689=CARTESIAN_POINT('',(0.0643104507529067,-0.0496228968081885,-0.0431273390346795));
#4690=CARTESIAN_POINT('',(0.0545850462359904,0.06223,-0.0408));
#4691=CARTESIAN_POINT('',(0.0545850462359904,-0.0483528968081885,-0.0408));
#4692=CARTESIAN_POINT('',(-0.0545850462359904,-0.0483528968081885,-0.0408));
#4693=CARTESIAN_POINT('',(-0.0545850462359904,0.06223,-0.0408));
#4694=CARTESIAN_POINT('',(-0.11192,0.05996,-0.0508));
#4695=CARTESIAN_POINT('',(-0.11192,0.0455157699071181,-0.0363566431278535));
#4696=CARTESIAN_POINT('',(-0.11192,0.05996,-0.0219115397614429));
#4697=CARTESIAN_POINT('',(-0.11192,0.06046,-0.0229116002197381));
#4698=CARTESIAN_POINT('',(-0.11192,0.05996,-0.0229116002197381));
#4699=CARTESIAN_POINT('',(-0.11192,0.05996,-0.0508));
#4700=CARTESIAN_POINT('',(-0.0545850462359904,0.05996,-0.0408));
#4701=CARTESIAN_POINT('',(-0.0545850462359904,0.05996,-0.04826));
#4702=CARTESIAN_POINT('',(-0.0545850462359904,0.05996,-0.04826));
#4703=CARTESIAN_POINT('',(-0.0545850462359904,0.05996,-0.0408));
#4704=CARTESIAN_POINT('',(-0.0618401980056073,0.05996,-0.0425361949198821));
#4705=CARTESIAN_POINT('',(-0.0618401980056064,0.05996,-0.0425361949198859));
#4706=CARTESIAN_POINT('',(-0.11192,0.05996,-0.0229116002197381));
#4707=CARTESIAN_POINT('',(-0.11192,0.06096,-0.0229116002197381));
#4708=CARTESIAN_POINT('',(-0.104859702076309,0.05996,-0.0229892378977753));
#4709=CARTESIAN_POINT('',(-0.104859702076309,0.06096,-0.0229892378977753));
#4710=CARTESIAN_POINT('',(-0.092218751344664,0.05996,-0.0233787100907659));
#4711=CARTESIAN_POINT('',(-0.092218751344664,0.06096,-0.0233787100907659));
#4712=CARTESIAN_POINT('',(-0.0799721410887949,0.05996,-0.0253531322810359));
#4713=CARTESIAN_POINT('',(-0.0799721410887949,0.06096,-0.0253531322810359));
#4714=CARTESIAN_POINT('',(-0.0721770880558007,0.05996,-0.0285328059817005));
#4715=CARTESIAN_POINT('',(-0.0721770880558007,0.06096,-0.0285328059817005));
#4716=CARTESIAN_POINT('',(-0.0673677585108931,0.05996,-0.0319655560555418));
#4717=CARTESIAN_POINT('',(-0.0673677585108931,0.06096,-0.0319655560555418));
#4718=CARTESIAN_POINT('',(-0.0637917168729694,0.05996,-0.0366007827644443));
#4719=CARTESIAN_POINT('',(-0.0637917168729694,0.06096,-0.0366007827644443));
#4720=CARTESIAN_POINT('',(-0.0623419290060854,0.05996,-0.0404395786273581));
#4721=CARTESIAN_POINT('',(-0.0623419290060854,0.06096,-0.0404395786273581));
#4722=CARTESIAN_POINT('',(-0.0618401980056073,0.05996,-0.0425361949198821));
#4723=CARTESIAN_POINT('',(-0.0618401980056073,0.06096,-0.0425361949198821));
#4724=CARTESIAN_POINT('',(-0.11192,0.05996,-0.0229116002197381));
#4725=CARTESIAN_POINT('',(-0.104859702076309,0.05996,-0.0229892378977753));
#4726=CARTESIAN_POINT('',(-0.092218751344664,0.05996,-0.0233787100907659));
#4727=CARTESIAN_POINT('',(-0.0799721410887948,0.05996,-0.0253531322810359));
#4728=CARTESIAN_POINT('',(-0.0721770880558007,0.05996,-0.0285328059817005));
#4729=CARTESIAN_POINT('',(-0.0673677585108931,0.05996,-0.0319655560555418));
#4730=CARTESIAN_POINT('',(-0.0637917168729694,0.05996,-0.0366007827644443));
#4731=CARTESIAN_POINT('',(-0.0623419290060854,0.05996,-0.0404395786273581));
#4732=CARTESIAN_POINT('',(-0.0618401980056073,0.05996,-0.0425361949198821));
#4733=CARTESIAN_POINT('',(0.11192,0.05996,-0.0508));
#4734=CARTESIAN_POINT('',(0.11192,0.06096,-0.0209114487865321));
#4735=CARTESIAN_POINT('',(0.11192,0.0606266666570487,-0.0212448028962473));
#4736=CARTESIAN_POINT('',(0.11192,0.0602933333236444,-0.0215781570155091));
#4737=CARTESIAN_POINT('',(0.11192,0.05996,-0.0219115111445301));
#4738=CARTESIAN_POINT('',(0.11192,0.05996,-0.02191151114453));
#4739=CARTESIAN_POINT('',(0.11192,0.05996,-0.0508));
#4740=CARTESIAN_POINT('',(0.11192,0.05996,-0.0229116002197381));
#4741=CARTESIAN_POINT('',(0.11192,0.06046,-0.0229116002197381));
#4742=CARTESIAN_POINT('',(0.11192,0.05996,-0.0229116002197381));
#4743=CARTESIAN_POINT('',(0.11192,0.06096,-0.0229116002197381));
#4744=CARTESIAN_POINT('',(0.104859702076309,0.05996,-0.0229892378977753));
#4745=CARTESIAN_POINT('',(0.104859702076309,0.06096,-0.0229892378977753));
#4746=CARTESIAN_POINT('',(0.092218751344664,0.05996,-0.0233787100907659));
#4747=CARTESIAN_POINT('',(0.092218751344664,0.06096,-0.0233787100907659));
#4748=CARTESIAN_POINT('',(0.0799721410887949,0.05996,-0.0253531322810359));
#4749=CARTESIAN_POINT('',(0.0799721410887949,0.06096,-0.0253531322810359));
#4750=CARTESIAN_POINT('',(0.0721770880558007,0.05996,-0.0285328059817005));
#4751=CARTESIAN_POINT('',(0.0721770880558007,0.06096,-0.0285328059817005));
#4752=CARTESIAN_POINT('',(0.0673677585108931,0.05996,-0.0319655560555418));
#4753=CARTESIAN_POINT('',(0.0673677585108931,0.06096,-0.0319655560555418));
#4754=CARTESIAN_POINT('',(0.0637917168729694,0.05996,-0.0366007827644443));
#4755=CARTESIAN_POINT('',(0.0637917168729694,0.06096,-0.0366007827644443));
#4756=CARTESIAN_POINT('',(0.0623419290060854,0.05996,-0.0404395786273581));
#4757=CARTESIAN_POINT('',(0.0623419290060854,0.06096,-0.0404395786273581));
#4758=CARTESIAN_POINT('',(0.0618401980056073,0.05996,-0.0425361949198821));
#4759=CARTESIAN_POINT('',(0.0618401980056073,0.06096,-0.0425361949198821));
#4760=CARTESIAN_POINT('',(0.11192,0.05996,-0.0229116002197381));
#4761=CARTESIAN_POINT('',(0.104859702076309,0.05996,-0.0229892378977753));
#4762=CARTESIAN_POINT('',(0.092218751344664,0.05996,-0.0233787100907659));
#4763=CARTESIAN_POINT('',(0.0799721410887948,0.05996,-0.0253531322810359));
#4764=CARTESIAN_POINT('',(0.0721770880558007,0.05996,-0.0285328059817005));
#4765=CARTESIAN_POINT('',(0.0673677585108931,0.05996,-0.0319655560555418));
#4766=CARTESIAN_POINT('',(0.0637917168729694,0.05996,-0.0366007827644443));
#4767=CARTESIAN_POINT('',(0.0623419290060854,0.05996,-0.0404395786273581));
#4768=CARTESIAN_POINT('',(0.0618401980056073,0.05996,-0.0425361949198821));
#4769=CARTESIAN_POINT('',(0.0618401980056073,0.05996,-0.0425361949198821));
#4770=CARTESIAN_POINT('',(0.0618401980056073,0.05996,-0.0425361949198821));
#4771=CARTESIAN_POINT('',(0.0545850462359904,0.05996,-0.0408));
#4772=CARTESIAN_POINT('',(0.0545850462359904,0.05996,-0.0408));
#4773=CARTESIAN_POINT('',(0.0545850462359904,0.05996,-0.04826));
#4774=CARTESIAN_POINT('',(0.0545850462359904,0.05996,-0.04826));
#4775=CARTESIAN_POINT('',(-1.3756542064255E-17,0.05996,-0.04826));
#4776=CARTESIAN_POINT('',(-1.3756542064255E-17,0.05996,-0.04826));
#4777=CARTESIAN_POINT('',(-1.3756542064255E-17,0.05996,-0.0508));
#4778=CARTESIAN_POINT('',(0.0608676575539156,0.05996,-0.0423034610164146));
#4779=CARTESIAN_POINT('',(0.0614505043741193,0.05996,-0.0398678807195563));
#4780=CARTESIAN_POINT('',(0.0628171502089196,0.05996,-0.0363569465796995));
#4781=CARTESIAN_POINT('',(0.0658395396653869,0.05996,-0.0323502924648482));
#4782=CARTESIAN_POINT('',(0.0685803846477014,0.05996,-0.0298441543119445));
#4783=CARTESIAN_POINT('',(0.0717399313116268,0.05996,-0.0278019842893981));
#4784=CARTESIAN_POINT('',(0.0751056252051417,0.05996,-0.0262438088273576));
#4785=CARTESIAN_POINT('',(0.0786136588956295,0.05996,-0.0250543678958724));
#4786=CARTESIAN_POINT('',(0.0834513388987359,0.05996,-0.0238542340999327));
#4787=CARTESIAN_POINT('',(0.0895803458880076,0.05996,-0.022924650666223));
#4788=CARTESIAN_POINT('',(0.0994988944245358,0.05996,-0.0221230521752124));
#4789=CARTESIAN_POINT('',(0.106950588519241,0.05996,-0.021967001347483));
#4790=CARTESIAN_POINT('',(0.11192,0.05996,-0.0219115111445301));
#4791=CARTESIAN_POINT('',(0.0608676575539156,0.05996,-0.0423034610164146));
#4792=CARTESIAN_POINT('',(0.0545850462359904,0.05996,-0.0408));
#4793=CARTESIAN_POINT('',(0.0545850462359904,0.05996,-0.04726));
#4794=CARTESIAN_POINT('',(3.63737230678345E-19,0.05996,-0.04726));
#4795=CARTESIAN_POINT('',(-0.0545850462359904,0.05996,-0.04726));
#4796=CARTESIAN_POINT('',(-0.0545850462359904,0.05996,-0.0408));
#4797=CARTESIAN_POINT('',(-0.0608676575545672,0.05996,-0.0423034610136915));
#4798=CARTESIAN_POINT('',(-0.0608676575545672,0.05996,-0.0423034610136916));
#4799=CARTESIAN_POINT('',(-0.0614503126251749,0.05996,-0.0398686819951615));
#4800=CARTESIAN_POINT('',(-0.0628152992355162,0.05996,-0.0363575372908654));
#4801=CARTESIAN_POINT('',(-0.0658450359565313,0.05996,-0.0323449771101474));
#4802=CARTESIAN_POINT('',(-0.0685753987776162,0.05996,-0.0298481575591088));
#4803=CARTESIAN_POINT('',(-0.0717396697054565,0.05996,-0.0278024130759451));
#4804=CARTESIAN_POINT('',(-0.0762089064735369,0.0599599999999999,-0.0257314696788688));
#4805=CARTESIAN_POINT('',(-0.0822174441849146,0.05996,-0.0240415040392957));
#4806=CARTESIAN_POINT('',(-0.089576276105923,0.05996,-0.0229251201497604));
#4807=CARTESIAN_POINT('',(-0.0994881529263309,0.05996,-0.0221238272964684));
#4808=CARTESIAN_POINT('',(-0.106940464112863,0.05996,-0.0219662966014635));
#4809=CARTESIAN_POINT('',(-0.111909004290567,0.05996,-0.0219116606743785));
#4810=CARTESIAN_POINT('',(-0.111909004290567,0.05996,-0.0219116606743785));
#4811=CARTESIAN_POINT('',(0.000304098153732062,0.05996,-0.023145597940664));
#4812=CARTESIAN_POINT('',(0.000315093863165052,0.06096,-0.0221456583953044));
#4813=CARTESIAN_POINT('',(-0.111898008581134,0.06096,-0.0209117211290188));
#4814=CARTESIAN_POINT('',(-0.111901673817612,0.0606266666666641,-0.021245034310808));
#4815=CARTESIAN_POINT('',(-0.11190533905409,0.0602933333333281,-0.0215783474925972));
#4816=CARTESIAN_POINT('',(-0.111909004290567,0.0599599999999921,-0.0219116606743864));
#4817=CARTESIAN_POINT('',(-0.0598951171022238,0.06096,-0.042070727112947));
#4818=CARTESIAN_POINT('',(-0.060168718243551,0.0609600000000327,-0.0409274120497552));
#4819=CARTESIAN_POINT('',(-0.060503836315836,0.06096,-0.0398348881309712));
#4820=CARTESIAN_POINT('',(-0.0610987888207912,0.06096,-0.0382722889693866));
#4821=CARTESIAN_POINT('',(-0.0613124855551894,0.06096,-0.0377641203682994));
#4822=CARTESIAN_POINT('',(-0.0616560995059203,0.06096,-0.0370209141458122));
#4823=CARTESIAN_POINT('',(-0.0617744822976812,0.060960000000001,-0.0367763531848416));
#4824=CARTESIAN_POINT('',(-0.061957823697607,0.06096,-0.0364142734131769));
#4825=CARTESIAN_POINT('',(-0.0620198986996282,0.06096,-0.0362943737675854));
#4826=CARTESIAN_POINT('',(-0.062145971107767,0.06096,-0.0360561616996657));
#4827=CARTESIAN_POINT('',(-0.0622096485870096,0.06096,-0.0359384280091456));
#4828=CARTESIAN_POINT('',(-0.0623402056570795,0.06096,-0.0357022329241355));
#4829=CARTESIAN_POINT('',(-0.0624071180703463,0.06096,-0.0355837596693071));
#4830=CARTESIAN_POINT('',(-0.0625422915786113,0.06096,-0.0353495339500588));
#4831=CARTESIAN_POINT('',(-0.0626108725193973,0.06096,-0.035233202783128));
#4832=CARTESIAN_POINT('',(-0.0628195979017232,0.06096,-0.0348865543604234));
#4833=CARTESIAN_POINT('',(-0.062962724903222,0.06096,-0.0346585821827291));
#4834=CARTESIAN_POINT('',(-0.0634040361475735,0.06096,-0.0339840459619926));
#4835=CARTESIAN_POINT('',(-0.0637141506302779,0.06096,-0.0335468622312779));
#4836=CARTESIAN_POINT('',(-0.0643661935686312,0.06096,-0.0326975089360783));
#4837=CARTESIAN_POINT('',(-0.0647081220242749,0.0609600000000019,-0.0322853393715941));
#4838=CARTESIAN_POINT('',(-0.0652448751874484,0.0609599999999991,-0.0316858456495393));
#4839=CARTESIAN_POINT('',(-0.0654277696551216,0.06096,-0.0314891411796314));
#4840=CARTESIAN_POINT('',(-0.0657080764765638,0.06096,-0.0311987746309404));
#4841=CARTESIAN_POINT('',(-0.0658025062703633,0.06096,-0.0311027674740708));
#4842=CARTESIAN_POINT('',(-0.0659456422410465,0.06096,-0.0309599292778082));
#4843=CARTESIAN_POINT('',(-0.065993602777938,0.06096,-0.0309125119688945));
#4844=CARTESIAN_POINT('',(-0.0660659164032695,0.06096,-0.0308416791402845));
#4845=CARTESIAN_POINT('',(-0.066090083081713,0.06096,-0.0308181170532078));
#4846=CARTESIAN_POINT('',(-0.0661385407119313,0.06096,-0.0307710905906413));
#4847=CARTESIAN_POINT('',(-0.0661633384815172,0.06096,-0.0307471389522743));
#4848=CARTESIAN_POINT('',(-0.0662110310227777,0.06096,-0.030701282438636));
#4849=CARTESIAN_POINT('',(-0.066233922591239,0.06096,-0.0306793724672134));
#4850=CARTESIAN_POINT('',(-0.0662808370286603,0.06096,-0.0306346651964886));
#4851=CARTESIAN_POINT('',(-0.0663043531134823,0.06096,-0.0306123552136317));
#4852=CARTESIAN_POINT('',(-0.0663750779662777,0.06096,-0.0305455562225781));
#4853=CARTESIAN_POINT('',(-0.0664224633325825,0.06096,-0.030501198171898));
#4854=CARTESIAN_POINT('',(-0.0665653258248247,0.06096,-0.030368647849925));
#4855=CARTESIAN_POINT('',(-0.0666615093440825,0.06096,-0.0302809794086994));
#4856=CARTESIAN_POINT('',(-0.0669528854751612,0.06096,-0.0300200694052924));
#4857=CARTESIAN_POINT('',(-0.0671509036602754,0.06096,-0.0298489231633795));
#4858=CARTESIAN_POINT('',(-0.0677562605088148,0.06096,-0.0293438657187176));
#4859=CARTESIAN_POINT('',(-0.0681749014654332,0.06096,-0.0290183357970451));
#4860=CARTESIAN_POINT('',(-0.0690423228271739,0.06096,-0.0283896260365721));
#4861=CARTESIAN_POINT('',(-0.0694911032323068,0.06096,-0.0280864461977693));
#4862=CARTESIAN_POINT('',(-0.0701868784263855,0.06096,-0.0276484390017219));
#4863=CARTESIAN_POINT('',(-0.0704225709221436,0.06096,-0.0275052303633977));
#4864=CARTESIAN_POINT('',(-0.0707817608123754,0.06096,-0.0272946080464493));
#4865=CARTESIAN_POINT('',(-0.0709024326335538,0.06096,-0.0272250990475565));
#4866=CARTESIAN_POINT('',(-0.0710848531519661,0.06096,-0.0271218832093517));
#4867=CARTESIAN_POINT('',(-0.0711458954558798,0.06096,-0.0270876525399726));
#4868=CARTESIAN_POINT('',(-0.0712378121084113,0.06096,-0.0270365684509374));
#4869=CARTESIAN_POINT('',(-0.0712685098586986,0.06096,-0.0270195840737646));
#4870=CARTESIAN_POINT('',(-0.0713146447832962,0.06096,-0.026994172986764));
#4871=CARTESIAN_POINT('',(-0.0713300378080227,0.06096,-0.0269857135375568));
#4872=CARTESIAN_POINT('',(-0.0713608532905309,0.06096,-0.0269688164653952));
#4873=CARTESIAN_POINT('',(-0.0713768349020842,0.06096,-0.0269600736425029));
#4874=CARTESIAN_POINT('',(-0.0714065909431601,0.06096,-0.0269438306227229));
#4875=CARTESIAN_POINT('',(-0.0714203649885281,0.06096,-0.0269363281911774));
#4876=CARTESIAN_POINT('',(-0.0714490600024478,0.06096,-0.0269207299995072));
#4877=CARTESIAN_POINT('',(-0.0714634218254123,0.06096,-0.0269129394869272));
#4878=CARTESIAN_POINT('',(-0.0715065502423197,0.06096,-0.0268895936989527));
#4879=CARTESIAN_POINT('',(-0.0715353597842761,0.06096,-0.0268740641733234));
#4880=CARTESIAN_POINT('',(-0.0716219602022014,0.06096,-0.0268275785954969));
#4881=CARTESIAN_POINT('',(-0.0716799228702246,0.06096,-0.026796725542361));
#4882=CARTESIAN_POINT('',(-0.0718544980425176,0.06096,-0.0267045783791993));
#4883=CARTESIAN_POINT('',(-0.0719717977150057,0.06096,-0.0266436962654184));
#4884=CARTESIAN_POINT('',(-0.0723264454053596,0.06096,-0.0264626979090571));
#4885=CARTESIAN_POINT('',(-0.0725665420961035,0.060960000000001,-0.0263442296514587));
#4886=CARTESIAN_POINT('',(-0.073297826859883,0.0609599999999982,-0.0259954168185918));
#4887=CARTESIAN_POINT('',(-0.0738000096244442,0.06096,-0.0257716641832467));
#4888=CARTESIAN_POINT('',(-0.0748336943310032,0.06096,-0.0253417374190326));
#4889=CARTESIAN_POINT('',(-0.075365196272991,0.06096,-0.0251355632901591));
#4890=CARTESIAN_POINT('',(-0.0761844385690594,0.06096,-0.0248394859767046));
#4891=CARTESIAN_POINT('',(-0.0764611842315835,0.06096,-0.024742990852195));
#4892=CARTESIAN_POINT('',(-0.0768818000711586,0.06096,-0.0246015441353938));
#4893=CARTESIAN_POINT('',(-0.077022921575306,0.06096,-0.0245549445581208));
#4894=CARTESIAN_POINT('',(-0.0772359781679729,0.06096,-0.024485869184702));
#4895=CARTESIAN_POINT('',(-0.0773072260882683,0.06096,-0.0244629813923108));
#4896=CARTESIAN_POINT('',(-0.0774144415528239,0.06096,-0.0244288557018469));
#4897=CARTESIAN_POINT('',(-0.0774502373050271,0.06096,-0.0244175148047126));
#4898=CARTESIAN_POINT('',(-0.0775040168293592,0.06096,-0.024400554958542));
#4899=CARTESIAN_POINT('',(-0.0775219576534748,0.06096,-0.0243949102597402));
#4900=CARTESIAN_POINT('',(-0.0775578679337149,0.06096,-0.024383638028647));
#4901=CARTESIAN_POINT('',(-0.0775765382608036,0.06096,-0.0243777915307059));
#4902=CARTESIAN_POINT('',(-0.077611104063134,0.06096,-0.024366991563932));
#4903=CARTESIAN_POINT('',(-0.0776270002781578,0.06096,-0.0243620360253064));
#4904=CARTESIAN_POINT('',(-0.07766022465027,0.06096,-0.0243516997958891));
#4905=CARTESIAN_POINT('',(-0.0776768519216337,0.06096,-0.0243465381120455));
#4906=CARTESIAN_POINT('',(-0.0777267789916476,0.06096,-0.0243310723531099));
#4907=CARTESIAN_POINT('',(-0.0777601240462212,0.06096,-0.0243207875706132));
#4908=CARTESIAN_POINT('',(-0.0778603402336332,0.06096,-0.0242900103935041));
#4909=CARTESIAN_POINT('',(-0.0779273923901643,0.06096,-0.0242695951692724));
#4910=CARTESIAN_POINT('',(-0.0781292729545221,0.06096,-0.0242086581781015));
#4911=CARTESIAN_POINT('',(-0.07826482545712,0.06096,-0.0241684450926853));
#4912=CARTESIAN_POINT('',(-0.07867437934398,0.060960000000001,-0.0240490405625338));
#4913=CARTESIAN_POINT('',(-0.0789512771073174,0.06096,-0.0239710838438914));
#4914=CARTESIAN_POINT('',(-0.079793555913598,0.06096,-0.0237421525923426));
#4915=CARTESIAN_POINT('',(-0.080370522472835,0.06096,-0.0235961169638178));
#4916=CARTESIAN_POINT('',(-0.0815553503014024,0.06096,-0.0233172161184414));
#4917=CARTESIAN_POINT('',(-0.0821632115707193,0.0609599999999978,-0.0231843509015936));
#4918=CARTESIAN_POINT('',(-0.0830981745072784,0.0609600000000011,-0.0229949308850769));
#4919=CARTESIAN_POINT('',(-0.0834136906582222,0.06096,-0.0229334371810325));
#4920=CARTESIAN_POINT('',(-0.0838927576427813,0.06096,-0.0228436660771523));
#4921=CARTESIAN_POINT('',(-0.0840534120973262,0.06096,-0.0228141539512249));
#4922=CARTESIAN_POINT('',(-0.0842958419686752,0.06096,-0.0227705031253799));
#4923=CARTESIAN_POINT('',(-0.0843768932907147,0.06096,-0.0227560557439399));
#4924=CARTESIAN_POINT('',(-0.0844988323211584,0.06096,-0.0227345390125409));
#4925=CARTESIAN_POINT('',(-0.0845395390058699,0.06096,-0.0227273924922018));
#4926=CARTESIAN_POINT('',(-0.0846006895447833,0.06096,-0.0227167112968834));
#4927=CARTESIAN_POINT('',(-0.0846210881430621,0.06096,-0.022713157329309));
#4928=CARTESIAN_POINT('',(-0.084661915510235,0.06096,-0.0227060622558903));
#4929=CARTESIAN_POINT('',(-0.0846831698804205,0.06096,-0.0227023784182652));
#4930=CARTESIAN_POINT('',(-0.0847224063862414,0.06096,-0.0226955945318687));
#4931=CARTESIAN_POINT('',(-0.084740390360472,0.06096,-0.0226924928444889));
#4932=CARTESIAN_POINT('',(-0.0847780435591153,0.06096,-0.0226860134126174));
#4933=CARTESIAN_POINT('',(-0.0847968871489379,0.06096,-0.0226827784295837));
#4934=CARTESIAN_POINT('',(-0.0848534688899102,0.06096,-0.0226730876791888));
#4935=CARTESIAN_POINT('',(-0.084891258012561,0.06096,-0.022666646110534));
#4936=CARTESIAN_POINT('',(-0.0850048292665264,0.06096,-0.0226473781993954));
#4937=CARTESIAN_POINT('',(-0.0850808152838517,0.06096,-0.0226346086517362));
#4938=CARTESIAN_POINT('',(-0.0853095888798766,0.06096,-0.0225965271880612));
#4939=CARTESIAN_POINT('',(-0.0854631920026195,0.06096,-0.0225714424513458));
#4940=CARTESIAN_POINT('',(-0.0859272635470333,0.06096,-0.0224970969584058));
#4941=CARTESIAN_POINT('',(-0.0862409941448908,0.0609599999999989,-0.0224487449193849));
#4942=CARTESIAN_POINT('',(-0.0871952346431908,0.0609600000000023,-0.0223073236711476));
#4943=CARTESIAN_POINT('',(-0.0878487932483748,0.06096,-0.0222178893307462));
#4944=CARTESIAN_POINT('',(-0.0891907070047142,0.06096,-0.0220487136334724));
#4945=CARTESIAN_POINT('',(-0.0898790621558589,0.06096,-0.0219689722765945));
#4946=CARTESIAN_POINT('',(-0.0909376922920589,0.06096,-0.0218566299789189));
#4947=CARTESIAN_POINT('',(-0.0912949185723703,0.06096,-0.0218203941693011));
#4948=CARTESIAN_POINT('',(-0.0918372823452045,0.06096,-0.0217678578892843));
#4949=CARTESIAN_POINT('',(-0.0920191576615466,0.06096,-0.0217506487016802));
#4950=CARTESIAN_POINT('',(-0.0922936017241457,0.06096,-0.0217252892788773));
#4951=CARTESIAN_POINT('',(-0.0923853549263616,0.06096,-0.0217169118643764));
#4952=CARTESIAN_POINT('',(-0.0925233925017101,0.06096,-0.0217044593322762));
#4953=CARTESIAN_POINT('',(-0.0925694729888294,0.06096,-0.0217003274198511));
#4954=CARTESIAN_POINT('',(-0.092638695662514,0.06096,-0.0216941579486263));
#4955=CARTESIAN_POINT('',(-0.0926617868775768,0.06096,-0.0216921061911201));
#4956=CARTESIAN_POINT('',(-0.0927080032887039,0.06096,-0.021688012141912));
#4957=CARTESIAN_POINT('',(-0.0927322142073421,0.06096,-0.0216858742662203));
#4958=CARTESIAN_POINT('',(-0.092776327135326,0.06096,-0.0216819903166001));
#4959=CARTESIAN_POINT('',(-0.0927962323528315,0.06096,-0.0216802428975692));
#4960=CARTESIAN_POINT('',(-0.0928382549450631,0.06096,-0.0216765635351583));
#4961=CARTESIAN_POINT('',(-0.0928592865447574,0.06096,-0.0216747271977629));
#4962=CARTESIAN_POINT('',(-0.092922442254573,0.06096,-0.0216692282170067));
#4963=CARTESIAN_POINT('',(-0.09296462727543,0.06096,-0.021665575605076));
#4964=CARTESIAN_POINT('',(-0.0930914259809373,0.06096,-0.0216546578950045));
#4965=CARTESIAN_POINT('',(-0.0931762833085254,0.06096,-0.0216474329225839));
#4966=CARTESIAN_POINT('',(-0.0934318298630372,0.06096,-0.0216259185082027));
#4967=CARTESIAN_POINT('',(-0.0936034936617124,0.06096,-0.021611789569124));
#4968=CARTESIAN_POINT('',(-0.0941223833447297,0.06096,-0.0215700447634146));
#4969=CARTESIAN_POINT('',(-0.0944735075160726,0.06096,-0.0215430709083075));
#4970=CARTESIAN_POINT('',(-0.0955424731780855,0.06096,-0.0214647173890887));
#4971=CARTESIAN_POINT('',(-0.0962759078167487,0.06096,-0.0214159057710789));
#4972=CARTESIAN_POINT('',(-0.0977843588220204,0.06096,-0.0213251306579964));
#4973=CARTESIAN_POINT('',(-0.0985593751886388,0.06096,-0.0212831671629251));
#4974=CARTESIAN_POINT('',(-0.0997530860345658,0.06096,-0.0212253580125167));
#4975=CARTESIAN_POINT('',(-0.100156187365857,0.06096,-0.021206944311082));
#4976=CARTESIAN_POINT('',(-0.100768635936803,0.06096,-0.0211806077819813));
#4977=CARTESIAN_POINT('',(-0.10097408488945,0.06096,-0.0211720429427891));
#4978=CARTESIAN_POINT('',(-0.101284207461916,0.06096,-0.0211595166897636));
#4979=CARTESIAN_POINT('',(-0.10138790650999,0.06096,-0.0211553947730492));
#4980=CARTESIAN_POINT('',(-0.101543942367972,0.06096,-0.0211492921494174));
#4981=CARTESIAN_POINT('',(-0.101596035534946,0.06096,-0.0211472713167806));
#4982=CARTESIAN_POINT('',(-0.101674297106875,0.06096,-0.0211442601306852));
#4983=CARTESIAN_POINT('',(-0.101700404601096,0.06096,-0.0211432597457968));
#4984=CARTESIAN_POINT('',(-0.101739596297795,0.06096,-0.0211417641841792));
#4985=CARTESIAN_POINT('',(-0.101752665272589,0.06096,-0.0211412664995925));
#4986=CARTESIAN_POINT('',(-0.101778813373966,0.06096,-0.0211402728023242));
#4987=CARTESIAN_POINT('',(-0.10179278115271,0.06096,-0.0211397431618303));
#4988=CARTESIAN_POINT('',(-0.101817172253344,0.06096,-0.0211388200639963));
#4989=CARTESIAN_POINT('',(-0.10182759754453,0.06096,-0.0211384263037643));
#4990=CARTESIAN_POINT('',(-0.101850239891488,0.06096,-0.0211375725369072));
#4991=CARTESIAN_POINT('',(-0.101861568233451,0.06096,-0.021137146167576));
#4992=CARTESIAN_POINT('',(-0.101895574764795,0.06096,-0.0211358686018741));
#4993=CARTESIAN_POINT('',(-0.10191827445963,0.06096,-0.0211350189477955));
#4994=CARTESIAN_POINT('',(-0.10198645956595,0.06096,-0.0211324761547272));
#4995=CARTESIAN_POINT('',(-0.102032030999253,0.06096,-0.0211307891849052));
#4996=CARTESIAN_POINT('',(-0.102169089386425,0.06096,-0.0211257529521097));
#4997=CARTESIAN_POINT('',(-0.102260920427562,0.06096,-0.0211224283658069));
#4998=CARTESIAN_POINT('',(-0.102537789900027,0.06096,-0.02111255331358));
#4999=CARTESIAN_POINT('',(-0.102724204680422,0.06096,-0.021106101554339));
#5000=CARTESIAN_POINT('',(-0.103288954417851,0.06096,-0.0210871411033453));
#5001=CARTESIAN_POINT('',(-0.103672794771134,0.06096,-0.0210750272383224));
#5002=CARTESIAN_POINT('',(-0.104846337415949,0.06096,-0.0210402649501634));
#5003=CARTESIAN_POINT('',(-0.105658061292488,0.06096,-0.0210191958339522));
#5004=CARTESIAN_POINT('',(-0.108181319262006,0.06096,-0.0209623057129795));
#5005=CARTESIAN_POINT('',(-0.109980939694952,0.06096,-0.020932801935885));
#5006=CARTESIAN_POINT('',(-0.111898008581134,0.06096,-0.0209117211290188));
#5007=CARTESIAN_POINT('',(-0.0608676575539274,0.0599599999999879,-0.0423034610164174));
#5008=CARTESIAN_POINT('',(-0.0611318068119983,0.0599600000000205,-0.041199643158955));
#5009=CARTESIAN_POINT('',(-0.0614544691419989,0.0599599999999879,-0.0401484796053971));
#5010=CARTESIAN_POINT('',(-0.0620253004944008,0.0599599999999879,-0.0386492328835196));
#5011=CARTESIAN_POINT('',(-0.0622300537144265,0.0599599999999879,-0.0381623961459111));
#5012=CARTESIAN_POINT('',(-0.0625588389843372,0.0599599999999879,-0.0374512630328558));
#5013=CARTESIAN_POINT('',(-0.0626720438551799,0.0599599999999888,-0.0372174052146727));
#5014=CARTESIAN_POINT('',(-0.0628472639545189,0.0599599999999879,-0.0368713641481786));
#5015=CARTESIAN_POINT('',(-0.0629065728275811,0.0599599999999879,-0.0367568080494705));
#5016=CARTESIAN_POINT('',(-0.0630269951196252,0.0599599999999879,-0.036529271797597));
#5017=CARTESIAN_POINT('',(-0.0630878017344763,0.0599599999999879,-0.0364168466364016));
#5018=CARTESIAN_POINT('',(-0.0632124472819008,0.0599599999999879,-0.0361913462814899));
#5019=CARTESIAN_POINT('',(-0.0632763193292933,0.0599599999999879,-0.0360782566495539));
#5020=CARTESIAN_POINT('',(-0.063405322909639,0.0599599999999879,-0.0358547220473873));
#5021=CARTESIAN_POINT('',(-0.0634707611644635,0.0599599999999879,-0.035743722118899));
#5022=CARTESIAN_POINT('',(-0.0636698877976166,0.0599599999999879,-0.0354130151749985));
#5023=CARTESIAN_POINT('',(-0.0638063878557393,0.0599599999999879,-0.035195600970251));
#5024=CARTESIAN_POINT('',(-0.0642271615703527,0.0599599999999879,-0.034552455990648));
#5025=CARTESIAN_POINT('',(-0.06452270599712,0.0599599999999879,-0.034135821493734));
#5026=CARTESIAN_POINT('',(-0.065144064083396,0.0599599999999879,-0.03332643838868));
#5027=CARTESIAN_POINT('',(-0.0654698784413847,0.0599599999999897,-0.032933688778188));
#5028=CARTESIAN_POINT('',(-0.065981521664466,0.059959999999987,-0.0323622400728852));
#5029=CARTESIAN_POINT('',(-0.0661558902446443,0.0599599999999879,-0.0321747036550477));
#5030=CARTESIAN_POINT('',(-0.0664232058191392,0.0599599999999879,-0.0318977945867044));
#5031=CARTESIAN_POINT('',(-0.0665132714847936,0.0599599999999879,-0.0318062241987566));
#5032=CARTESIAN_POINT('',(-0.0666498148046548,0.0599599999999879,-0.0316699649382293));
#5033=CARTESIAN_POINT('',(-0.0666955700492322,0.0599599999999879,-0.0316247279077453));
#5034=CARTESIAN_POINT('',(-0.0667645646454552,0.0599599999999879,-0.0315571461430808));
#5035=CARTESIAN_POINT('',(-0.0667876231324714,0.0599599999999879,-0.0315346645185511));
#5036=CARTESIAN_POINT('',(-0.0668338607707469,0.0599599999999879,-0.0314897924817705));
#5037=CARTESIAN_POINT('',(-0.0668575262611257,0.0599599999999879,-0.0314669344950765));
#5038=CARTESIAN_POINT('',(-0.0669030326376651,0.0599599999999879,-0.0314231799847693));
#5039=CARTESIAN_POINT('',(-0.0669248705806617,0.0599599999999879,-0.0314022784661425));
#5040=CARTESIAN_POINT('',(-0.0669696339065982,0.0599599999999879,-0.0313596211043342));
#5041=CARTESIAN_POINT('',(-0.0669920729813425,0.0599599999999879,-0.0313383328881084));
#5042=CARTESIAN_POINT('',(-0.0670595625631348,0.0599599999999879,-0.0312745895815905));
#5043=CARTESIAN_POINT('',(-0.0671047854276775,0.0599599999999879,-0.0312322558328132));
#5044=CARTESIAN_POINT('',(-0.0672411444309368,0.0599599999999879,-0.0311057395618061));
#5045=CARTESIAN_POINT('',(-0.0673329709792568,0.0599599999999879,-0.0310220420044743));
#5046=CARTESIAN_POINT('',(-0.0676112201112276,0.0599599999999879,-0.0307728864483945));
#5047=CARTESIAN_POINT('',(-0.0678004122027291,0.0599599999999879,-0.0306093654016742));
#5048=CARTESIAN_POINT('',(-0.0683791289332034,0.0599599999999879,-0.0301265341695378));
#5049=CARTESIAN_POINT('',(-0.0687797949341026,0.0599599999999879,-0.0298149535034367));
#5050=CARTESIAN_POINT('',(-0.0696111555762545,0.0599599999999879,-0.0292123806671875));
#5051=CARTESIAN_POINT('',(-0.0700418507676306,0.0599599999999879,-0.0289213889902695));
#5052=CARTESIAN_POINT('',(-0.0707106285564197,0.0599599999999879,-0.0285003773093049));
#5053=CARTESIAN_POINT('',(-0.0709373433225631,0.0599599999999879,-0.0283626198895346));
#5054=CARTESIAN_POINT('',(-0.0712831220293283,0.0599599999999879,-0.0281598616428618));
#5055=CARTESIAN_POINT('',(-0.0713993326667341,0.0599599999999879,-0.0280929218989059));
#5056=CARTESIAN_POINT('',(-0.0715750779132818,0.0599599999999879,-0.0279934830140157));
#5057=CARTESIAN_POINT('',(-0.0716338978756076,0.0599599999999879,-0.027960498508863));
#5058=CARTESIAN_POINT('',(-0.0717224854608585,0.0599599999999879,-0.0279112646000173));
#5059=CARTESIAN_POINT('',(-0.0717520742627981,0.0599599999999879,-0.0278948937719556));
#5060=CARTESIAN_POINT('',(-0.0717965469152838,0.0599599999999879,-0.0278703982633739));
#5061=CARTESIAN_POINT('',(-0.0718113860410331,0.0599599999999879,-0.0278622432161018));
#5062=CARTESIAN_POINT('',(-0.0718410941155165,0.0599599999999879,-0.0278459533696531));
#5063=CARTESIAN_POINT('',(-0.0718565037043007,0.0599599999999879,-0.0278375234757469));
#5064=CARTESIAN_POINT('',(-0.0718851901510653,0.0599599999999879,-0.0278218643185598));
#5065=CARTESIAN_POINT('',(-0.0718984667095153,0.0599599999999879,-0.0278146328586794));
#5066=CARTESIAN_POINT('',(-0.0719261303031423,0.0599599999999879,-0.0277995953320603));
#5067=CARTESIAN_POINT('',(-0.0719399767046465,0.0599599999999879,-0.0277920844068439));
#5068=CARTESIAN_POINT('',(-0.0719815597300036,0.0599599999999879,-0.0277695751527865));
#5069=CARTESIAN_POINT('',(-0.0720093401747203,0.0599599999999879,-0.0277546003455244));
#5070=CARTESIAN_POINT('',(-0.0720928568455326,0.0599599999999879,-0.0277097700687937));
#5071=CARTESIAN_POINT('',(-0.0721487684086797,0.0599599999999879,-0.0276800087442675));
#5072=CARTESIAN_POINT('',(-0.0723172048570767,0.0599599999999879,-0.0275911018241829));
#5073=CARTESIAN_POINT('',(-0.0724304315075385,0.0599599999999879,-0.027532333280827));
#5074=CARTESIAN_POINT('',(-0.0727729215730688,0.0599599999999879,-0.0273575397022614));
#5075=CARTESIAN_POINT('',(-0.0730049951969851,0.0599599999999888,-0.0272430267085131));
#5076=CARTESIAN_POINT('',(-0.0737124777577731,0.059959999999986,-0.026905567201025));
#5077=CARTESIAN_POINT('',(-0.0741991496908133,0.0599599999999879,-0.026688700269401));
#5078=CARTESIAN_POINT('',(-0.0752026048736602,0.0599599999999879,-0.0262713464698963));
#5079=CARTESIAN_POINT('',(-0.0757193878297221,0.0599599999999879,-0.026070859850216));
#5080=CARTESIAN_POINT('',(-0.076517174786794,0.0599599999999879,-0.0257825365787226));
#5081=CARTESIAN_POINT('',(-0.0767868722555615,0.0599599999999879,-0.0256884965248045));
#5082=CARTESIAN_POINT('',(-0.077197072700068,0.0599599999999879,-0.0255505523471386));
#5083=CARTESIAN_POINT('',(-0.0773347485415165,0.0599599999999879,-0.0255050902653974));
#5084=CARTESIAN_POINT('',(-0.0775426759186395,0.0599599999999879,-0.0254376778420669));
#5085=CARTESIAN_POINT('',(-0.0776122206460849,0.0599599999999879,-0.0254153371503964));
#5086=CARTESIAN_POINT('',(-0.077716891142696,0.0599599999999879,-0.0253820214996858));
#5087=CARTESIAN_POINT('',(-0.0777518402090956,0.0599599999999879,-0.0253709488472177));
#5088=CARTESIAN_POINT('',(-0.0778043521599527,0.0599599999999879,-0.0253543887414957));
#5089=CARTESIAN_POINT('',(-0.0778218708687792,0.0599599999999879,-0.0253488768517488));
#5090=CARTESIAN_POINT('',(-0.0778569377368077,0.0599599999999879,-0.0253378693676112));
#5091=CARTESIAN_POINT('',(-0.0778751711322833,0.0599599999999879,-0.0253321596921392));
#5092=CARTESIAN_POINT('',(-0.07790892642846,0.0599599999999879,-0.0253216129652214));
#5093=CARTESIAN_POINT('',(-0.0779244491421604,0.0599599999999879,-0.0253167738631423));
#5094=CARTESIAN_POINT('',(-0.0779568962139576,0.0599599999999879,-0.0253066794548307));
#5095=CARTESIAN_POINT('',(-0.0779731353195601,0.0599599999999879,-0.0253016382705925));
#5096=CARTESIAN_POINT('',(-0.0780218993427695,0.0599599999999879,-0.0252865327851827));
#5097=CARTESIAN_POINT('',(-0.0780544709667865,0.0599599999999879,-0.0252764865513249));
#5098=CARTESIAN_POINT('',(-0.0781523726425996,0.0599599999999879,-0.0252464201788811));
#5099=CARTESIAN_POINT('',(-0.0782178894982454,0.0599599999999879,-0.0252264723696344));
#5100=CARTESIAN_POINT('',(-0.078415187102563,0.0599599999999879,-0.025166918730036));
#5101=CARTESIAN_POINT('',(-0.0785477148897362,0.0599599999999879,-0.0251276026912575));
#5102=CARTESIAN_POINT('',(-0.0789482849373356,0.0599599999999889,-0.0250108173795833));
#5103=CARTESIAN_POINT('',(-0.0792193138964216,0.0599599999999879,-0.0249345109637726));
#5104=CARTESIAN_POINT('',(-0.080044335265589,0.0599599999999879,-0.02471027028102));
#5105=CARTESIAN_POINT('',(-0.0806102622380885,0.0599599999999879,-0.0245670153240063));
#5106=CARTESIAN_POINT('',(-0.0817738726468513,0.0599599999999879,-0.0242931089227058));
#5107=CARTESIAN_POINT('',(-0.0823715559630945,0.0599599999999857,-0.0241624573540121));
#5108=CARTESIAN_POINT('',(-0.0832918456760411,0.059959999999989,-0.0239760100780767));
#5109=CARTESIAN_POINT('',(-0.0836025697078762,0.0599599999999879,-0.0239154491695253));
#5110=CARTESIAN_POINT('',(-0.0840745905084853,0.0599599999999879,-0.0238269984315509));
#5111=CARTESIAN_POINT('',(-0.0842329199020317,0.0599599999999879,-0.0237979132808922));
#5112=CARTESIAN_POINT('',(-0.0844718968900399,0.0599599999999879,-0.023754884165601));
#5113=CARTESIAN_POINT('',(-0.084551803035756,0.0599599999999879,-0.0237406408951085));
#5114=CARTESIAN_POINT('',(-0.0846720328807627,0.0599599999999879,-0.0237194257577428));
#5115=CARTESIAN_POINT('',(-0.0847121712668446,0.0599599999999879,-0.0237123790066519));
#5116=CARTESIAN_POINT('',(-0.0847724714903781,0.0599599999999879,-0.0237018463363477));
#5117=CARTESIAN_POINT('',(-0.0847925870056255,0.0599599999999879,-0.0236983416889661));
#5118=CARTESIAN_POINT('',(-0.0848328489155619,0.0599599999999879,-0.0236913448820019));
#5119=CARTESIAN_POINT('',(-0.0848538100754091,0.0599599999999879,-0.0236877118640086));
#5120=CARTESIAN_POINT('',(-0.0848925042118893,0.0599599999999879,-0.0236810217518048));
#5121=CARTESIAN_POINT('',(-0.0849102390887335,0.0599599999999879,-0.0236779630261156));
#5122=CARTESIAN_POINT('',(-0.0849473732535548,0.0599599999999879,-0.0236715729105418));
#5123=CARTESIAN_POINT('',(-0.0849659577419606,0.0599599999999879,-0.0236683824086144));
#5124=CARTESIAN_POINT('',(-0.085021763419928,0.0599599999999879,-0.0236588245744707));
#5125=CARTESIAN_POINT('',(-0.08505903682223,0.0599599999999879,-0.0236524709139012));
#5126=CARTESIAN_POINT('',(-0.0851710658385107,0.0599599999999879,-0.0236334646508266));
#5127=CARTESIAN_POINT('',(-0.0852460302617395,0.0599599999999879,-0.0236208667671231));
#5128=CARTESIAN_POINT('',(-0.0854717584402794,0.0599599999999879,-0.0235832922411263));
#5129=CARTESIAN_POINT('',(-0.0856233571024908,0.0599599999999879,-0.0235585347265508));
#5130=CARTESIAN_POINT('',(-0.086081490163731,0.0599599999999879,-0.0234851405943766));
#5131=CARTESIAN_POINT('',(-0.0863913616075875,0.0599599999999868,-0.0234373824255738));
#5132=CARTESIAN_POINT('',(-0.0873343048107557,0.0599599999999901,-0.0232976354697034));
#5133=CARTESIAN_POINT('',(-0.0879807050134017,0.0599599999999879,-0.0232091747062536));
#5134=CARTESIAN_POINT('',(-0.089308956017613,0.0599599999999879,-0.0230417214785564));
#5135=CARTESIAN_POINT('',(-0.0899908068821115,0.0599599999999879,-0.0229627288868033));
#5136=CARTESIAN_POINT('',(-0.0910401117812006,0.0599599999999879,-0.0228513761874104));
#5137=CARTESIAN_POINT('',(-0.0913943016098051,0.0599599999999879,-0.0228154478909812));
#5138=CARTESIAN_POINT('',(-0.0919322120167368,0.0599599999999879,-0.022763342988003));
#5139=CARTESIAN_POINT('',(-0.0921126197683179,0.0599599999999879,-0.0227462726058596));
#5140=CARTESIAN_POINT('',(-0.0923848870366321,0.0599599999999879,-0.0227211143251263));
#5141=CARTESIAN_POINT('',(-0.0924759187332059,0.0599599999999879,-0.0227128027800273));
#5142=CARTESIAN_POINT('',(-0.0926128800936287,0.0599599999999879,-0.022700447334542));
#5143=CARTESIAN_POINT('',(-0.0926586028497151,0.0599599999999879,-0.0226963474980578));
#5144=CARTESIAN_POINT('',(-0.092727290426036,0.0599599999999879,-0.022690225717389));
#5145=CARTESIAN_POINT('',(-0.0927502035251769,0.0599599999999879,-0.0226881897861744));
#5146=CARTESIAN_POINT('',(-0.0927960642022505,0.0599599999999879,-0.0226841272494246));
#5147=CARTESIAN_POINT('',(-0.0928200894432215,0.0599599999999879,-0.0226820057694371));
#5148=CARTESIAN_POINT('',(-0.0928638637498736,0.0599599999999879,-0.0226781516339363));
#5149=CARTESIAN_POINT('',(-0.0928836160759774,0.0599599999999879,-0.0226764176367388));
#5150=CARTESIAN_POINT('',(-0.0929253173685805,0.0599599999999879,-0.0226727664062854));
#5151=CARTESIAN_POINT('',(-0.0929461886187299,0.0599599999999879,-0.0226709440694199));
#5152=CARTESIAN_POINT('',(-0.0930088641758516,0.0599599999999879,-0.0226654868956585));
#5153=CARTESIAN_POINT('',(-0.0930507302894922,0.0599599999999879,-0.0226618618956027));
#5154=CARTESIAN_POINT('',(-0.0931765758185732,0.0599599999999879,-0.0226510262565891));
#5155=CARTESIAN_POINT('',(-0.0932608024220041,0.0599599999999879,-0.0226438549788722));
#5156=CARTESIAN_POINT('',(-0.09351447068265,0.0599599999999879,-0.0226224986976843));
#5157=CARTESIAN_POINT('',(-0.0936849007876024,0.0599599999999879,-0.0226084712475025));
#5158=CARTESIAN_POINT('',(-0.0942001425792777,0.0599599999999879,-0.0225670199155717));
#5159=CARTESIAN_POINT('',(-0.0945489057049993,0.0599599999999879,-0.0225402270708112));
#5160=CARTESIAN_POINT('',(-0.0956109837888796,0.0599599999999879,-0.0224623784003512));
#5161=CARTESIAN_POINT('',(-0.0963400869616258,0.0599599999999879,-0.0224138526592339));
#5162=CARTESIAN_POINT('',(-0.0978403177437502,0.0599599999999879,-0.0223235722202813));
#5163=CARTESIAN_POINT('',(-0.0986114454716201,0.0599599999999879,-0.0222818174517554));
#5164=CARTESIAN_POINT('',(-0.0997996080122365,0.0599599999999879,-0.0222242769952429));
#5165=CARTESIAN_POINT('',(-0.100200907451666,0.0599599999999879,-0.0222059454168865));
#5166=CARTESIAN_POINT('',(-0.100810719376146,0.0599599999999879,-0.0221797222689244));
#5167=CARTESIAN_POINT('',(-0.101015300483761,0.0599599999999879,-0.0221711935874912));
#5168=CARTESIAN_POINT('',(-0.101324137248613,0.0599599999999879,-0.0221587192699037));
#5169=CARTESIAN_POINT('',(-0.101427410354437,0.0599599999999879,-0.0221546142813556));
#5170=CARTESIAN_POINT('',(-0.101582811217619,0.0599599999999879,-0.0221485364926199));
#5171=CARTESIAN_POINT('',(-0.101634693372773,0.0599599999999879,-0.0221465238453826));
#5172=CARTESIAN_POINT('',(-0.101712639397819,0.0599599999999879,-0.0221435248002444));
#5173=CARTESIAN_POINT('',(-0.101738641871554,0.0599599999999879,-0.0221425284394841));
#5174=CARTESIAN_POINT('',(-0.101777676279144,0.0599599999999879,-0.022141038880045));
#5175=CARTESIAN_POINT('',(-0.101790692864506,0.0599599999999879,-0.0221405431905154));
#5176=CARTESIAN_POINT('',(-0.101816736267376,0.0599599999999879,-0.0221395534720683));
#5177=CARTESIAN_POINT('',(-0.10183064870651,0.0599599999999879,-0.0221390259300171));
#5178=CARTESIAN_POINT('',(-0.101854941330244,0.0599599999999879,-0.0221381065591061));
#5179=CARTESIAN_POINT('',(-0.10186532350121,0.0599599999999879,-0.0221377144275526));
#5180=CARTESIAN_POINT('',(-0.101887873663745,0.0599599999999879,-0.0221368641366605));
#5181=CARTESIAN_POINT('',(-0.101899155971507,0.0599599999999879,-0.0221364394999309));
#5182=CARTESIAN_POINT('',(-0.101933024573623,0.0599599999999879,-0.0221351671159881));
#5183=CARTESIAN_POINT('',(-0.101955632546809,0.0599599999999879,-0.0221343208950212));
#5184=CARTESIAN_POINT('',(-0.102023543176515,0.0599599999999879,-0.022131788337872));
#5185=CARTESIAN_POINT('',(-0.10206893254317,0.0599599999999879,-0.0221301081074445));
#5186=CARTESIAN_POINT('',(-0.102205447442907,0.0599599999999879,-0.0221250918451833));
#5187=CARTESIAN_POINT('',(-0.102296919775508,0.0599599999999879,-0.0221217802424236));
#5188=CARTESIAN_POINT('',(-0.102572723654912,0.0599599999999879,-0.0221119431965077));
#5189=CARTESIAN_POINT('',(-0.102758442079514,0.0599599999999879,-0.0221055155164674));
#5190=CARTESIAN_POINT('',(-0.103321142478137,0.0599599999999879,-0.0220866238683173));
#5191=CARTESIAN_POINT('',(-0.103703669524631,0.0599599999999879,-0.0220745513020505));
#5192=CARTESIAN_POINT('',(-0.104873413945331,0.0599599999999879,-0.0220399015236188));
#5193=CARTESIAN_POINT('',(-0.105682793978704,0.0599599999999879,-0.0220188923389405));
#5194=CARTESIAN_POINT('',(-0.108199475592396,0.0599599999999879,-0.0219621504904293));
#5195=CARTESIAN_POINT('',(-0.109995316183179,0.0599599999999879,-0.0219327043049459));
#5196=CARTESIAN_POINT('',(-0.111909004290567,0.0599599999999879,-0.0219116606743906));
#5197=CARTESIAN_POINT('',(-0.0598951171027751,0.06096,-0.0420707271106433));
#5198=CARTESIAN_POINT('',(-0.0602192972533725,0.0606266666666667,-0.0421483050783261));
#5199=CARTESIAN_POINT('',(-0.0605434774039699,0.0602933333333333,-0.0422258830460088));
#5200=CARTESIAN_POINT('',(-0.0608676575545672,0.05996,-0.0423034610136915));
#5201=CARTESIAN_POINT('',(-0.0545850462359904,0.06096,-0.0408));
#5202=CARTESIAN_POINT('',(-0.0545850462359904,0.06096,-0.04626));
#5203=CARTESIAN_POINT('',(0.,0.06096,-0.04626));
#5204=CARTESIAN_POINT('',(0.0545850462359904,0.06096,-0.04626));
#5205=CARTESIAN_POINT('',(0.0545850462359904,0.06096,-0.0408));
#5206=CARTESIAN_POINT('',(0.0598951171022239,0.06096,-0.042070727112947));
#5207=CARTESIAN_POINT('',(0.0602192972527876,0.0606266666666666,-0.0421483050807704));
#5208=CARTESIAN_POINT('',(0.0605434774033513,0.0602933333333333,-0.0422258830485938));
#5209=CARTESIAN_POINT('',(0.060867657553915,0.05996,-0.0423034610164172));
#5210=CARTESIAN_POINT('',(0.112472349053873,0.0609600000000019,-0.0209053823339421));
#5211=CARTESIAN_POINT('',(0.112103377882747,0.0609600000000012,-0.0209094027721265));
#5212=CARTESIAN_POINT('',(0.11173367572242,0.0609599999999998,-0.0209134318383238));
#5213=CARTESIAN_POINT('',(0.110890688549757,0.0609600000000057,-0.0209235011430503));
#5214=CARTESIAN_POINT('',(0.110419693086951,0.0609600000000023,-0.0209297535315839));
#5215=CARTESIAN_POINT('',(0.109029127262552,0.0609600000000023,-0.020950122228219));
#5216=CARTESIAN_POINT('',(0.10813197746493,0.0609600000000023,-0.0209658500673446));
#5217=CARTESIAN_POINT('',(0.105530210328024,0.0609600000000023,-0.0210194797088701));
#5218=CARTESIAN_POINT('',(0.103915275244685,0.0609600000000023,-0.0210638276353716));
#5219=CARTESIAN_POINT('',(0.102232996659821,0.0609600000000023,-0.0211233882388832));
#5220=CARTESIAN_POINT('',(0.102047945197394,0.0609600000000023,-0.0211301403779704));
#5221=CARTESIAN_POINT('',(0.101853313172666,0.0609600000000023,-0.0211374572133934));
#5222=CARTESIAN_POINT('',(0.101841871528396,0.0609600000000023,-0.0211378881400641));
#5223=CARTESIAN_POINT('',(0.101819002836576,0.0609600000000023,-0.0211387510425792));
#5224=CARTESIAN_POINT('',(0.101807983168239,0.0609600000000023,-0.0211391675259484));
#5225=CARTESIAN_POINT('',(0.101768362753565,0.0609600000000023,-0.0211406682609447));
#5226=CARTESIAN_POINT('',(0.101741969767323,0.0609600000000023,-0.0211416721670634));
#5227=CARTESIAN_POINT('',(0.101662852679218,0.0609600000000023,-0.0211446941337824));
#5228=CARTESIAN_POINT('',(0.101610190447974,0.0609600000000023,-0.021146722442746));
#5229=CARTESIAN_POINT('',(0.10145245123673,0.0609600000000023,-0.0211528483630891));
#5230=CARTESIAN_POINT('',(0.101347621739209,0.0609600000000023,-0.0211569869679216));
#5231=CARTESIAN_POINT('',(0.100825124134824,0.0609600000000023,-0.0211779532817686));
#5232=CARTESIAN_POINT('',(0.100412405677612,0.0609600000000023,-0.0211956008598362));
#5233=CARTESIAN_POINT('',(0.0991900891849005,0.0609600000000023,-0.0212511671750004));
#5234=CARTESIAN_POINT('',(0.0983963300282646,0.0609600000000023,-0.0212917094930734));
#5235=CARTESIAN_POINT('',(0.0960784080739701,0.0609600000000023,-0.0214238307711636));
#5236=CARTESIAN_POINT('',(0.0946176007918874,0.0609600000000023,-0.0215259040550562));
#5237=CARTESIAN_POINT('',(0.0931552467017454,0.0609600000000023,-0.0216492238780122));
#5238=CARTESIAN_POINT('',(0.0930695558495573,0.0609600000000023,-0.0216565326431819));
#5239=CARTESIAN_POINT('',(0.0929415145362407,0.0609600000000023,-0.0216675777778419));
#5240=CARTESIAN_POINT('',(0.0928989165926291,0.0609600000000023,-0.0216712731538793));
#5241=CARTESIAN_POINT('',(0.0928138856937287,0.0609600000000023,-0.0216786912349228));
#5242=CARTESIAN_POINT('',(0.0927732192710687,0.0609600000000023,-0.0216822571803586));
#5243=CARTESIAN_POINT('',(0.0925397280254577,0.0609600000000023,-0.0217028616033074));
#5244=CARTESIAN_POINT('',(0.0923540388119032,0.0609600000000023,-0.0217196548047081));
#5245=CARTESIAN_POINT('',(0.0918002825200164,0.0609600000000023,-0.0217709633980319));
#5246=CARTESIAN_POINT('',(0.0914355267904915,0.0609600000000023,-0.0218064077790817));
#5247=CARTESIAN_POINT('',(0.090354504997065,0.0609600000000023,-0.0219164568787199));
#5248=CARTESIAN_POINT('',(0.08965148432834,0.0609600000000023,-0.0219947775538102));
#5249=CARTESIAN_POINT('',(0.0875954039028552,0.0609600000000023,-0.0222446034050484));
#5250=CARTESIAN_POINT('',(0.086295325726762,0.0609600000000023,-0.0224309724071873));
#5251=CARTESIAN_POINT('',(0.0849890499039343,0.0609600000000023,-0.0226500465587654));
#5252=CARTESIAN_POINT('',(0.0849124860953851,0.0609600000000023,-0.0226630106893241));
#5253=CARTESIAN_POINT('',(0.0847980543011575,0.0609600000000023,-0.0226825730088032));
#5254=CARTESIAN_POINT('',(0.0847599793561821,0.0609600000000023,-0.0226891131359029));
#5255=CARTESIAN_POINT('',(0.0846839674390968,0.0609600000000023,-0.0227022320979825));
#5256=CARTESIAN_POINT('',(0.0846411046583826,0.0609600000000023,-0.0227096647613205));
#5257=CARTESIAN_POINT('',(0.0844352370931817,0.0609600000000023,-0.0227455595488534));
#5258=CARTESIAN_POINT('',(0.0842715225425705,0.0609600000000023,-0.0227746964543435));
#5259=CARTESIAN_POINT('',(0.083783317395397,0.0609600000000023,-0.0228633703972027));
#5260=CARTESIAN_POINT('',(0.0834617653034974,0.0609600000000023,-0.0229241706609623));
#5261=CARTESIAN_POINT('',(0.0825088630464251,0.0609600000000023,-0.0231116243578039));
#5262=CARTESIAN_POINT('',(0.0818892668998918,0.0609600000000067,-0.0232433306964434));
#5263=CARTESIAN_POINT('',(0.0800774945348402,0.0609599999999938,-0.0236586613346052));
#5264=CARTESIAN_POINT('',(0.0789323343908627,0.0609600000000023,-0.0239624972563682));
#5265=CARTESIAN_POINT('',(0.0777822078434771,0.0609600000000023,-0.0243139560547517));
#5266=CARTESIAN_POINT('',(0.0777147982160794,0.0609600000000023,-0.0243347353705811));
#5267=CARTESIAN_POINT('',(0.0776308422760654,0.0609600000000023,-0.0243608411014504));
#5268=CARTESIAN_POINT('',(0.0776140663927748,0.0609600000000023,-0.0243660688269283));
#5269=CARTESIAN_POINT('',(0.0775805452356165,0.0609600000000023,-0.0243765374364924));
#5270=CARTESIAN_POINT('',(0.0775612994322487,0.0609600000000023,-0.0243825609159419));
#5271=CARTESIAN_POINT('',(0.0775069201578589,0.0609600000000023,-0.0243996230064397));
#5272=CARTESIAN_POINT('',(0.0774707254029022,0.0609600000000023,-0.02441103288702));
#5273=CARTESIAN_POINT('',(0.0772900421013048,0.0609600000000023,-0.0244682580578298));
#5274=CARTESIAN_POINT('',(0.0771464249742167,0.0609600000000023,-0.0245146006517847));
#5275=CARTESIAN_POINT('',(0.0767183621355245,0.0609600000000023,-0.0246553158055726));
#5276=CARTESIAN_POINT('',(0.0764367049664933,0.0609600000000013,-0.0247513757373262));
#5277=CARTESIAN_POINT('',(0.0756028876296745,0.0609600000000044,-0.0250463050202699));
#5278=CARTESIAN_POINT('',(0.0750618816321876,0.0609599999999984,-0.0252519238591502));
#5279=CARTESIAN_POINT('',(0.0734834803208263,0.0609600000000102,-0.0258957783265338));
#5280=CARTESIAN_POINT('',(0.0724907016881274,0.0609600000000023,-0.0263610119057798));
#5281=CARTESIAN_POINT('',(0.0715282466597154,0.0609600000000023,-0.0268779062166546));
#5282=CARTESIAN_POINT('',(0.0714991394504604,0.0609600000000023,-0.0268936048342022));
#5283=CARTESIAN_POINT('',(0.071455565778535,0.0609600000000023,-0.026917205490896));
#5284=CARTESIAN_POINT('',(0.0714410557448854,0.0609600000000023,-0.0269250811648561));
#5285=CARTESIAN_POINT('',(0.0714120647249046,0.0609600000000023,-0.0269408500895671));
#5286=CARTESIAN_POINT('',(0.0713980344392701,0.0609600000000023,-0.0269484966294067));
#5287=CARTESIAN_POINT('',(0.0713201502048018,0.0609600000000023,-0.0269910421129517));
#5288=CARTESIAN_POINT('',(0.0712580819058881,0.0609600000000023,-0.0270252574159619));
#5289=CARTESIAN_POINT('',(0.0710725942751252,0.0609600000000023,-0.0271284400735164));
#5290=CARTESIAN_POINT('',(0.0709498922092566,0.0609600000000023,-0.0271979441765828));
#5291=CARTESIAN_POINT('',(0.0705846550755745,0.0609600000000023,-0.0274086034798761));
#5292=CARTESIAN_POINT('',(0.070344989071679,0.0609600000000033,-0.0275519056741936));
#5293=CARTESIAN_POINT('',(0.0696374673156697,0.0609600000000004,-0.0279904002335172));
#5294=CARTESIAN_POINT('',(0.0691810878192445,0.0609600000000005,-0.0282941805748912));
#5295=CARTESIAN_POINT('',(0.0678578543526913,0.0609600000000061,-0.0292398735044884));
#5296=CARTESIAN_POINT('',(0.0670369054052924,0.0609600000000023,-0.0299161379981823));
#5297=CARTESIAN_POINT('',(0.0662534212095319,0.0609600000000023,-0.0306607696273452));
#5298=CARTESIAN_POINT('',(0.0662297390363713,0.0609600000000023,-0.0306833789512116));
#5299=CARTESIAN_POINT('',(0.066182494234379,0.0609600000000023,-0.0307286870570318));
#5300=CARTESIAN_POINT('',(0.0661577423234323,0.0609600000000023,-0.0307525303751424));
#5301=CARTESIAN_POINT('',(0.0660842693748798,0.0609600000000023,-0.0308236486622647));
#5302=CARTESIAN_POINT('',(0.0660355401274368,0.0609600000000023,-0.0308712612781104));
#5303=CARTESIAN_POINT('',(0.065890110539887,0.0609600000000023,-0.0310147003989389));
#5304=CARTESIAN_POINT('',(0.0657941683545533,0.0609600000000028,-0.0311111281772128));
#5305=CARTESIAN_POINT('',(0.065509374417662,0.0609600000000014,-0.0314028166052021));
#5306=CARTESIAN_POINT('',(0.0653235552852066,0.0609600000000023,-0.0316004823480817));
#5307=CARTESIAN_POINT('',(0.064778228364273,0.0609600000000023,-0.03220309994939));
#5308=CARTESIAN_POINT('',(0.0644308510522098,0.0609600000000005,-0.0326176721804789));
#5309=CARTESIAN_POINT('',(0.0634372410217098,0.0609600000000061,-0.0338998703644073));
#5310=CARTESIAN_POINT('',(0.0628395302089739,0.0609600000000023,-0.0348059778079056));
#5311=CARTESIAN_POINT('',(0.0622398884031707,0.0609600000000023,-0.0358830709178231));
#5312=CARTESIAN_POINT('',(0.0621753404326752,0.0609600000000023,-0.0360015978166281));
#5313=CARTESIAN_POINT('',(0.0620474445701161,0.0609600000000023,-0.0362416285121088));
#5314=CARTESIAN_POINT('',(0.0619844764632928,0.0609600000000028,-0.0363624563388134));
#5315=CARTESIAN_POINT('',(0.0617985116161944,0.0609600000000014,-0.0367273772558153));
#5316=CARTESIAN_POINT('',(0.0616784543492893,0.0609600000000023,-0.0369739077830025));
#5317=CARTESIAN_POINT('',(0.061330040442061,0.0609600000000023,-0.0377232491121301));
#5318=CARTESIAN_POINT('',(0.0611134416952171,0.0609600000000023,-0.0382358096616208));
#5319=CARTESIAN_POINT('',(0.0605106770286198,0.0609600000000023,-0.0398124903003576));
#5320=CARTESIAN_POINT('',(0.0601715426827925,0.0609600000000023,-0.0409156093798161));
#5321=CARTESIAN_POINT('',(0.0598951171022215,0.0609600000000023,-0.0420707271129465));
#5322=CARTESIAN_POINT('',(0.112483253641467,0.0599599999999995,-0.02190532292424));
#5323=CARTESIAN_POINT('',(0.112114295620327,0.0599599999999988,-0.0219093432865566));
#5324=CARTESIAN_POINT('',(0.111744954828967,0.0599599999999975,-0.0219133684482268));
#5325=CARTESIAN_POINT('',(0.110903505149765,0.0599600000000033,-0.0219234193879167));
#5326=CARTESIAN_POINT('',(0.110433409541569,0.05996,-0.0219296598889492));
#5327=CARTESIAN_POINT('',(0.10904563296773,0.05996,-0.0219499877292654));
#5328=CARTESIAN_POINT('',(0.108150461808684,0.05996,-0.0219656814744135));
#5329=CARTESIAN_POINT('',(0.105555066833627,0.05996,-0.0220191797680005));
#5330=CARTESIAN_POINT('',(0.10394494932618,0.05996,-0.0220634035836482));
#5331=CARTESIAN_POINT('',(0.102269092770383,0.05996,-0.0221227368170136));
#5332=CARTESIAN_POINT('',(0.102084769044767,0.05996,-0.0221294624265544));
#5333=CARTESIAN_POINT('',(0.101890926234175,0.05996,-0.0221367495929135));
#5334=CARTESIAN_POINT('',(0.101879531073089,0.05996,-0.0221371787688941));
#5335=CARTESIAN_POINT('',(0.101856755465731,0.05996,-0.0221380381590608));
#5336=CARTESIAN_POINT('',(0.101845780991709,0.05996,-0.0221384529342995));
#5337=CARTESIAN_POINT('',(0.101806319142224,0.05996,-0.0221399476631919));
#5338=CARTESIAN_POINT('',(0.101780032029277,0.05996,-0.0221409475422629));
#5339=CARTESIAN_POINT('',(0.101701233052787,0.05996,-0.0221439573583487));
#5340=CARTESIAN_POINT('',(0.101648783551593,0.05996,-0.0221459774742383));
#5341=CARTESIAN_POINT('',(0.101491684515371,0.05996,-0.0221520785329051));
#5342=CARTESIAN_POINT('',(0.101387284447627,0.05996,-0.0221562001867086));
#5343=CARTESIAN_POINT('',(0.100866947468063,0.05996,-0.0221770798009457));
#5344=CARTESIAN_POINT('',(0.100456000608947,0.05996,-0.0221946518064638));
#5345=CARTESIAN_POINT('',(0.0992391381468094,0.05996,-0.0222499701822584));
#5346=CARTESIAN_POINT('',(0.0984492002693064,0.05996,-0.0222903190715007));
#5347=CARTESIAN_POINT('',(0.096143390125449,0.05996,-0.0224217499778203));
#5348=CARTESIAN_POINT('',(0.0946915121413308,0.05996,-0.0225232205825821));
#5349=CARTESIAN_POINT('',(0.0932399105994673,0.05996,-0.0226456336467981));
#5350=CARTESIAN_POINT('',(0.0931548569500984,0.05996,-0.0226528880704717));
#5351=CARTESIAN_POINT('',(0.0930277786451068,0.05996,-0.0226638501338449));
#5352=CARTESIAN_POINT('',(0.0929855029049956,0.05996,-0.0226675175595903));
#5353=CARTESIAN_POINT('',(0.09290111884078,0.05996,-0.0226748792108867));
#5354=CARTESIAN_POINT('',(0.0928607636194404,0.05996,-0.0226784178686821));
#5355=CARTESIAN_POINT('',(0.0926290673971137,0.05996,-0.022698863889893));
#5356=CARTESIAN_POINT('',(0.092444830349731,0.05996,-0.0227155258167578));
#5357=CARTESIAN_POINT('',(0.0918954805410202,0.05996,-0.0227664261249624));
#5358=CARTESIAN_POINT('',(0.0915337290923926,0.05996,-0.0228015790523471));
#5359=CARTESIAN_POINT('',(0.0904619330749552,0.05996,-0.0229106889587615));
#5360=CARTESIAN_POINT('',(0.0897653464589013,0.05996,-0.0229882974283553));
#5361=CARTESIAN_POINT('',(0.0877295358892787,0.05996,-0.0232356603730168));
#5362=CARTESIAN_POINT('',(0.0864442536696237,0.05996,-0.0234199614849261));
#5363=CARTESIAN_POINT('',(0.0851554784005349,0.05996,-0.0236361006369406));
#5364=CARTESIAN_POINT('',(0.0850799506190433,0.05996,-0.0236488893595292));
#5365=CARTESIAN_POINT('',(0.0849670829074106,0.05996,-0.023668184296296));
#5366=CARTESIAN_POINT('',(0.0849295309969985,0.05996,-0.0236746345839885));
#5367=CARTESIAN_POINT('',(0.0848545685248118,0.05996,-0.0236875724214709));
#5368=CARTESIAN_POINT('',(0.0848122992599015,0.05996,-0.0236949021673804));
#5369=CARTESIAN_POINT('',(0.0846092948867249,0.05996,-0.023730297732661));
#5370=CARTESIAN_POINT('',(0.0844478939561688,0.05996,-0.0237590230095414));
#5371=CARTESIAN_POINT('',(0.0839667004601101,0.05996,-0.023846423408369));
#5372=CARTESIAN_POINT('',(0.0836499171849478,0.05996,-0.0239063231333864));
#5373=CARTESIAN_POINT('',(0.0827116174744182,0.05996,-0.0240909042361944));
#5374=CARTESIAN_POINT('',(0.0821021511264091,0.0599600000000043,-0.0242204681871159));
#5375=CARTESIAN_POINT('',(0.0803220581969095,0.0599599999999914,-0.0246285366324874));
#5376=CARTESIAN_POINT('',(0.0791997404904685,0.05996,-0.0249264310794356));
#5377=CARTESIAN_POINT('',(0.0780760024012025,0.05996,-0.0252698260209995));
#5378=CARTESIAN_POINT('',(0.0780101528083559,0.05996,-0.0252901244853954));
#5379=CARTESIAN_POINT('',(0.077928156699726,0.05996,-0.0253156208153007));
#5380=CARTESIAN_POINT('',(0.0779117732721143,0.05996,-0.0253207262437356));
#5381=CARTESIAN_POINT('',(0.0778790380069105,0.05996,-0.0253309494203628));
#5382=CARTESIAN_POINT('',(0.0778602439293632,0.05996,-0.0253368315208084));
#5383=CARTESIAN_POINT('',(0.0778071436824096,0.05996,-0.0253534923024961));
#5384=CARTESIAN_POINT('',(0.0777718032693393,0.05996,-0.0253646328684487));
#5385=CARTESIAN_POINT('',(0.0775953999614451,0.05996,-0.025420502499654));
#5386=CARTESIAN_POINT('',(0.0774552333426802,0.05996,-0.025465731971535));
#5387=CARTESIAN_POINT('',(0.0770376014675472,0.05996,-0.0256030182020182));
#5388=CARTESIAN_POINT('',(0.0767630042465158,0.059959999999999,-0.0256966728020637));
#5389=CARTESIAN_POINT('',(0.0759506820358352,0.0599600000000021,-0.0259839990503022));
#5390=CARTESIAN_POINT('',(0.0754244275811575,0.0599599999999961,-0.0261840334588571));
#5391=CARTESIAN_POINT('',(0.07389148959769,0.0599600000000079,-0.0268093427269893));
#5392=CARTESIAN_POINT('',(0.072930655918138,0.05996,-0.027259821847095));
#5393=CARTESIAN_POINT('',(0.0720024248185964,0.05996,-0.0277583359182321));
#5394=CARTESIAN_POINT('',(0.0719743558791998,0.05996,-0.0277734745650341));
#5395=CARTESIAN_POINT('',(0.071932341356154,0.05996,-0.0277962307453301));
#5396=CARTESIAN_POINT('',(0.0719183513294744,0.05996,-0.0278038241737811));
#5397=CARTESIAN_POINT('',(0.0718904009001118,0.05996,-0.0278190270958073));
#5398=CARTESIAN_POINT('',(0.0718768754825949,0.05996,-0.027826398481464));
#5399=CARTESIAN_POINT('',(0.0718017892951848,0.05996,-0.027867415487955));
#5400=CARTESIAN_POINT('',(0.0717419625783655,0.05996,-0.0279003951717289));
#5401=CARTESIAN_POINT('',(0.0715632084791264,0.05996,-0.0279998321149438));
#5402=CARTESIAN_POINT('',(0.0714450071545549,0.05996,-0.0280667872610453));
#5403=CARTESIAN_POINT('',(0.0710933019819755,0.05996,-0.0282696416802262));
#5404=CARTESIAN_POINT('',(0.0708626970367438,0.059960000000001,-0.0284075298355891));
#5405=CARTESIAN_POINT('',(0.0701824305832783,0.0599599999999981,-0.0288291326148491));
#5406=CARTESIAN_POINT('',(0.0697443188424647,0.0599599999999981,-0.0291207835136823));
#5407=CARTESIAN_POINT('',(0.0684757494760524,0.0599600000000038,-0.0300274089208996));
#5408=CARTESIAN_POINT('',(0.0676910645874036,0.05996,-0.0306740124300447));
#5409=CARTESIAN_POINT('',(0.0669434129003026,0.05996,-0.0313845884656635));
#5410=CARTESIAN_POINT('',(0.0669208150713993,0.05996,-0.0314061625734864));
#5411=CARTESIAN_POINT('',(0.0668757358960628,0.05996,-0.0314493938277246));
#5412=CARTESIAN_POINT('',(0.0668521181852353,0.05996,-0.0314721445825167));
#5413=CARTESIAN_POINT('',(0.0667820157424679,0.05996,-0.0315400003818387));
#5414=CARTESIAN_POINT('',(0.0667355260773316,0.05996,-0.0315854247722828));
#5415=CARTESIAN_POINT('',(0.0665967918906761,0.05996,-0.0317222601308743));
#5416=CARTESIAN_POINT('',(0.0665052821736213,0.0599600000000005,-0.0318142332746047));
#5417=CARTESIAN_POINT('',(0.0662336837327103,0.0599599999999991,-0.0320924067607992));
#5418=CARTESIAN_POINT('',(0.0660565256232208,0.05996,-0.0322808609833438));
#5419=CARTESIAN_POINT('',(0.0655367086699027,0.05996,-0.0328552886037239));
#5420=CARTESIAN_POINT('',(0.0652057048932605,0.0599599999999981,-0.0332503247204228));
#5421=CARTESIAN_POINT('',(0.0642588622752423,0.0599600000000038,-0.0344721721736744));
#5422=CARTESIAN_POINT('',(0.0636891404398935,0.05996,-0.0353357136333691));
#5423=CARTESIAN_POINT('',(0.0631166267833878,0.05996,-0.0363640784151618));
#5424=CARTESIAN_POINT('',(0.0630550030512704,0.05996,-0.0364772353222628));
#5425=CARTESIAN_POINT('',(0.0629328556556629,0.05996,-0.0367064774864225));
#5426=CARTESIAN_POINT('',(0.0628727014767422,0.0599600000000005,-0.0368219050326371));
#5427=CARTESIAN_POINT('',(0.0626949971500994,0.0599599999999991,-0.0371706162371975));
#5428=CARTESIAN_POINT('',(0.0625802050399027,0.05996,-0.0374063285448183));
#5429=CARTESIAN_POINT('',(0.0622468647144299,0.05996,-0.0381232507955532));
#5430=CARTESIAN_POINT('',(0.0620393502371859,0.05996,-0.0386142479352016));
#5431=CARTESIAN_POINT('',(0.0614610651367494,0.05996,-0.0401268961910226));
#5432=CARTESIAN_POINT('',(0.0611345399435666,0.05996,-0.0411882220423298));
#5433=CARTESIAN_POINT('',(0.0608676575539156,0.05996,-0.0423034610164146));
#5434=CARTESIAN_POINT('',(-0.11192,-0.0460828968081885,-0.0508));
#5435=CARTESIAN_POINT('',(-0.11192,-0.0464658072632378,-0.0215286061562802));
#5436=CARTESIAN_POINT('',(-0.11192,-0.0460828968081885,-0.0219115397614428));
#5437=CARTESIAN_POINT('',(-0.11192,-0.0460828968081885,-0.0508));
#5438=CARTESIAN_POINT('',(-0.11192,-0.0460828968081885,-0.0229116002197381));
#5439=CARTESIAN_POINT('',(-0.11192,-0.0465828968081885,-0.0229116002197381));
#5440=CARTESIAN_POINT('',(-0.0545850462359904,-0.0460828968081885,-0.0408));
#5441=CARTESIAN_POINT('',(-0.0618401980056064,-0.0460828968081885,-0.0425361949198859));
#5442=CARTESIAN_POINT('',(-0.0618401980056073,-0.0460828968081885,-0.0425361949198821));
#5443=CARTESIAN_POINT('',(-0.0545850462359904,-0.0460828968081885,-0.0408));
#5444=CARTESIAN_POINT('',(-0.0545850462359904,-0.0460828968081885,-0.04826));
#5445=CARTESIAN_POINT('',(-0.0545850462359904,-0.0460828968081885,-0.04826));
#5446=CARTESIAN_POINT('',(-0.11192,-0.0460828968081885,-0.0229116002197381));
#5447=CARTESIAN_POINT('',(-0.11192,-0.0470828968081885,-0.0229116002197381));
#5448=CARTESIAN_POINT('',(-0.104859702076309,-0.0460828968081885,-0.0229892378977753));
#5449=CARTESIAN_POINT('',(-0.104859702076309,-0.0470828968081885,-0.0229892378977753));
#5450=CARTESIAN_POINT('',(-0.092218751344664,-0.0460828968081885,-0.0233787100907659));
#5451=CARTESIAN_POINT('',(-0.092218751344664,-0.0470828968081885,-0.0233787100907659));
#5452=CARTESIAN_POINT('',(-0.0799721410887949,-0.0460828968081885,-0.0253531322810359));
#5453=CARTESIAN_POINT('',(-0.0799721410887949,-0.0470828968081885,-0.0253531322810359));
#5454=CARTESIAN_POINT('',(-0.0721770880558007,-0.0460828968081885,-0.0285328059817005));
#5455=CARTESIAN_POINT('',(-0.0721770880558007,-0.0470828968081885,-0.0285328059817005));
#5456=CARTESIAN_POINT('',(-0.0673677585108931,-0.0460828968081885,-0.0319655560555418));
#5457=CARTESIAN_POINT('',(-0.0673677585108931,-0.0470828968081885,-0.0319655560555418));
#5458=CARTESIAN_POINT('',(-0.0637917168729694,-0.0460828968081885,-0.0366007827644443));
#5459=CARTESIAN_POINT('',(-0.0637917168729694,-0.0470828968081885,-0.0366007827644443));
#5460=CARTESIAN_POINT('',(-0.0623419290060854,-0.0460828968081885,-0.0404395786273581));
#5461=CARTESIAN_POINT('',(-0.0623419290060854,-0.0470828968081885,-0.0404395786273581));
#5462=CARTESIAN_POINT('',(-0.0618401980056073,-0.0460828968081885,-0.0425361949198821));
#5463=CARTESIAN_POINT('',(-0.0618401980056073,-0.0470828968081885,-0.0425361949198821));
#5464=CARTESIAN_POINT('',(-0.11192,-0.0460828968081885,-0.0229116002197381));
#5465=CARTESIAN_POINT('',(-0.104859702076309,-0.0460828968081885,-0.0229892378977753));
#5466=CARTESIAN_POINT('',(-0.092218751344664,-0.0460828968081885,-0.0233787100907659));
#5467=CARTESIAN_POINT('',(-0.0799721410887948,-0.0460828968081885,-0.0253531322810359));
#5468=CARTESIAN_POINT('',(-0.0721770880558007,-0.0460828968081885,-0.0285328059817005));
#5469=CARTESIAN_POINT('',(-0.0673677585108931,-0.0460828968081885,-0.0319655560555418));
#5470=CARTESIAN_POINT('',(-0.0637917168729694,-0.0460828968081885,-0.0366007827644443));
#5471=CARTESIAN_POINT('',(-0.0623419290060854,-0.0460828968081885,-0.0404395786273581));
#5472=CARTESIAN_POINT('',(-0.0618401980056073,-0.0460828968081885,-0.0425361949198821));
#5473=CARTESIAN_POINT('',(0.11192,-0.0460828968081885,-0.0508));
#5474=CARTESIAN_POINT('',(0.11192,-0.0470828968081886,-0.0209114487865318));
#5475=CARTESIAN_POINT('',(0.11192,-0.0467495634652372,-0.0212448028962472));
#5476=CARTESIAN_POINT('',(0.11192,-0.046416230131833,-0.021578157015509));
#5477=CARTESIAN_POINT('',(0.11192,-0.0460828968081885,-0.0219115111445301));
#5478=CARTESIAN_POINT('',(0.11192,-0.0460828968081885,-0.02191151114453));
#5479=CARTESIAN_POINT('',(0.11192,-0.0465828968081885,-0.0229116002197381));
#5480=CARTESIAN_POINT('',(0.11192,-0.0460828968081885,-0.0229116002197381));
#5481=CARTESIAN_POINT('',(0.11192,-0.0460828968081885,-0.0508));
#5482=CARTESIAN_POINT('',(0.11192,-0.0460828968081885,-0.0229116002197381));
#5483=CARTESIAN_POINT('',(0.11192,-0.0470828968081885,-0.0229116002197381));
#5484=CARTESIAN_POINT('',(0.104859702076309,-0.0460828968081885,-0.0229892378977753));
#5485=CARTESIAN_POINT('',(0.104859702076309,-0.0470828968081885,-0.0229892378977753));
#5486=CARTESIAN_POINT('',(0.092218751344664,-0.0460828968081885,-0.0233787100907659));
#5487=CARTESIAN_POINT('',(0.092218751344664,-0.0470828968081885,-0.0233787100907659));
#5488=CARTESIAN_POINT('',(0.0799721410887949,-0.0460828968081885,-0.0253531322810359));
#5489=CARTESIAN_POINT('',(0.0799721410887949,-0.0470828968081885,-0.0253531322810359));
#5490=CARTESIAN_POINT('',(0.0721770880558007,-0.0460828968081885,-0.0285328059817005));
#5491=CARTESIAN_POINT('',(0.0721770880558007,-0.0470828968081885,-0.0285328059817005));
#5492=CARTESIAN_POINT('',(0.0673677585108931,-0.0460828968081885,-0.0319655560555418));
#5493=CARTESIAN_POINT('',(0.0673677585108931,-0.0470828968081885,-0.0319655560555418));
#5494=CARTESIAN_POINT('',(0.0637917168729694,-0.0460828968081885,-0.0366007827644443));
#5495=CARTESIAN_POINT('',(0.0637917168729694,-0.0470828968081885,-0.0366007827644443));
#5496=CARTESIAN_POINT('',(0.0623419290060854,-0.0460828968081885,-0.0404395786273581));
#5497=CARTESIAN_POINT('',(0.0623419290060854,-0.0470828968081885,-0.0404395786273581));
#5498=CARTESIAN_POINT('',(0.0618401980056073,-0.0460828968081885,-0.0425361949198821));
#5499=CARTESIAN_POINT('',(0.0618401980056073,-0.0470828968081885,-0.0425361949198821));
#5500=CARTESIAN_POINT('',(0.0618401980056073,-0.0460828968081885,-0.0425361949198821));
#5501=CARTESIAN_POINT('',(0.0618401980056073,-0.0460828968081885,-0.0425361949198821));
#5502=CARTESIAN_POINT('',(0.11192,-0.0460828968081885,-0.0229116002197381));
#5503=CARTESIAN_POINT('',(0.104859702076309,-0.0460828968081885,-0.0229892378977753));
#5504=CARTESIAN_POINT('',(0.092218751344664,-0.0460828968081885,-0.0233787100907659));
#5505=CARTESIAN_POINT('',(0.0799721410887948,-0.0460828968081885,-0.0253531322810359));
#5506=CARTESIAN_POINT('',(0.0721770880558007,-0.0460828968081885,-0.0285328059817005));
#5507=CARTESIAN_POINT('',(0.0673677585108931,-0.0460828968081885,-0.0319655560555418));
#5508=CARTESIAN_POINT('',(0.0637917168729694,-0.0460828968081885,-0.0366007827644443));
#5509=CARTESIAN_POINT('',(0.0623419290060854,-0.0460828968081885,-0.0404395786273581));
#5510=CARTESIAN_POINT('',(0.0618401980056073,-0.0460828968081885,-0.0425361949198821));
#5511=CARTESIAN_POINT('',(0.0545850462359904,-0.0460828968081885,-0.0408));
#5512=CARTESIAN_POINT('',(0.0545850462359904,-0.0460828968081885,-0.04826));
#5513=CARTESIAN_POINT('',(0.0545850462359904,-0.0460828968081885,-0.04826));
#5514=CARTESIAN_POINT('',(0.0545850462359904,-0.0460828968081885,-0.0408));
#5515=CARTESIAN_POINT('',(-1.3756542064255E-17,-0.0460828968081885,-0.04826));
#5516=CARTESIAN_POINT('',(-1.3756542064255E-17,-0.0460828968081885,-0.04826));
#5517=CARTESIAN_POINT('',(-1.3756542064255E-17,-0.0460828968081885,-0.0508));
#5518=CARTESIAN_POINT('',(0.0608676575539156,-0.0460828968081885,-0.0423034610164146));
#5519=CARTESIAN_POINT('',(0.061450504376772,-0.0460828968081885,-0.0398678807084847));
#5520=CARTESIAN_POINT('',(0.06281715033191,-0.0460828968081885,-0.0363569464813259));
#5521=CARTESIAN_POINT('',(0.0658395393663902,-0.0460828968081885,-0.0323502927828421));
#5522=CARTESIAN_POINT('',(0.0685803847433925,-0.0460828968081885,-0.0298441542246286));
#5523=CARTESIAN_POINT('',(0.0717399311546082,-0.0460828968081885,-0.0278019843771708));
#5524=CARTESIAN_POINT('',(0.0751056254630581,-0.0460828968081885,-0.0262438087148474));
#5525=CARTESIAN_POINT('',(0.0786136589138254,-0.0460828968081885,-0.0250543679010599));
#5526=CARTESIAN_POINT('',(0.0834513388406034,-0.0460828968081885,-0.0238542341067201));
#5527=CARTESIAN_POINT('',(0.089580345937674,-0.0460828968081885,-0.02292465066161));
#5528=CARTESIAN_POINT('',(0.0994988942920888,-0.0460828968081885,-0.0221230521842829));
#5529=CARTESIAN_POINT('',(0.106950588510601,-0.0460828968081885,-0.0219670013475796));
#5530=CARTESIAN_POINT('',(0.11192,-0.0460828968081885,-0.0219115111445301));
#5531=CARTESIAN_POINT('',(0.0608676575539149,-0.0460828968081885,-0.0423034610164172));
#5532=CARTESIAN_POINT('',(0.000304098153732048,-0.0460828968081885,-0.023145597940664));
#5533=CARTESIAN_POINT('',(-0.111909004290564,-0.0460828968081885,-0.0219116606741452));
#5534=CARTESIAN_POINT('',(-0.0608676575539156,-0.0460828968081885,-0.0423034610164146));
#5535=CARTESIAN_POINT('',(-0.0614503126243318,-0.0460828968081885,-0.0398686819977223));
#5536=CARTESIAN_POINT('',(-0.0628152992342891,-0.0460828968081885,-0.0363575372930942));
#5537=CARTESIAN_POINT('',(-0.0658450359549808,-0.0460828968081885,-0.0323449771118339));
#5538=CARTESIAN_POINT('',(-0.0685753987759131,-0.0460828968081885,-0.029848157560397));
#5539=CARTESIAN_POINT('',(-0.0717396697037361,-0.0460828968081885,-0.0278024130768733));
#5540=CARTESIAN_POINT('',(-0.0762089064718937,-0.0460828968081885,-0.0257314696794252));
#5541=CARTESIAN_POINT('',(-0.0822174441835223,-0.0460828968081885,-0.0240415040395666));
#5542=CARTESIAN_POINT('',(-0.0895762761048744,-0.0460828968081885,-0.022925120149867));
#5543=CARTESIAN_POINT('',(-0.0994881529257365,-0.0460828968081885,-0.0221238272964826));
#5544=CARTESIAN_POINT('',(-0.106940464112627,-0.0460828968081885,-0.0219662966014577));
#5545=CARTESIAN_POINT('',(-0.111909004290567,-0.0460828968081885,-0.0219116606743785));
#5546=CARTESIAN_POINT('',(-0.0608676575539156,-0.0460828968081885,-0.0423034610164146));
#5547=CARTESIAN_POINT('',(-0.0545850462359904,-0.0460828968081885,-0.0408));
#5548=CARTESIAN_POINT('',(-0.0545850462359904,-0.0460828968081885,-0.04726));
#5549=CARTESIAN_POINT('',(-1.3756542064255E-17,-0.0460828968081885,-0.04726));
#5550=CARTESIAN_POINT('',(0.0545850462359904,-0.0460828968081885,-0.04726));
#5551=CARTESIAN_POINT('',(0.0545850462359904,-0.0460828968081885,-0.0408));
#5552=CARTESIAN_POINT('',(0.000315093863165038,-0.0470828968081885,-0.0221456583953044));
#5553=CARTESIAN_POINT('',(-0.111898008581134,-0.0470828968081885,-0.0209117211290188));
#5554=CARTESIAN_POINT('',(-0.111901673817611,-0.0467495634749597,-0.0212450343107008));
#5555=CARTESIAN_POINT('',(-0.111905339054087,-0.0464162301417309,-0.0215783474923828));
#5556=CARTESIAN_POINT('',(-0.111909004290564,-0.0460828968085022,-0.0219116606740648));
#5557=CARTESIAN_POINT('',(-0.0598951171022238,-0.0470828968081885,-0.042070727112947));
#5558=CARTESIAN_POINT('',(-0.0601687182435653,-0.0470828968082211,-0.0409274120497586));
#5559=CARTESIAN_POINT('',(-0.060503836315836,-0.0470828968081885,-0.0398348881309712));
#5560=CARTESIAN_POINT('',(-0.0610987888207912,-0.0470828968081885,-0.0382722889693866));
#5561=CARTESIAN_POINT('',(-0.0613124855551912,-0.0470828968081904,-0.0377641203682994));
#5562=CARTESIAN_POINT('',(-0.0616560995059193,-0.0470828968081876,-0.0370209141458122));
#5563=CARTESIAN_POINT('',(-0.0617744822976821,-0.0470828968081894,-0.0367763531848425));
#5564=CARTESIAN_POINT('',(-0.0619578236976066,-0.047082896808188,-0.0364142734131765));
#5565=CARTESIAN_POINT('',(-0.0620198986996287,-0.0470828968081885,-0.0362943737675854));
#5566=CARTESIAN_POINT('',(-0.0621459711077666,-0.0470828968081885,-0.0360561616996657));
#5567=CARTESIAN_POINT('',(-0.0622096485870097,-0.0470828968081885,-0.0359384280091456));
#5568=CARTESIAN_POINT('',(-0.0623402056570794,-0.0470828968081885,-0.0357022329241355));
#5569=CARTESIAN_POINT('',(-0.0624071180703463,-0.0470828968081885,-0.0355837596693071));
#5570=CARTESIAN_POINT('',(-0.0625422915786113,-0.0470828968081885,-0.0353495339500588));
#5571=CARTESIAN_POINT('',(-0.0626108725193983,-0.0470828968081885,-0.035233202783128));
#5572=CARTESIAN_POINT('',(-0.0628195979017213,-0.0470828968081885,-0.0348865543604234));
#5573=CARTESIAN_POINT('',(-0.062962724903222,-0.0470828968081885,-0.0346585821827291));
#5574=CARTESIAN_POINT('',(-0.0634040361475735,-0.0470828968081885,-0.0339840459619926));
#5575=CARTESIAN_POINT('',(-0.0637141506302742,-0.0470828968081885,-0.033546862231278));
#5576=CARTESIAN_POINT('',(-0.0643661935686349,-0.0470828968081885,-0.0326975089360783));
#5577=CARTESIAN_POINT('',(-0.0647081220242713,-0.0470828968081885,-0.0322853393715922));
#5578=CARTESIAN_POINT('',(-0.0652448751874503,-0.0470828968081885,-0.0316858456495403));
#5579=CARTESIAN_POINT('',(-0.0654277696551216,-0.0470828968081885,-0.0314891411796324));
#5580=CARTESIAN_POINT('',(-0.0657080764765639,-0.0470828968081885,-0.0311987746309399));
#5581=CARTESIAN_POINT('',(-0.0658025062703633,-0.0470828968081885,-0.0311027674740709));
#5582=CARTESIAN_POINT('',(-0.0659456422410465,-0.0470828968081885,-0.0309599292778082));
#5583=CARTESIAN_POINT('',(-0.0659936027779385,-0.0470828968081885,-0.0309125119688945));
#5584=CARTESIAN_POINT('',(-0.0660659164032693,-0.0470828968081885,-0.0308416791402845));
#5585=CARTESIAN_POINT('',(-0.066090083081713,-0.0470828968081885,-0.0308181170532077));
#5586=CARTESIAN_POINT('',(-0.0661385407119313,-0.0470828968081885,-0.0307710905906414));
#5587=CARTESIAN_POINT('',(-0.0661633384815172,-0.0470828968081885,-0.0307471389522743));
#5588=CARTESIAN_POINT('',(-0.0662110310227777,-0.0470828968081885,-0.0307012824386361));
#5589=CARTESIAN_POINT('',(-0.0662339225912391,-0.0470828968081885,-0.0306793724672135));
#5590=CARTESIAN_POINT('',(-0.0662808370286603,-0.0470828968081885,-0.0306346651964886));
#5591=CARTESIAN_POINT('',(-0.0663043531134821,-0.0470828968081885,-0.0306123552136316));
#5592=CARTESIAN_POINT('',(-0.0663750779662781,-0.0470828968081885,-0.0305455562225782));
#5593=CARTESIAN_POINT('',(-0.0664224633325825,-0.0470828968081885,-0.030501198171898));
#5594=CARTESIAN_POINT('',(-0.0665653258248247,-0.0470828968081885,-0.030368647849925));
#5595=CARTESIAN_POINT('',(-0.0666615093440834,-0.047082896808189,-0.0302809794086997));
#5596=CARTESIAN_POINT('',(-0.0669528854751594,-0.0470828968081876,-0.030020069405292));
#5597=CARTESIAN_POINT('',(-0.0671509036602754,-0.0470828968081894,-0.02984892316338));
#5598=CARTESIAN_POINT('',(-0.0677562605088147,-0.0470828968081867,-0.0293438657187167));
#5599=CARTESIAN_POINT('',(-0.0681749014654332,-0.0470828968081885,-0.0290183357970451));
#5600=CARTESIAN_POINT('',(-0.069042322827174,-0.0470828968081885,-0.0283896260365722));
#5601=CARTESIAN_POINT('',(-0.0694911032323068,-0.0470828968081866,-0.0280864461977693));
#5602=CARTESIAN_POINT('',(-0.0701868784263855,-0.0470828968081895,-0.027648439001722));
#5603=CARTESIAN_POINT('',(-0.0704225709221417,-0.0470828968081885,-0.0275052303633976));
#5604=CARTESIAN_POINT('',(-0.0707817608123763,-0.0470828968081885,-0.0272946080464492));
#5605=CARTESIAN_POINT('',(-0.0709024326335539,-0.047082896808188,-0.0272250990475565));
#5606=CARTESIAN_POINT('',(-0.071084853151966,-0.0470828968081888,-0.0271218832093517));
#5607=CARTESIAN_POINT('',(-0.0711458954558803,-0.0470828968081885,-0.0270876525399725));
#5608=CARTESIAN_POINT('',(-0.0712378121084111,-0.0470828968081885,-0.0270365684509375));
#5609=CARTESIAN_POINT('',(-0.0712685098586986,-0.0470828968081885,-0.0270195840737646));
#5610=CARTESIAN_POINT('',(-0.0713146447832962,-0.0470828968081885,-0.026994172986764));
#5611=CARTESIAN_POINT('',(-0.0713300378080226,-0.0470828968081885,-0.0269857135375568));
#5612=CARTESIAN_POINT('',(-0.071360853290531,-0.0470828968081885,-0.0269688164653952));
#5613=CARTESIAN_POINT('',(-0.0713768349020842,-0.0470828968081885,-0.0269600736425029));
#5614=CARTESIAN_POINT('',(-0.0714065909431601,-0.0470828968081885,-0.0269438306227229));
#5615=CARTESIAN_POINT('',(-0.0714203649885281,-0.0470828968081885,-0.0269363281911774));
#5616=CARTESIAN_POINT('',(-0.0714490600024478,-0.0470828968081885,-0.0269207299995071));
#5617=CARTESIAN_POINT('',(-0.0714634218254124,-0.0470828968081885,-0.0269129394869272));
#5618=CARTESIAN_POINT('',(-0.0715065502423197,-0.0470828968081885,-0.0268895936989527));
#5619=CARTESIAN_POINT('',(-0.0715353597842759,-0.0470828968081885,-0.0268740641733234));
#5620=CARTESIAN_POINT('',(-0.0716219602022018,-0.0470828968081885,-0.026827578595497));
#5621=CARTESIAN_POINT('',(-0.0716799228702251,-0.0470828968081885,-0.026796725542361));
#5622=CARTESIAN_POINT('',(-0.0718544980425167,-0.0470828968081885,-0.0267045783791993));
#5623=CARTESIAN_POINT('',(-0.0719717977150057,-0.0470828968081881,-0.0266436962654184));
#5624=CARTESIAN_POINT('',(-0.0723264454053596,-0.0470828968081894,-0.0264626979090572));
#5625=CARTESIAN_POINT('',(-0.0725665420961035,-0.0470828968081876,-0.0263442296514591));
#5626=CARTESIAN_POINT('',(-0.073297826859883,-0.0470828968081904,-0.0259954168185909));
#5627=CARTESIAN_POINT('',(-0.0738000096244442,-0.0470828968081885,-0.0257716641832477));
#5628=CARTESIAN_POINT('',(-0.0748336943310032,-0.0470828968081885,-0.0253417374190317));
#5629=CARTESIAN_POINT('',(-0.0753651962729909,-0.0470828968081905,-0.0251355632901591));
#5630=CARTESIAN_POINT('',(-0.0761844385690594,-0.0470828968081875,-0.0248394859767046));
#5631=CARTESIAN_POINT('',(-0.0764611842315835,-0.0470828968081895,-0.024742990852195));
#5632=CARTESIAN_POINT('',(-0.0768818000711586,-0.047082896808188,-0.0246015441353938));
#5633=CARTESIAN_POINT('',(-0.077022921575307,-0.0470828968081885,-0.0245549445581208));
#5634=CARTESIAN_POINT('',(-0.0772359781679724,-0.0470828968081885,-0.024485869184702));
#5635=CARTESIAN_POINT('',(-0.0773072260882688,-0.0470828968081885,-0.0244629813923108));
#5636=CARTESIAN_POINT('',(-0.0774144415528237,-0.0470828968081885,-0.0244288557018469));
#5637=CARTESIAN_POINT('',(-0.0774502373050271,-0.0470828968081885,-0.0244175148047126));
#5638=CARTESIAN_POINT('',(-0.0775040168293592,-0.0470828968081885,-0.024400554958542));
#5639=CARTESIAN_POINT('',(-0.0775219576534749,-0.0470828968081885,-0.0243949102597402));
#5640=CARTESIAN_POINT('',(-0.0775578679337147,-0.0470828968081885,-0.0243836380286469));
#5641=CARTESIAN_POINT('',(-0.0775765382608035,-0.0470828968081885,-0.0243777915307059));
#5642=CARTESIAN_POINT('',(-0.0776111040631341,-0.0470828968081885,-0.0243669915639321));
#5643=CARTESIAN_POINT('',(-0.0776270002781578,-0.0470828968081885,-0.0243620360253064));
#5644=CARTESIAN_POINT('',(-0.0776602246502701,-0.0470828968081885,-0.0243516997958891));
#5645=CARTESIAN_POINT('',(-0.0776768519216336,-0.0470828968081885,-0.0243465381120455));
#5646=CARTESIAN_POINT('',(-0.0777267789916478,-0.0470828968081885,-0.0243310723531099));
#5647=CARTESIAN_POINT('',(-0.0777601240462212,-0.0470828968081885,-0.0243207875706133));
#5648=CARTESIAN_POINT('',(-0.0778603402336332,-0.0470828968081885,-0.0242900103935041));
#5649=CARTESIAN_POINT('',(-0.0779273923901639,-0.0470828968081885,-0.0242695951692724));
#5650=CARTESIAN_POINT('',(-0.0781292729545231,-0.0470828968081885,-0.0242086581781015));
#5651=CARTESIAN_POINT('',(-0.078264825457121,-0.047082896808188,-0.0241684450926852));
#5652=CARTESIAN_POINT('',(-0.078674379343978,-0.0470828968081895,-0.0240490405625338));
#5653=CARTESIAN_POINT('',(-0.0789512771073153,-0.0470828968081875,-0.0239710838438914));
#5654=CARTESIAN_POINT('',(-0.079793555913602,-0.0470828968081905,-0.0237421525923426));
#5655=CARTESIAN_POINT('',(-0.0803705224728392,-0.0470828968081885,-0.0235961169638178));
#5656=CARTESIAN_POINT('',(-0.0815553503013981,-0.0470828968081885,-0.0233172161184414));
#5657=CARTESIAN_POINT('',(-0.0821632115707237,-0.0470828968081907,-0.0231843509015936));
#5658=CARTESIAN_POINT('',(-0.0830981745072762,-0.0470828968081874,-0.0229949308850769));
#5659=CARTESIAN_POINT('',(-0.0834136906582222,-0.0470828968081885,-0.0229334371810326));
#5660=CARTESIAN_POINT('',(-0.0838927576427813,-0.0470828968081885,-0.0228436660771523));
#5661=CARTESIAN_POINT('',(-0.084053412097325,-0.0470828968081885,-0.0228141539512249));
#5662=CARTESIAN_POINT('',(-0.0842958419686757,-0.0470828968081885,-0.0227705031253799));
#5663=CARTESIAN_POINT('',(-0.0843768932907152,-0.0470828968081885,-0.0227560557439399));
#5664=CARTESIAN_POINT('',(-0.0844988323211581,-0.0470828968081885,-0.0227345390125409));
#5665=CARTESIAN_POINT('',(-0.0845395390058702,-0.0470828968081885,-0.0227273924922018));
#5666=CARTESIAN_POINT('',(-0.0846006895447832,-0.0470828968081885,-0.0227167112968834));
#5667=CARTESIAN_POINT('',(-0.0846210881430622,-0.0470828968081885,-0.022713157329309));
#5668=CARTESIAN_POINT('',(-0.0846619155102349,-0.0470828968081885,-0.0227060622558903));
#5669=CARTESIAN_POINT('',(-0.0846831698804206,-0.0470828968081885,-0.0227023784182652));
#5670=CARTESIAN_POINT('',(-0.0847224063862413,-0.0470828968081885,-0.0226955945318687));
#5671=CARTESIAN_POINT('',(-0.0847403903604719,-0.0470828968081885,-0.022692492844489));
#5672=CARTESIAN_POINT('',(-0.0847780435591153,-0.0470828968081885,-0.0226860134126174));
#5673=CARTESIAN_POINT('',(-0.0847968871489379,-0.0470828968081885,-0.0226827784295837));
#5674=CARTESIAN_POINT('',(-0.0848534688899102,-0.0470828968081885,-0.0226730876791889));
#5675=CARTESIAN_POINT('',(-0.084891258012561,-0.0470828968081885,-0.022666646110534));
#5676=CARTESIAN_POINT('',(-0.0850048292665264,-0.0470828968081885,-0.0226473781993953));
#5677=CARTESIAN_POINT('',(-0.0850808152838511,-0.0470828968081885,-0.0226346086517362));
#5678=CARTESIAN_POINT('',(-0.0853095888798777,-0.0470828968081885,-0.0225965271880612));
#5679=CARTESIAN_POINT('',(-0.0854631920026184,-0.0470828968081885,-0.0225714424513458));
#5680=CARTESIAN_POINT('',(-0.0859272635470354,-0.0470828968081885,-0.0224970969584058));
#5681=CARTESIAN_POINT('',(-0.0862409941448908,-0.0470828968081885,-0.0224487449193849));
#5682=CARTESIAN_POINT('',(-0.0871952346431908,-0.0470828968081885,-0.0223073236711476));
#5683=CARTESIAN_POINT('',(-0.0878487932483795,-0.0470828968081885,-0.0222178893307462));
#5684=CARTESIAN_POINT('',(-0.0891907070047095,-0.0470828968081885,-0.0220487136334725));
#5685=CARTESIAN_POINT('',(-0.0898790621558589,-0.0470828968081885,-0.0219689722765945));
#5686=CARTESIAN_POINT('',(-0.0909376922920589,-0.0470828968081885,-0.0218566299789189));
#5687=CARTESIAN_POINT('',(-0.0912949185723703,-0.0470828968081885,-0.0218203941693012));
#5688=CARTESIAN_POINT('',(-0.0918372823452045,-0.0470828968081885,-0.0217678578892843));
#5689=CARTESIAN_POINT('',(-0.0920191576615466,-0.0470828968081885,-0.0217506487016805));
#5690=CARTESIAN_POINT('',(-0.0922936017241457,-0.0470828968081885,-0.0217252892788771));
#5691=CARTESIAN_POINT('',(-0.0923853549263617,-0.0470828968081885,-0.0217169118643764));
#5692=CARTESIAN_POINT('',(-0.0925233925017101,-0.0470828968081885,-0.0217044593322762));
#5693=CARTESIAN_POINT('',(-0.0925694729888294,-0.0470828968081885,-0.0217003274198511));
#5694=CARTESIAN_POINT('',(-0.092638695662514,-0.0470828968081885,-0.0216941579486263));
#5695=CARTESIAN_POINT('',(-0.092661786877577,-0.0470828968081885,-0.0216921061911201));
#5696=CARTESIAN_POINT('',(-0.0927080032887038,-0.0470828968081885,-0.021688012141912));
#5697=CARTESIAN_POINT('',(-0.0927322142073421,-0.0470828968081885,-0.0216858742662203));
#5698=CARTESIAN_POINT('',(-0.092776327135326,-0.0470828968081885,-0.0216819903166001));
#5699=CARTESIAN_POINT('',(-0.0927962323528315,-0.0470828968081885,-0.0216802428975692));
#5700=CARTESIAN_POINT('',(-0.0928382549450631,-0.0470828968081885,-0.0216765635351583));
#5701=CARTESIAN_POINT('',(-0.0928592865447574,-0.0470828968081885,-0.0216747271977629));
#5702=CARTESIAN_POINT('',(-0.092922442254573,-0.0470828968081885,-0.0216692282170068));
#5703=CARTESIAN_POINT('',(-0.09296462727543,-0.0470828968081885,-0.021665575605076));
#5704=CARTESIAN_POINT('',(-0.0930914259809373,-0.0470828968081885,-0.0216546578950045));
#5705=CARTESIAN_POINT('',(-0.0931762833085254,-0.0470828968081885,-0.0216474329225839));
#5706=CARTESIAN_POINT('',(-0.0934318298630372,-0.0470828968081885,-0.0216259185082028));
#5707=CARTESIAN_POINT('',(-0.0936034936617124,-0.0470828968081885,-0.021611789569124));
#5708=CARTESIAN_POINT('',(-0.0941223833447297,-0.0470828968081885,-0.0215700447634147));
#5709=CARTESIAN_POINT('',(-0.0944735075160702,-0.0470828968081885,-0.0215430709083076));
#5710=CARTESIAN_POINT('',(-0.0955424731780903,-0.0470828968081885,-0.0214647173890887));
#5711=CARTESIAN_POINT('',(-0.0962759078167434,-0.0470828968081885,-0.021415905771079));
#5712=CARTESIAN_POINT('',(-0.0977843588220256,-0.0470828968081885,-0.0213251306579964));
#5713=CARTESIAN_POINT('',(-0.0985593751886388,-0.0470828968081885,-0.0212831671629237));
#5714=CARTESIAN_POINT('',(-0.0997530860345658,-0.0470828968081885,-0.0212253580125174));
#5715=CARTESIAN_POINT('',(-0.100156187365857,-0.0470828968081885,-0.0212069443110821));
#5716=CARTESIAN_POINT('',(-0.100768635936803,-0.0470828968081885,-0.0211806077819813));
#5717=CARTESIAN_POINT('',(-0.10097408488945,-0.0470828968081885,-0.0211720429427888));
#5718=CARTESIAN_POINT('',(-0.101284207461916,-0.0470828968081885,-0.0211595166897637));
#5719=CARTESIAN_POINT('',(-0.10138790650999,-0.0470828968081885,-0.0211553947730491));
#5720=CARTESIAN_POINT('',(-0.101543942367972,-0.0470828968081885,-0.0211492921494175));
#5721=CARTESIAN_POINT('',(-0.101596035534946,-0.0470828968081885,-0.0211472713167806));
#5722=CARTESIAN_POINT('',(-0.101674297106875,-0.0470828968081885,-0.0211442601306852));
#5723=CARTESIAN_POINT('',(-0.101700404601096,-0.0470828968081885,-0.0211432597457968));
#5724=CARTESIAN_POINT('',(-0.101739596297795,-0.0470828968081885,-0.0211417641841792));
#5725=CARTESIAN_POINT('',(-0.101752665272589,-0.0470828968081885,-0.0211412664995925));
#5726=CARTESIAN_POINT('',(-0.101778813373966,-0.0470828968081885,-0.0211402728023242));
#5727=CARTESIAN_POINT('',(-0.10179278115271,-0.0470828968081885,-0.0211397431618303));
#5728=CARTESIAN_POINT('',(-0.101817172253344,-0.0470828968081885,-0.0211388200639963));
#5729=CARTESIAN_POINT('',(-0.10182759754453,-0.0470828968081885,-0.0211384263037643));
#5730=CARTESIAN_POINT('',(-0.101850239891488,-0.0470828968081885,-0.0211375725369072));
#5731=CARTESIAN_POINT('',(-0.101861568233451,-0.0470828968081885,-0.021137146167576));
#5732=CARTESIAN_POINT('',(-0.101895574764795,-0.0470828968081885,-0.0211358686018741));
#5733=CARTESIAN_POINT('',(-0.10191827445963,-0.0470828968081885,-0.0211350189477955));
#5734=CARTESIAN_POINT('',(-0.10198645956595,-0.0470828968081885,-0.0211324761547272));
#5735=CARTESIAN_POINT('',(-0.102032030999253,-0.0470828968081885,-0.0211307891849052));
#5736=CARTESIAN_POINT('',(-0.102169089386425,-0.0470828968081885,-0.0211257529521095));
#5737=CARTESIAN_POINT('',(-0.102260920427562,-0.0470828968081885,-0.021122428365807));
#5738=CARTESIAN_POINT('',(-0.102537789900027,-0.0470828968081885,-0.02111255331358));
#5739=CARTESIAN_POINT('',(-0.102724204680422,-0.0470828968081885,-0.021106101554339));
#5740=CARTESIAN_POINT('',(-0.103288954417851,-0.0470828968081885,-0.0210871411033453));
#5741=CARTESIAN_POINT('',(-0.103672794771134,-0.0470828968081885,-0.0210750272383218));
#5742=CARTESIAN_POINT('',(-0.104846337415949,-0.0470828968081885,-0.0210402649501648));
#5743=CARTESIAN_POINT('',(-0.105658061292488,-0.0470828968081885,-0.0210191958339537));
#5744=CARTESIAN_POINT('',(-0.108181319262006,-0.0470828968081885,-0.0209623057129766));
#5745=CARTESIAN_POINT('',(-0.109980939694952,-0.0470828968081885,-0.020932801935885));
#5746=CARTESIAN_POINT('',(-0.111898008581134,-0.0470828968081885,-0.0209117211290188));
#5747=CARTESIAN_POINT('',(-0.0608676575539274,-0.0460828968081764,-0.0423034610164174));
#5748=CARTESIAN_POINT('',(-0.0611318068120102,-0.046082896808209,-0.0411996431589577));
#5749=CARTESIAN_POINT('',(-0.0614544691419999,-0.0460828968081764,-0.0401484796053976));
#5750=CARTESIAN_POINT('',(-0.0620253004944002,-0.0460828968081764,-0.0386492328835193));
#5751=CARTESIAN_POINT('',(-0.0622300537144283,-0.0460828968081783,-0.0381623961459119));
#5752=CARTESIAN_POINT('',(-0.0625588389843362,-0.0460828968081754,-0.0374512630328553));
#5753=CARTESIAN_POINT('',(-0.0626720438551808,-0.0460828968081773,-0.0372174052146725));
#5754=CARTESIAN_POINT('',(-0.0628472639545186,-0.0460828968081759,-0.0368713641481787));
#5755=CARTESIAN_POINT('',(-0.0629065728275818,-0.0460828968081764,-0.0367568080494707));
#5756=CARTESIAN_POINT('',(-0.0630269951196244,-0.0460828968081764,-0.0365292717975968));
#5757=CARTESIAN_POINT('',(-0.0630878017344762,-0.0460828968081764,-0.0364168466364016));
#5758=CARTESIAN_POINT('',(-0.063212447281901,-0.0460828968081764,-0.0361913462814899));
#5759=CARTESIAN_POINT('',(-0.0632763193292932,-0.0460828968081764,-0.0360782566495544));
#5760=CARTESIAN_POINT('',(-0.0634053229096392,-0.0460828968081764,-0.0358547220473868));
#5761=CARTESIAN_POINT('',(-0.0634707611644638,-0.0460828968081764,-0.0357437221188991));
#5762=CARTESIAN_POINT('',(-0.0636698877976159,-0.0460828968081764,-0.0354130151749983));
#5763=CARTESIAN_POINT('',(-0.0638063878557381,-0.0460828968081764,-0.0351956009702508));
#5764=CARTESIAN_POINT('',(-0.0642271615703551,-0.0460828968081764,-0.0345524559906485));
#5765=CARTESIAN_POINT('',(-0.064522705997121,-0.0460828968081764,-0.0341358214937323));
#5766=CARTESIAN_POINT('',(-0.065144064083395,-0.0460828968081764,-0.0333264383886817));
#5767=CARTESIAN_POINT('',(-0.0654698784413855,-0.0460828968081764,-0.0329336887781874));
#5768=CARTESIAN_POINT('',(-0.0659815216644657,-0.0460828968081764,-0.0323622400728855));
#5769=CARTESIAN_POINT('',(-0.0661558902446445,-0.0460828968081764,-0.0321747036550476));
#5770=CARTESIAN_POINT('',(-0.0664232058191391,-0.0460828968081764,-0.0318977945867044));
#5771=CARTESIAN_POINT('',(-0.0665132714847938,-0.0460828968081764,-0.0318062241987568));
#5772=CARTESIAN_POINT('',(-0.0666498148046547,-0.0460828968081764,-0.0316699649382292));
#5773=CARTESIAN_POINT('',(-0.0666955700492321,-0.0460828968081764,-0.0316247279077452));
#5774=CARTESIAN_POINT('',(-0.0667645646454553,-0.0460828968081764,-0.0315571461430808));
#5775=CARTESIAN_POINT('',(-0.0667876231324714,-0.0460828968081764,-0.0315346645185511));
#5776=CARTESIAN_POINT('',(-0.0668338607707468,-0.0460828968081764,-0.0314897924817706));
#5777=CARTESIAN_POINT('',(-0.0668575262611258,-0.0460828968081764,-0.0314669344950766));
#5778=CARTESIAN_POINT('',(-0.0669030326376651,-0.0460828968081764,-0.0314231799847692));
#5779=CARTESIAN_POINT('',(-0.0669248705806616,-0.0460828968081764,-0.0314022784661425));
#5780=CARTESIAN_POINT('',(-0.0669696339065983,-0.0460828968081764,-0.0313596211043342));
#5781=CARTESIAN_POINT('',(-0.0669920729813424,-0.0460828968081764,-0.0313383328881083));
#5782=CARTESIAN_POINT('',(-0.0670595625631348,-0.0460828968081764,-0.0312745895815907));
#5783=CARTESIAN_POINT('',(-0.0671047854276774,-0.0460828968081764,-0.0312322558328131));
#5784=CARTESIAN_POINT('',(-0.0672411444309371,-0.0460828968081764,-0.0311057395618062));
#5785=CARTESIAN_POINT('',(-0.0673329709792573,-0.0460828968081768,-0.0310220420044743));
#5786=CARTESIAN_POINT('',(-0.0676112201112265,-0.0460828968081755,-0.0307728864483945));
#5787=CARTESIAN_POINT('',(-0.0678004122027314,-0.0460828968081773,-0.0306093654016742));
#5788=CARTESIAN_POINT('',(-0.0683791289331986,-0.0460828968081746,-0.0301265341695378));
#5789=CARTESIAN_POINT('',(-0.0687797949341006,-0.0460828968081764,-0.0298149535034372));
#5790=CARTESIAN_POINT('',(-0.0696111555762565,-0.0460828968081764,-0.0292123806671871));
#5791=CARTESIAN_POINT('',(-0.070041850767628,-0.0460828968081745,-0.028921388990269));
#5792=CARTESIAN_POINT('',(-0.0707106285564211,-0.0460828968081773,-0.0285003773093052));
#5793=CARTESIAN_POINT('',(-0.0709373433225624,-0.0460828968081764,-0.0283626198895346));
#5794=CARTESIAN_POINT('',(-0.0712831220293287,-0.0460828968081764,-0.0281598616428618));
#5795=CARTESIAN_POINT('',(-0.0713993326667337,-0.0460828968081759,-0.0280929218989059));
#5796=CARTESIAN_POINT('',(-0.071575077913282,-0.0460828968081766,-0.0279934830140157));
#5797=CARTESIAN_POINT('',(-0.0716338978756075,-0.0460828968081764,-0.0279604985088629));
#5798=CARTESIAN_POINT('',(-0.0717224854608585,-0.0460828968081764,-0.0279112646000174));
#5799=CARTESIAN_POINT('',(-0.0717520742627983,-0.0460828968081764,-0.0278948937719556));
#5800=CARTESIAN_POINT('',(-0.0717965469152838,-0.0460828968081764,-0.0278703982633739));
#5801=CARTESIAN_POINT('',(-0.0718113860410331,-0.0460828968081764,-0.0278622432161018));
#5802=CARTESIAN_POINT('',(-0.0718410941155166,-0.0460828968081764,-0.0278459533696531));
#5803=CARTESIAN_POINT('',(-0.0718565037043008,-0.0460828968081764,-0.027837523475747));
#5804=CARTESIAN_POINT('',(-0.0718851901510653,-0.0460828968081764,-0.0278218643185598));
#5805=CARTESIAN_POINT('',(-0.0718984667095153,-0.0460828968081764,-0.0278146328586794));
#5806=CARTESIAN_POINT('',(-0.0719261303031423,-0.0460828968081764,-0.0277995953320603));
#5807=CARTESIAN_POINT('',(-0.0719399767046465,-0.0460828968081764,-0.0277920844068439));
#5808=CARTESIAN_POINT('',(-0.0719815597300037,-0.0460828968081764,-0.0277695751527865));
#5809=CARTESIAN_POINT('',(-0.0720093401747202,-0.0460828968081764,-0.0277546003455244));
#5810=CARTESIAN_POINT('',(-0.0720928568455328,-0.0460828968081764,-0.0277097700687937));
#5811=CARTESIAN_POINT('',(-0.0721487684086797,-0.0460828968081764,-0.0276800087442676));
#5812=CARTESIAN_POINT('',(-0.0723172048570767,-0.0460828968081764,-0.0275911018241827));
#5813=CARTESIAN_POINT('',(-0.0724304315075393,-0.0460828968081759,-0.0275323332808271));
#5814=CARTESIAN_POINT('',(-0.0727729215730674,-0.0460828968081773,-0.0273575397022612));
#5815=CARTESIAN_POINT('',(-0.0730049951969849,-0.0460828968081755,-0.0272430267085131));
#5816=CARTESIAN_POINT('',(-0.0737124777577733,-0.0460828968081783,-0.0269055672010251));
#5817=CARTESIAN_POINT('',(-0.0741991496908143,-0.0460828968081764,-0.0266887002694012));
#5818=CARTESIAN_POINT('',(-0.0752026048736593,-0.0460828968081764,-0.026271346469896));
#5819=CARTESIAN_POINT('',(-0.0757193878297206,-0.0460828968081784,-0.0260708598502158));
#5820=CARTESIAN_POINT('',(-0.0765171747867947,-0.0460828968081754,-0.0257825365787227));
#5821=CARTESIAN_POINT('',(-0.0767868722555626,-0.0460828968081774,-0.0256884965248043));
#5822=CARTESIAN_POINT('',(-0.0771970727000674,-0.0460828968081759,-0.0255505523471387));
#5823=CARTESIAN_POINT('',(-0.0773347485415175,-0.0460828968081764,-0.0255050902653972));
#5824=CARTESIAN_POINT('',(-0.0775426759186389,-0.0460828968081764,-0.025437677842067));
#5825=CARTESIAN_POINT('',(-0.0776122206460851,-0.0460828968081764,-0.0254153371503963));
#5826=CARTESIAN_POINT('',(-0.0777168911426959,-0.0460828968081764,-0.0253820214996858));
#5827=CARTESIAN_POINT('',(-0.0777518402090956,-0.0460828968081764,-0.0253709488472177));
#5828=CARTESIAN_POINT('',(-0.0778043521599527,-0.0460828968081764,-0.0253543887414957));
#5829=CARTESIAN_POINT('',(-0.0778218708687791,-0.0460828968081764,-0.0253488768517488));
#5830=CARTESIAN_POINT('',(-0.0778569377368077,-0.0460828968081764,-0.0253378693676112));
#5831=CARTESIAN_POINT('',(-0.0778751711322834,-0.0460828968081764,-0.0253321596921392));
#5832=CARTESIAN_POINT('',(-0.0779089264284599,-0.0460828968081764,-0.0253216129652214));
#5833=CARTESIAN_POINT('',(-0.0779244491421605,-0.0460828968081764,-0.0253167738631423));
#5834=CARTESIAN_POINT('',(-0.0779568962139577,-0.0460828968081764,-0.0253066794548308));
#5835=CARTESIAN_POINT('',(-0.0779731353195601,-0.0460828968081764,-0.0253016382705925));
#5836=CARTESIAN_POINT('',(-0.0780218993427696,-0.0460828968081764,-0.0252865327851827));
#5837=CARTESIAN_POINT('',(-0.0780544709667865,-0.0460828968081764,-0.025276486551325));
#5838=CARTESIAN_POINT('',(-0.0781523726425997,-0.0460828968081764,-0.025246420178881));
#5839=CARTESIAN_POINT('',(-0.078217889498245,-0.0460828968081764,-0.0252264723696344));
#5840=CARTESIAN_POINT('',(-0.0784151871025638,-0.0460828968081764,-0.025166918730036));
#5841=CARTESIAN_POINT('',(-0.078547714889737,-0.0460828968081759,-0.0251276026912573));
#5842=CARTESIAN_POINT('',(-0.078948284937334,-0.0460828968081774,-0.0250108173795838));
#5843=CARTESIAN_POINT('',(-0.0792193138964222,-0.0460828968081754,-0.0249345109637729));
#5844=CARTESIAN_POINT('',(-0.0800443352655877,-0.0460828968081784,-0.0247102702810195));
#5845=CARTESIAN_POINT('',(-0.0806102622380899,-0.0460828968081764,-0.024567015324006));
#5846=CARTESIAN_POINT('',(-0.08177387264685,-0.0460828968081764,-0.024293108922706));
#5847=CARTESIAN_POINT('',(-0.0823715559630934,-0.0460828968081786,-0.0241624573540126));
#5848=CARTESIAN_POINT('',(-0.0832918456760417,-0.0460828968081753,-0.0239760100780765));
#5849=CARTESIAN_POINT('',(-0.0836025697078771,-0.0460828968081764,-0.0239154491695258));
#5850=CARTESIAN_POINT('',(-0.0840745905084849,-0.0460828968081764,-0.0238269984315506));
#5851=CARTESIAN_POINT('',(-0.0842329199020315,-0.0460828968081764,-0.023797913280892));
#5852=CARTESIAN_POINT('',(-0.0844718968900401,-0.0460828968081764,-0.0237548841656011));
#5853=CARTESIAN_POINT('',(-0.0845518030357558,-0.0460828968081764,-0.0237406408951086));
#5854=CARTESIAN_POINT('',(-0.0846720328807627,-0.0460828968081764,-0.0237194257577428));
#5855=CARTESIAN_POINT('',(-0.0847121712668448,-0.0460828968081764,-0.0237123790066519));
#5856=CARTESIAN_POINT('',(-0.0847724714903781,-0.0460828968081764,-0.0237018463363478));
#5857=CARTESIAN_POINT('',(-0.0847925870056256,-0.0460828968081764,-0.0236983416889662));
#5858=CARTESIAN_POINT('',(-0.0848328489155619,-0.0460828968081764,-0.0236913448820019));
#5859=CARTESIAN_POINT('',(-0.0848538100754089,-0.0460828968081764,-0.0236877118640086));
#5860=CARTESIAN_POINT('',(-0.0848925042118894,-0.0460828968081764,-0.0236810217518049));
#5861=CARTESIAN_POINT('',(-0.0849102390887335,-0.0460828968081764,-0.0236779630261157));
#5862=CARTESIAN_POINT('',(-0.0849473732535547,-0.0460828968081764,-0.0236715729105417));
#5863=CARTESIAN_POINT('',(-0.0849659577419607,-0.0460828968081764,-0.0236683824086144));
#5864=CARTESIAN_POINT('',(-0.0850217634199278,-0.0460828968081764,-0.0236588245744707));
#5865=CARTESIAN_POINT('',(-0.0850590368222302,-0.0460828968081764,-0.0236524709139012));
#5866=CARTESIAN_POINT('',(-0.0851710658385104,-0.0460828968081764,-0.0236334646508267));
#5867=CARTESIAN_POINT('',(-0.0852460302617395,-0.0460828968081764,-0.0236208667671231));
#5868=CARTESIAN_POINT('',(-0.0854717584402795,-0.0460828968081764,-0.0235832922411263));
#5869=CARTESIAN_POINT('',(-0.0856233571024914,-0.0460828968081764,-0.0235585347265508));
#5870=CARTESIAN_POINT('',(-0.0860814901637298,-0.0460828968081764,-0.0234851405943766));
#5871=CARTESIAN_POINT('',(-0.0863913616075872,-0.0460828968081764,-0.0234373824255739));
#5872=CARTESIAN_POINT('',(-0.0873343048107562,-0.0460828968081764,-0.0232976354697033));
#5873=CARTESIAN_POINT('',(-0.0879807050134011,-0.0460828968081764,-0.0232091747062527));
#5874=CARTESIAN_POINT('',(-0.0893089560176137,-0.0460828968081764,-0.0230417214785573));
#5875=CARTESIAN_POINT('',(-0.0899908068821142,-0.0460828968081764,-0.0229627288868027));
#5876=CARTESIAN_POINT('',(-0.0910401117811994,-0.0460828968081764,-0.0228513761874108));
#5877=CARTESIAN_POINT('',(-0.0913943016098058,-0.0460828968081764,-0.0228154478909809));
#5878=CARTESIAN_POINT('',(-0.0919322120167365,-0.0460828968081764,-0.0227633429880032));
#5879=CARTESIAN_POINT('',(-0.0921126197683171,-0.0460828968081764,-0.0227462726058599));
#5880=CARTESIAN_POINT('',(-0.0923848870366325,-0.0460828968081764,-0.0227211143251261));
#5881=CARTESIAN_POINT('',(-0.092475918733206,-0.0460828968081764,-0.0227128027800272));
#5882=CARTESIAN_POINT('',(-0.0926128800936287,-0.0460828968081764,-0.0227004473345421));
#5883=CARTESIAN_POINT('',(-0.092658602849715,-0.0460828968081764,-0.0226963474980579));
#5884=CARTESIAN_POINT('',(-0.092727290426036,-0.0460828968081764,-0.022690225717389));
#5885=CARTESIAN_POINT('',(-0.0927502035251769,-0.0460828968081764,-0.0226881897861744));
#5886=CARTESIAN_POINT('',(-0.0927960642022505,-0.0460828968081764,-0.0226841272494246));
#5887=CARTESIAN_POINT('',(-0.0928200894432215,-0.0460828968081764,-0.0226820057694371));
#5888=CARTESIAN_POINT('',(-0.0928638637498735,-0.0460828968081764,-0.0226781516339363));
#5889=CARTESIAN_POINT('',(-0.0928836160759774,-0.0460828968081764,-0.0226764176367388));
#5890=CARTESIAN_POINT('',(-0.0929253173685805,-0.0460828968081764,-0.0226727664062854));
#5891=CARTESIAN_POINT('',(-0.0929461886187299,-0.0460828968081764,-0.0226709440694199));
#5892=CARTESIAN_POINT('',(-0.0930088641758515,-0.0460828968081764,-0.0226654868956585));
#5893=CARTESIAN_POINT('',(-0.0930507302894925,-0.0460828968081764,-0.0226618618956027));
#5894=CARTESIAN_POINT('',(-0.0931765758185726,-0.0460828968081764,-0.0226510262565891));
#5895=CARTESIAN_POINT('',(-0.0932608024220039,-0.0460828968081764,-0.0226438549788722));
#5896=CARTESIAN_POINT('',(-0.0935144706826503,-0.0460828968081764,-0.0226224986976842));
#5897=CARTESIAN_POINT('',(-0.0936849007876028,-0.0460828968081764,-0.0226084712475027));
#5898=CARTESIAN_POINT('',(-0.0942001425792768,-0.0460828968081764,-0.0225670199155714));
#5899=CARTESIAN_POINT('',(-0.094548905704999,-0.0460828968081764,-0.0225402270708116));
#5900=CARTESIAN_POINT('',(-0.09561098378888,-0.0460828968081764,-0.0224623784003504));
#5901=CARTESIAN_POINT('',(-0.0963400869616223,-0.0460828968081764,-0.0224138526592342));
#5902=CARTESIAN_POINT('',(-0.0978403177437536,-0.0460828968081764,-0.0223235722202809));
#5903=CARTESIAN_POINT('',(-0.0986114454716184,-0.0460828968081764,-0.0222818174517545));
#5904=CARTESIAN_POINT('',(-0.0997996080122373,-0.0460828968081764,-0.0222242769952434));
#5905=CARTESIAN_POINT('',(-0.100200907451663,-0.0460828968081764,-0.0222059454168871));
#5906=CARTESIAN_POINT('',(-0.100810719376148,-0.0460828968081764,-0.0221797222689241));
#5907=CARTESIAN_POINT('',(-0.101015300483761,-0.0460828968081764,-0.0221711935874913));
#5908=CARTESIAN_POINT('',(-0.101324137248614,-0.0460828968081764,-0.0221587192699037));
#5909=CARTESIAN_POINT('',(-0.101427410354437,-0.0460828968081764,-0.0221546142813557));
#5910=CARTESIAN_POINT('',(-0.101582811217619,-0.0460828968081764,-0.0221485364926199));
#5911=CARTESIAN_POINT('',(-0.101634693372773,-0.0460828968081764,-0.0221465238453827));
#5912=CARTESIAN_POINT('',(-0.101712639397819,-0.0460828968081764,-0.0221435248002444));
#5913=CARTESIAN_POINT('',(-0.101738641871554,-0.0460828968081764,-0.0221425284394841));
#5914=CARTESIAN_POINT('',(-0.101777676279144,-0.0460828968081764,-0.022141038880045));
#5915=CARTESIAN_POINT('',(-0.101790692864506,-0.0460828968081764,-0.0221405431905153));
#5916=CARTESIAN_POINT('',(-0.101816736267376,-0.0460828968081764,-0.0221395534720683));
#5917=CARTESIAN_POINT('',(-0.10183064870651,-0.0460828968081764,-0.0221390259300171));
#5918=CARTESIAN_POINT('',(-0.101854941330244,-0.0460828968081764,-0.0221381065591061));
#5919=CARTESIAN_POINT('',(-0.10186532350121,-0.0460828968081764,-0.0221377144275526));
#5920=CARTESIAN_POINT('',(-0.101887873663745,-0.0460828968081764,-0.0221368641366605));
#5921=CARTESIAN_POINT('',(-0.101899155971507,-0.0460828968081764,-0.0221364394999309));
#5922=CARTESIAN_POINT('',(-0.101933024573623,-0.0460828968081764,-0.0221351671159881));
#5923=CARTESIAN_POINT('',(-0.101955632546809,-0.0460828968081764,-0.0221343208950212));
#5924=CARTESIAN_POINT('',(-0.102023543176515,-0.0460828968081764,-0.0221317883378721));
#5925=CARTESIAN_POINT('',(-0.10206893254317,-0.0460828968081764,-0.0221301081074444));
#5926=CARTESIAN_POINT('',(-0.102205447442907,-0.0460828968081764,-0.0221250918451834));
#5927=CARTESIAN_POINT('',(-0.102296919775508,-0.0460828968081764,-0.0221217802424237));
#5928=CARTESIAN_POINT('',(-0.102572723654912,-0.0460828968081764,-0.0221119431965075));
#5929=CARTESIAN_POINT('',(-0.102758442079514,-0.0460828968081764,-0.0221055155164673));
#5930=CARTESIAN_POINT('',(-0.103321142478136,-0.0460828968081764,-0.0220866238683175));
#5931=CARTESIAN_POINT('',(-0.103703669524631,-0.0460828968081764,-0.0220745513020506));
#5932=CARTESIAN_POINT('',(-0.104873413945331,-0.0460828968081764,-0.0220399015236187));
#5933=CARTESIAN_POINT('',(-0.105682793978707,-0.0460828968081764,-0.0220188923389396));
#5934=CARTESIAN_POINT('',(-0.108199475592389,-0.0460828968081764,-0.0219621504904311));
#5935=CARTESIAN_POINT('',(-0.109995316183184,-0.0460828968081764,-0.0219327043049426));
#5936=CARTESIAN_POINT('',(-0.111909004290567,-0.0460828968081764,-0.0219116606743906));
#5937=CARTESIAN_POINT('',(-0.0598951171022238,-0.0470828968081885,-0.042070727112947));
#5938=CARTESIAN_POINT('',(-0.0602192972527876,-0.0467495634748552,-0.0421483050807704));
#5939=CARTESIAN_POINT('',(-0.0605434774033513,-0.0464162301415218,-0.0422258830485938));
#5940=CARTESIAN_POINT('',(-0.060867657553915,-0.0460828968081885,-0.0423034610164172));
#5941=CARTESIAN_POINT('',(-0.0545850462359904,-0.0470828968081885,-0.0408));
#5942=CARTESIAN_POINT('',(-0.0545850462359904,-0.0470828968081885,-0.04626));
#5943=CARTESIAN_POINT('',(-1.38777878078145E-17,-0.0470828968081885,-0.04626));
#5944=CARTESIAN_POINT('',(0.0545850462359904,-0.0470828968081885,-0.04626));
#5945=CARTESIAN_POINT('',(0.0545850462359904,-0.0470828968081885,-0.0408));
#5946=CARTESIAN_POINT('',(0.0598951171022238,-0.0470828968081885,-0.042070727112947));
#5947=CARTESIAN_POINT('',(0.0602192972527875,-0.0467495634748552,-0.0421483050807704));
#5948=CARTESIAN_POINT('',(0.0605434774033512,-0.0464162301415219,-0.0422258830485938));
#5949=CARTESIAN_POINT('',(0.0608676575539149,-0.0460828968081885,-0.0423034610164171));
#5950=CARTESIAN_POINT('',(0.112472349053872,-0.0470828968081904,-0.020905382333942));
#5951=CARTESIAN_POINT('',(0.112103377882746,-0.0470828968081896,-0.0209094027721264));
#5952=CARTESIAN_POINT('',(0.111733675722422,-0.0470828968081883,-0.0209134318383235));
#5953=CARTESIAN_POINT('',(0.110890688549754,-0.0470828968081941,-0.0209235011430508));
#5954=CARTESIAN_POINT('',(0.110419693086955,-0.0470828968081908,-0.0209297535315845));
#5955=CARTESIAN_POINT('',(0.109029127262545,-0.0470828968081908,-0.0209501222282179));
#5956=CARTESIAN_POINT('',(0.108131977464931,-0.0470828968081908,-0.020965850067345));
#5957=CARTESIAN_POINT('',(0.105530210328022,-0.0470828968081908,-0.0210194797088693));
#5958=CARTESIAN_POINT('',(0.10391527524468,-0.0470828968081908,-0.021063827635372));
#5959=CARTESIAN_POINT('',(0.102232996659822,-0.0470828968081908,-0.0211233882388831));
#5960=CARTESIAN_POINT('',(0.102047945197395,-0.0470828968081908,-0.0211301403779704));
#5961=CARTESIAN_POINT('',(0.101853313172666,-0.0470828968081908,-0.0211374572133934));
#5962=CARTESIAN_POINT('',(0.101841871528396,-0.0470828968081908,-0.0211378881400641));
#5963=CARTESIAN_POINT('',(0.101819002836576,-0.0470828968081908,-0.0211387510425792));
#5964=CARTESIAN_POINT('',(0.101807983168239,-0.0470828968081908,-0.0211391675259484));
#5965=CARTESIAN_POINT('',(0.101768362753565,-0.0470828968081908,-0.0211406682609447));
#5966=CARTESIAN_POINT('',(0.101741969767323,-0.0470828968081908,-0.0211416721670634));
#5967=CARTESIAN_POINT('',(0.101662852679218,-0.0470828968081908,-0.0211446941337824));
#5968=CARTESIAN_POINT('',(0.101610190447975,-0.0470828968081908,-0.0211467224427461));
#5969=CARTESIAN_POINT('',(0.101452451236729,-0.0470828968081908,-0.0211528483630892));
#5970=CARTESIAN_POINT('',(0.101347621739208,-0.0470828968081908,-0.0211569869679216));
#5971=CARTESIAN_POINT('',(0.100825124134825,-0.0470828968081908,-0.0211779532817686));
#5972=CARTESIAN_POINT('',(0.100412405677615,-0.0470828968081908,-0.0211956008598354));
#5973=CARTESIAN_POINT('',(0.0991900891848941,-0.0470828968081908,-0.021251167175002));
#5974=CARTESIAN_POINT('',(0.0983963300282669,-0.0470828968081908,-0.0212917094930733));
#5975=CARTESIAN_POINT('',(0.0960784080739657,-0.0470828968081908,-0.0214238307711639));
#5976=CARTESIAN_POINT('',(0.0946176007918939,-0.0470828968081908,-0.0215259040550549));
#5977=CARTESIAN_POINT('',(0.093155246701745,-0.0470828968081908,-0.0216492238780123));
#5978=CARTESIAN_POINT('',(0.0930695558495572,-0.0470828968081908,-0.021656532643182));
#5979=CARTESIAN_POINT('',(0.0929415145362407,-0.0470828968081908,-0.0216675777778419));
#5980=CARTESIAN_POINT('',(0.0928989165926288,-0.0470828968081908,-0.0216712731538794));
#5981=CARTESIAN_POINT('',(0.092813885693729,-0.0470828968081908,-0.0216786912349228));
#5982=CARTESIAN_POINT('',(0.0927732192710688,-0.047082896808191,-0.0216822571803587));
#5983=CARTESIAN_POINT('',(0.0925397280254572,-0.0470828968081902,-0.021702861603307));
#5984=CARTESIAN_POINT('',(0.0923540388119027,-0.0470828968081908,-0.0217196548047083));
#5985=CARTESIAN_POINT('',(0.0918002825200174,-0.0470828968081908,-0.0217709633980316));
#5986=CARTESIAN_POINT('',(0.0914355267904926,-0.0470828968081908,-0.0218064077790819));
#5987=CARTESIAN_POINT('',(0.0903545049970627,-0.0470828968081908,-0.0219164568787196));
#5988=CARTESIAN_POINT('',(0.0896514843283349,-0.0470828968081908,-0.0219947775538092));
#5989=CARTESIAN_POINT('',(0.0875954039028652,-0.0470828968081908,-0.0222446034050505));
#5990=CARTESIAN_POINT('',(0.0862953257267625,-0.0470828968081908,-0.0224309724071885));
#5991=CARTESIAN_POINT('',(0.0849890499039343,-0.0470828968081908,-0.0226500465587653));
#5992=CARTESIAN_POINT('',(0.0849124860953847,-0.0470828968081908,-0.0226630106893242));
#5993=CARTESIAN_POINT('',(0.0847980543011578,-0.0470828968081908,-0.0226825730088032));
#5994=CARTESIAN_POINT('',(0.0847599793561821,-0.0470828968081908,-0.022689113135903));
#5995=CARTESIAN_POINT('',(0.0846839674390967,-0.0470828968081908,-0.0227022320979825));
#5996=CARTESIAN_POINT('',(0.0846411046583826,-0.0470828968081908,-0.0227096647613205));
#5997=CARTESIAN_POINT('',(0.0844352370931815,-0.0470828968081908,-0.0227455595488534));
#5998=CARTESIAN_POINT('',(0.0842715225425697,-0.0470828968081908,-0.0227746964543435));
#5999=CARTESIAN_POINT('',(0.0837833173953988,-0.0470828968081908,-0.0228633703972028));
#6000=CARTESIAN_POINT('',(0.0834617653034976,-0.0470828968081908,-0.0229241706609626));
#6001=CARTESIAN_POINT('',(0.0825088630464247,-0.0470828968081908,-0.0231116243578033));
#6002=CARTESIAN_POINT('',(0.0818892668998908,-0.0470828968081908,-0.0232433306964437));
#6003=CARTESIAN_POINT('',(0.0800774945348425,-0.0470828968081908,-0.0236586613346047));
#6004=CARTESIAN_POINT('',(0.0789323343908589,-0.0470828968081908,-0.0239624972563683));
#6005=CARTESIAN_POINT('',(0.0777822078434773,-0.0470828968081908,-0.0243139560547518));
#6006=CARTESIAN_POINT('',(0.0777147982160793,-0.0470828968081908,-0.0243347353705811));
#6007=CARTESIAN_POINT('',(0.0776308422760655,-0.0470828968081908,-0.0243608411014504));
#6008=CARTESIAN_POINT('',(0.0776140663927748,-0.0470828968081908,-0.0243660688269284));
#6009=CARTESIAN_POINT('',(0.0775805452356166,-0.0470828968081908,-0.0243765374364925));
#6010=CARTESIAN_POINT('',(0.0775612994322486,-0.0470828968081908,-0.0243825609159419));
#6011=CARTESIAN_POINT('',(0.077506920157859,-0.0470828968081908,-0.0243996230064397));
#6012=CARTESIAN_POINT('',(0.0774707254029023,-0.0470828968081908,-0.0244110328870201));
#6013=CARTESIAN_POINT('',(0.0772900421013046,-0.0470828968081908,-0.0244682580578296));
#6014=CARTESIAN_POINT('',(0.0771464249742169,-0.0470828968081903,-0.0245146006517848));
#6015=CARTESIAN_POINT('',(0.0767183621355242,-0.0470828968081919,-0.0246553158055724));
#6016=CARTESIAN_POINT('',(0.0764367049664937,-0.0470828968081908,-0.0247513757373257));
#6017=CARTESIAN_POINT('',(0.0756028876296737,-0.0470828968081908,-0.0250463050202708));
#6018=CARTESIAN_POINT('',(0.0750618816321881,-0.0470828968081908,-0.0252519238591502));
#6019=CARTESIAN_POINT('',(0.0734834803208255,-0.0470828968081908,-0.025895778326534));
#6020=CARTESIAN_POINT('',(0.0724907016881204,-0.0470828968081908,-0.0263610119057802));
#6021=CARTESIAN_POINT('',(0.0715282466597156,-0.0470828968081908,-0.0268779062166546));
#6022=CARTESIAN_POINT('',(0.0714991394504607,-0.0470828968081908,-0.0268936048342022));
#6023=CARTESIAN_POINT('',(0.0714555657785349,-0.0470828968081908,-0.026917205490896));
#6024=CARTESIAN_POINT('',(0.0714410557448854,-0.0470828968081908,-0.0269250811648561));
#6025=CARTESIAN_POINT('',(0.0714120647249046,-0.0470828968081908,-0.0269408500895671));
#6026=CARTESIAN_POINT('',(0.0713980344392701,-0.0470828968081908,-0.0269484966294068));
#6027=CARTESIAN_POINT('',(0.0713201502048017,-0.0470828968081908,-0.0269910421129517));
#6028=CARTESIAN_POINT('',(0.0712580819058882,-0.0470828968081908,-0.0270252574159621));
#6029=CARTESIAN_POINT('',(0.0710725942751249,-0.0470828968081908,-0.0271284400735163));
#6030=CARTESIAN_POINT('',(0.0709498922092569,-0.0470828968081908,-0.0271979441765828));
#6031=CARTESIAN_POINT('',(0.0705846550755739,-0.0470828968081908,-0.027408603479876));
#6032=CARTESIAN_POINT('',(0.0703449890716779,-0.0470828968081908,-0.0275519056741935));
#6033=CARTESIAN_POINT('',(0.0696374673156719,-0.0470828968081908,-0.0279904002335174));
#6034=CARTESIAN_POINT('',(0.0691810878192442,-0.0470828968081908,-0.0282941805748915));
#6035=CARTESIAN_POINT('',(0.0678578543526918,-0.0470828968081908,-0.0292398735044878));
#6036=CARTESIAN_POINT('',(0.0670369054052911,-0.0470828968081908,-0.0299161379981843));
#6037=CARTESIAN_POINT('',(0.066253421209532,-0.0470828968081908,-0.0306607696273452));
#6038=CARTESIAN_POINT('',(0.0662297390363715,-0.0470828968081908,-0.0306833789512117));
#6039=CARTESIAN_POINT('',(0.0661824942343788,-0.0470828968081908,-0.0307286870570317));
#6040=CARTESIAN_POINT('',(0.0661577423234322,-0.0470828968081908,-0.0307525303751424));
#6041=CARTESIAN_POINT('',(0.0660842693748797,-0.0470828968081908,-0.0308236486622648));
#6042=CARTESIAN_POINT('',(0.0660355401274371,-0.0470828968081908,-0.0308712612781105));
#6043=CARTESIAN_POINT('',(0.0658901105398862,-0.0470828968081908,-0.0310147003989387));
#6044=CARTESIAN_POINT('',(0.0657941683545534,-0.0470828968081908,-0.0311111281772129));
#6045=CARTESIAN_POINT('',(0.0655093744176616,-0.0470828968081908,-0.0314028166052018));
#6046=CARTESIAN_POINT('',(0.0653235552852089,-0.0470828968081908,-0.0316004823480818));
#6047=CARTESIAN_POINT('',(0.0647782283642687,-0.0470828968081908,-0.0322030999493897));
#6048=CARTESIAN_POINT('',(0.0644308510522077,-0.0470828968081908,-0.0326176721804794));
#6049=CARTESIAN_POINT('',(0.063437241021714,-0.0470828968081908,-0.0338998703644064));
#6050=CARTESIAN_POINT('',(0.0628395302089723,-0.0470828968081908,-0.0348059778079032));
#6051=CARTESIAN_POINT('',(0.0622398884031709,-0.0470828968081908,-0.0358830709178234));
#6052=CARTESIAN_POINT('',(0.062175340432675,-0.0470828968081908,-0.0360015978166281));
#6053=CARTESIAN_POINT('',(0.0620474445701164,-0.0470828968081908,-0.0362416285121088));
#6054=CARTESIAN_POINT('',(0.0619844764632929,-0.0470828968081908,-0.0363624563388134));
#6055=CARTESIAN_POINT('',(0.0617985116161944,-0.0470828968081908,-0.0367273772558152));
#6056=CARTESIAN_POINT('',(0.0616784543492892,-0.0470828968081908,-0.0369739077830024));
#6057=CARTESIAN_POINT('',(0.0613300404420613,-0.0470828968081908,-0.0377232491121303));
#6058=CARTESIAN_POINT('',(0.0611134416952167,-0.0470828968081908,-0.0382358096616206));
#6059=CARTESIAN_POINT('',(0.0605106770286209,-0.0470828968081908,-0.0398124903003581));
#6060=CARTESIAN_POINT('',(0.0601715426827991,-0.0470828968081908,-0.0409156093798175));
#6061=CARTESIAN_POINT('',(0.0598951171022216,-0.0470828968081908,-0.0420707271129465));
#6062=CARTESIAN_POINT('',(0.112483253641466,-0.0460828968081881,-0.02190532292424));
#6063=CARTESIAN_POINT('',(0.112114295620326,-0.0460828968081873,-0.0219093432865565));
#6064=CARTESIAN_POINT('',(0.111744954828967,-0.046082896808186,-0.0219133684482267));
#6065=CARTESIAN_POINT('',(0.110903505149764,-0.0460828968081919,-0.0219234193879168));
#6066=CARTESIAN_POINT('',(0.11043340954157,-0.0460828968081885,-0.0219296598889493));
#6067=CARTESIAN_POINT('',(0.109045632967728,-0.0460828968081885,-0.0219499877292652));
#6068=CARTESIAN_POINT('',(0.108150461808684,-0.0460828968081885,-0.0219656814744147));
#6069=CARTESIAN_POINT('',(0.105555066833627,-0.0460828968081885,-0.0220191797679979));
#6070=CARTESIAN_POINT('',(0.103944949326178,-0.0460828968081885,-0.0220634035836483));
#6071=CARTESIAN_POINT('',(0.102269092770383,-0.0460828968081885,-0.0221227368170136));
#6072=CARTESIAN_POINT('',(0.102084769044768,-0.0460828968081885,-0.0221294624265541));
#6073=CARTESIAN_POINT('',(0.101890926234175,-0.0460828968081885,-0.0221367495929135));
#6074=CARTESIAN_POINT('',(0.101879531073089,-0.0460828968081885,-0.0221371787688941));
#6075=CARTESIAN_POINT('',(0.101856755465731,-0.0460828968081885,-0.0221380381590607));
#6076=CARTESIAN_POINT('',(0.101845780991709,-0.0460828968081885,-0.0221384529342995));
#6077=CARTESIAN_POINT('',(0.101806319142224,-0.0460828968081885,-0.0221399476631918));
#6078=CARTESIAN_POINT('',(0.101780032029277,-0.0460828968081885,-0.0221409475422628));
#6079=CARTESIAN_POINT('',(0.101701233052787,-0.0460828968081885,-0.0221439573583486));
#6080=CARTESIAN_POINT('',(0.101648783551593,-0.0460828968081885,-0.0221459774742382));
#6081=CARTESIAN_POINT('',(0.101491684515371,-0.0460828968081885,-0.0221520785329052));
#6082=CARTESIAN_POINT('',(0.101387284447627,-0.0460828968081885,-0.0221562001867085));
#6083=CARTESIAN_POINT('',(0.100866947468063,-0.0460828968081885,-0.0221770798009456));
#6084=CARTESIAN_POINT('',(0.100456000608947,-0.0460828968081885,-0.0221946518064636));
#6085=CARTESIAN_POINT('',(0.099239138146808,-0.0460828968081885,-0.0222499701822587));
#6086=CARTESIAN_POINT('',(0.0984492002693069,-0.0460828968081885,-0.0222903190715006));
#6087=CARTESIAN_POINT('',(0.0961433901254481,-0.0460828968081885,-0.0224217499778203));
#6088=CARTESIAN_POINT('',(0.0946915121413322,-0.0460828968081885,-0.0225232205825836));
#6089=CARTESIAN_POINT('',(0.0932399105994672,-0.0460828968081885,-0.022645633646798));
#6090=CARTESIAN_POINT('',(0.0931548569500983,-0.0460828968081885,-0.0226528880704716));
#6091=CARTESIAN_POINT('',(0.0930277786451068,-0.0460828968081885,-0.0226638501338448));
#6092=CARTESIAN_POINT('',(0.0929855029049955,-0.0460828968081885,-0.0226675175595903));
#6093=CARTESIAN_POINT('',(0.09290111884078,-0.0460828968081885,-0.0226748792108866));
#6094=CARTESIAN_POINT('',(0.0928607636194404,-0.0460828968081887,-0.022678417868682));
#6095=CARTESIAN_POINT('',(0.0926290673971136,-0.0460828968081879,-0.0226988638898931));
#6096=CARTESIAN_POINT('',(0.0924448303497309,-0.0460828968081885,-0.0227155258167578));
#6097=CARTESIAN_POINT('',(0.0918954805410204,-0.0460828968081885,-0.0227664261249623));
#6098=CARTESIAN_POINT('',(0.0915337290923928,-0.0460828968081885,-0.0228015790523465));
#6099=CARTESIAN_POINT('',(0.0904619330749547,-0.0460828968081885,-0.0229106889587623));
#6100=CARTESIAN_POINT('',(0.0897653464589002,-0.0460828968081885,-0.0229882974283541));
#6101=CARTESIAN_POINT('',(0.0877295358892808,-0.0460828968081885,-0.0232356603730191));
#6102=CARTESIAN_POINT('',(0.0864442536696237,-0.0460828968081885,-0.023419961484928));
#6103=CARTESIAN_POINT('',(0.0851554784005349,-0.0460828968081885,-0.0236361006369404));
#6104=CARTESIAN_POINT('',(0.0850799506190432,-0.0460828968081885,-0.023648889359529));
#6105=CARTESIAN_POINT('',(0.0849670829074106,-0.0460828968081885,-0.0236681842962961));
#6106=CARTESIAN_POINT('',(0.0849295309969985,-0.0460828968081885,-0.0236746345839885));
#6107=CARTESIAN_POINT('',(0.0848545685248118,-0.0460828968081885,-0.0236875724214709));
#6108=CARTESIAN_POINT('',(0.0848122992599015,-0.0460828968081885,-0.0236949021673803));
#6109=CARTESIAN_POINT('',(0.0846092948867248,-0.0460828968081885,-0.0237302977326609));
#6110=CARTESIAN_POINT('',(0.0844478939561686,-0.0460828968081885,-0.0237590230095411));
#6111=CARTESIAN_POINT('',(0.0839667004601104,-0.0460828968081885,-0.0238464234083694));
#6112=CARTESIAN_POINT('',(0.0836499171849479,-0.0460828968081885,-0.023906323133386));
#6113=CARTESIAN_POINT('',(0.0827116174744181,-0.0460828968081885,-0.0240909042361951));
#6114=CARTESIAN_POINT('',(0.0821021511264088,-0.0460828968081885,-0.0242204681871159));
#6115=CARTESIAN_POINT('',(0.08032205819691,-0.0460828968081885,-0.0246285366324871));
#6116=CARTESIAN_POINT('',(0.0791997404904677,-0.0460828968081885,-0.0249264310794356));
#6117=CARTESIAN_POINT('',(0.0780760024012024,-0.0460828968081885,-0.0252698260209995));
#6118=CARTESIAN_POINT('',(0.0780101528083559,-0.0460828968081885,-0.0252901244853953));
#6119=CARTESIAN_POINT('',(0.077928156699726,-0.0460828968081885,-0.0253156208153006));
#6120=CARTESIAN_POINT('',(0.0779117732721142,-0.0460828968081885,-0.0253207262437356));
#6121=CARTESIAN_POINT('',(0.0778790380069106,-0.0460828968081885,-0.0253309494203627));
#6122=CARTESIAN_POINT('',(0.0778602439293633,-0.0460828968081885,-0.0253368315208084));
#6123=CARTESIAN_POINT('',(0.0778071436824094,-0.0460828968081885,-0.0253534923024961));
#6124=CARTESIAN_POINT('',(0.0777718032693394,-0.0460828968081885,-0.0253646328684487));
#6125=CARTESIAN_POINT('',(0.0775953999614451,-0.0460828968081885,-0.0254205024996539));
#6126=CARTESIAN_POINT('',(0.077455233342681,-0.046082896808188,-0.0254657319715352));
#6127=CARTESIAN_POINT('',(0.0770376014675454,-0.0460828968081896,-0.0256030182020177));
#6128=CARTESIAN_POINT('',(0.0767630042465159,-0.0460828968081885,-0.0256966728020635));
#6129=CARTESIAN_POINT('',(0.075950682035835,-0.0460828968081885,-0.0259839990503023));
#6130=CARTESIAN_POINT('',(0.0754244275811576,-0.0460828968081885,-0.0261840334588578));
#6131=CARTESIAN_POINT('',(0.0738914895976898,-0.0460828968081885,-0.0268093427269877));
#6132=CARTESIAN_POINT('',(0.0729306559181365,-0.0460828968081885,-0.0272598218470951));
#6133=CARTESIAN_POINT('',(0.0720024248185964,-0.0460828968081885,-0.0277583359182321));
#6134=CARTESIAN_POINT('',(0.0719743558792,-0.0460828968081885,-0.027773474565034));
#6135=CARTESIAN_POINT('',(0.0719323413561539,-0.0460828968081885,-0.02779623074533));
#6136=CARTESIAN_POINT('',(0.0719183513294744,-0.0460828968081885,-0.027803824173781));
#6137=CARTESIAN_POINT('',(0.0718904009001118,-0.0460828968081885,-0.0278190270958073));
#6138=CARTESIAN_POINT('',(0.0718768754825949,-0.0460828968081885,-0.0278263984814639));
#6139=CARTESIAN_POINT('',(0.0718017892951848,-0.0460828968081885,-0.027867415487955));
#6140=CARTESIAN_POINT('',(0.0717419625783655,-0.0460828968081885,-0.0279003951717289));
#6141=CARTESIAN_POINT('',(0.0715632084791263,-0.0460828968081885,-0.0279998321149437));
#6142=CARTESIAN_POINT('',(0.0714450071545549,-0.0460828968081885,-0.0280667872610451));
#6143=CARTESIAN_POINT('',(0.0710933019819754,-0.0460828968081885,-0.0282696416802266));
#6144=CARTESIAN_POINT('',(0.070862697036742,-0.0460828968081885,-0.0284075298355891));
#6145=CARTESIAN_POINT('',(0.0701824305832818,-0.0460828968081885,-0.0288291326148491));
#6146=CARTESIAN_POINT('',(0.0697443188424646,-0.0460828968081885,-0.0291207835136831));
#6147=CARTESIAN_POINT('',(0.0684757494760525,-0.0460828968081885,-0.030027408920898));
#6148=CARTESIAN_POINT('',(0.0676910645874033,-0.0460828968081885,-0.0306740124300451));
#6149=CARTESIAN_POINT('',(0.0669434129003026,-0.0460828968081885,-0.0313845884656635));
#6150=CARTESIAN_POINT('',(0.0669208150713993,-0.0460828968081885,-0.0314061625734864));
#6151=CARTESIAN_POINT('',(0.0668757358960627,-0.0460828968081885,-0.0314493938277245));
#6152=CARTESIAN_POINT('',(0.0668521181852353,-0.0460828968081885,-0.0314721445825166));
#6153=CARTESIAN_POINT('',(0.0667820157424678,-0.0460828968081885,-0.0315400003818388));
#6154=CARTESIAN_POINT('',(0.066735526077332,-0.0460828968081885,-0.0315854247722826));
#6155=CARTESIAN_POINT('',(0.0665967918906751,-0.0460828968081885,-0.0317222601308746));
#6156=CARTESIAN_POINT('',(0.066505282173622,-0.0460828968081885,-0.0318142332746047));
#6157=CARTESIAN_POINT('',(0.0662336837327087,-0.0460828968081885,-0.0320924067607991));
#6158=CARTESIAN_POINT('',(0.0660565256232212,-0.0460828968081885,-0.0322808609833431));
#6159=CARTESIAN_POINT('',(0.0655367086699018,-0.0460828968081885,-0.0328552886037253));
#6160=CARTESIAN_POINT('',(0.06520570489326,-0.0460828968081885,-0.0332503247204214));
#6161=CARTESIAN_POINT('',(0.0642588622752431,-0.0460828968081885,-0.0344721721736772));
#6162=CARTESIAN_POINT('',(0.0636891404398931,-0.0460828968081885,-0.0353357136333655));
#6163=CARTESIAN_POINT('',(0.0631166267833878,-0.0460828968081885,-0.0363640784151622));
#6164=CARTESIAN_POINT('',(0.0630550030512696,-0.0460828968081885,-0.0364772353222627));
#6165=CARTESIAN_POINT('',(0.0629328556556636,-0.0460828968081885,-0.0367064774864225));
#6166=CARTESIAN_POINT('',(0.0628727014767429,-0.0460828968081885,-0.0368219050326371));
#6167=CARTESIAN_POINT('',(0.0626949971500979,-0.0460828968081885,-0.0371706162371975));
#6168=CARTESIAN_POINT('',(0.0625802050399026,-0.0460828968081885,-0.0374063285448191));
#6169=CARTESIAN_POINT('',(0.0622468647144299,-0.0460828968081885,-0.0381232507955518));
#6170=CARTESIAN_POINT('',(0.0620393502371857,-0.0460828968081885,-0.0386142479352016));
#6171=CARTESIAN_POINT('',(0.0614610651367496,-0.0460828968081885,-0.0401268961910227));
#6172=CARTESIAN_POINT('',(0.061134539943568,-0.0460828968081885,-0.0411882220423301));
#6173=CARTESIAN_POINT('',(0.0608676575539155,-0.0460828968081885,-0.0423034610164145));
#6174=CARTESIAN_POINT('',(0.12346,0.00693855159590574,-0.0508));
#6175=CARTESIAN_POINT('',(0.12346,-0.0345428968081885,-0.0508));
#6176=CARTESIAN_POINT('',(0.12346,-0.0345428968081885,-0.0228602094847587));
#6177=CARTESIAN_POINT('',(0.12346,-0.0345428968081885,-0.0218602094847587));
#6178=CARTESIAN_POINT('',(0.12346,0.00693855159590574,-0.0218602094847587));
#6179=CARTESIAN_POINT('',(0.12346,0.04842,-0.0218602094847587));
#6180=CARTESIAN_POINT('',(0.12346,0.04842,-0.0508));
#6181=CARTESIAN_POINT('',(0.12346,0.04842,-0.0228602094847587));
#6182=CARTESIAN_POINT('',(0.12346,0.00693855159590575,-0.0228602094847587));
#6183=CARTESIAN_POINT('',(0.12346,0.04842,-0.0508));
#6184=CARTESIAN_POINT('',(0.12446,0.04842,-0.0208602094847587));
#6185=CARTESIAN_POINT('',(0.12346,0.04842,-0.0228602094847587));
#6186=CARTESIAN_POINT('',(0.12346,-0.0345428968081885,-0.0508));
#6187=CARTESIAN_POINT('',(0.12446,-0.0345428968081885,-0.0208602094847587));
#6188=CARTESIAN_POINT('',(0.12346,-0.0345428968081885,-0.0228602094847587));
#6189=CARTESIAN_POINT('',(0.12346,0.00693855159590575,-0.0228602094847587));
#6190=CARTESIAN_POINT('',(0.12446,0.00693855159590574,-0.0208602094847587));
#6191=CARTESIAN_POINT('',(-0.12346,0.00693855159590574,-0.0508));
#6192=CARTESIAN_POINT('',(-0.12346,-0.0345428968081885,-0.0508));
#6193=CARTESIAN_POINT('',(-0.12346,-0.0345428968081885,-0.0228602094847587));
#6194=CARTESIAN_POINT('',(-0.12346,-0.0345428968081885,-0.0218602094847587));
#6195=CARTESIAN_POINT('',(-0.12346,0.00693855159590575,-0.0228602094847587));
#6196=CARTESIAN_POINT('',(-0.12346,0.04842,-0.0228602094847587));
#6197=CARTESIAN_POINT('',(-0.12346,0.04842,-0.0508));
#6198=CARTESIAN_POINT('',(-0.12346,0.04842,-0.0218602094847587));
#6199=CARTESIAN_POINT('',(-0.12346,0.00693855159590578,-0.0218602094847587));
#6200=CARTESIAN_POINT('',(-0.12346,0.04842,-0.0508));
#6201=CARTESIAN_POINT('',(-0.108990104742379,0.04842,-0.0363301047423793));
#6202=CARTESIAN_POINT('',(-0.12346,0.04842,-0.0228602094847587));
#6203=CARTESIAN_POINT('',(-0.12346,-0.0345428968081885,-0.0508));
#6204=CARTESIAN_POINT('',(-0.12346,-0.0345428968081885,-0.0228602094847587));
#6205=CARTESIAN_POINT('',(-0.108990104742379,-0.0345428968081885,-0.0363301047423794));
#6206=CARTESIAN_POINT('',(-0.12346,0.00693855159590575,-0.0228602094847587));
#6207=CARTESIAN_POINT('',(-0.12446,0.00693855159590578,-0.0208602094847587));
#6208=CARTESIAN_POINT('',(0.,0.00693855159590575,0.02));
#6209=CARTESIAN_POINT('',(0.,0.00693855159590576,0.0073));
#6210=CARTESIAN_POINT('',(0.,0.00693855159590576,0.0073));
#6211=CARTESIAN_POINT('',(0.,0.00693855159590576,0.0073));
#6212=CARTESIAN_POINT('',(0.,0.00693855159590576,0.0073));
#6213=CARTESIAN_POINT('',(0.0205850462359904,0.06096,-0.00175));
#6214=CARTESIAN_POINT('',(0.0751350462359904,0.06096,-0.00026364000000002));
#6215=CARTESIAN_POINT('',(0.0751350462359904,0.06096,0.00328636));
#6216=CARTESIAN_POINT('',(0.0751350462359904,0.06096,-0.00381364));
#6217=CARTESIAN_POINT('',(0.0777850462359904,0.06096,0.00328636));
#6218=CARTESIAN_POINT('',(0.0804350462359904,0.06096,0.00328636));
#6219=CARTESIAN_POINT('',(0.0804350462359904,0.06096,-0.000263640000000044));
#6220=CARTESIAN_POINT('',(0.0804350462359904,0.06096,-0.00381364));
#6221=CARTESIAN_POINT('',(0.0777850462359904,0.06096,-0.00381364));
#6222=CARTESIAN_POINT('',(-0.0525850462359904,0.06096,-0.030054832889081));
#6223=CARTESIAN_POINT('',(-0.0525850462359904,0.06096,-0.0274140618458419));
#6224=CARTESIAN_POINT('',(-0.0525850462359904,0.06096,-0.0321761532326406));
#6225=CARTESIAN_POINT('',(-0.0499442751927513,0.06096,-0.0274140618458419));
#6226=CARTESIAN_POINT('',(-0.0478229548491916,0.06096,-0.0274140618458419));
#6227=CARTESIAN_POINT('',(-0.050204000542591,0.06096,-0.0297951075392413));
#6228=CARTESIAN_POINT('',(0.0363221711903537,0.06096,-0.036607030922921));
#6229=CARTESIAN_POINT('',(0.0271292021132746,0.06096,-0.0458));
#6230=CARTESIAN_POINT('',(0.0455151402674328,0.06096,-0.0274140618458419));
#6231=CARTESIAN_POINT('',(0.025007881769715,0.06096,-0.0458));
#6232=CARTESIAN_POINT('',(0.0228865614261554,0.06096,-0.0458));
#6233=CARTESIAN_POINT('',(0.0320795305032344,0.06096,-0.036607030922921));
#6234=CARTESIAN_POINT('',(0.0412724995803134,0.06096,-0.0274140618458419));
#6235=CARTESIAN_POINT('',(0.0433938199238731,0.06096,-0.0274140618458419));
#6236=CARTESIAN_POINT('',(0.0440997648617518,0.06096,-0.0373147186257614));
#6237=CARTESIAN_POINT('',(0.0356144834875132,0.06096,-0.0458));
#6238=CARTESIAN_POINT('',(0.0525850462359904,0.06096,-0.0288294372515229));
#6239=CARTESIAN_POINT('',(0.0334931631439536,0.06096,-0.0458));
#6240=CARTESIAN_POINT('',(0.0313718428003939,0.06096,-0.0458));
#6241=CARTESIAN_POINT('',(0.040564811877473,0.06096,-0.036607030922921));
#6242=CARTESIAN_POINT('',(0.049757780954552,0.06096,-0.0274140618458419));
#6243=CARTESIAN_POINT('',(0.0511714135952712,0.06096,-0.0274140618458419));
#6244=CARTESIAN_POINT('',(0.0525850462359904,0.06096,-0.0274140618458419));
#6245=CARTESIAN_POINT('',(0.0525850462359904,0.06096,-0.0281217495486824));
#6246=CARTESIAN_POINT('',(0.0193516084418766,0.06096,-0.0366070309229209));
#6247=CARTESIAN_POINT('',(0.0101586393647975,0.06096,-0.0458));
#6248=CARTESIAN_POINT('',(0.0285445775189556,0.06096,-0.0274140618458419));
#6249=CARTESIAN_POINT('',(0.00803731902123785,0.06096,-0.0458));
#6250=CARTESIAN_POINT('',(0.0059159986776782,0.06096,-0.0458));
#6251=CARTESIAN_POINT('',(0.0151089677547573,0.06096,-0.0366070309229209));
#6252=CARTESIAN_POINT('',(0.0243019368318363,0.06096,-0.0274140618458419));
#6253=CARTESIAN_POINT('',(0.0264232571753959,0.06096,-0.0274140618458419));
#6254=CARTESIAN_POINT('',(0.0278368898161152,0.06096,-0.036607030922921));
#6255=CARTESIAN_POINT('',(0.018643920739036,0.06096,-0.0458));
#6256=CARTESIAN_POINT('',(0.0370298588931942,0.06096,-0.0274140618458419));
#6257=CARTESIAN_POINT('',(0.0165226003954764,0.06096,-0.0458));
#6258=CARTESIAN_POINT('',(0.0144012800519168,0.06096,-0.0458));
#6259=CARTESIAN_POINT('',(0.0235942491289958,0.06096,-0.0366070309229209));
#6260=CARTESIAN_POINT('',(0.0327872182060749,0.06096,-0.0274140618458419));
#6261=CARTESIAN_POINT('',(0.0349085385496346,0.06096,-0.0274140618458419));
#6262=CARTESIAN_POINT('',(0.0525850462359904,0.06096,-0.0436786796564404));
#6263=CARTESIAN_POINT('',(0.0525850462359904,0.06096,-0.0458));
#6264=CARTESIAN_POINT('',(0.0525850462359904,0.06096,-0.0415573593128808));
#6265=CARTESIAN_POINT('',(0.0504637258924307,0.06096,-0.0458));
#6266=CARTESIAN_POINT('',(0.0483424055488711,0.06096,-0.0458));
#6267=CARTESIAN_POINT('',(0.0504637258924307,0.06096,-0.0436786796564404));
#6268=CARTESIAN_POINT('',(0.0483424055488711,0.06096,-0.0415573593128808));
#6269=CARTESIAN_POINT('',(0.0440997648617518,0.06096,-0.0458));
#6270=CARTESIAN_POINT('',(0.0525850462359904,0.06096,-0.0373147186257614));
#6271=CARTESIAN_POINT('',(0.0419784445181922,0.06096,-0.0458));
#6272=CARTESIAN_POINT('',(0.0398571241746325,0.06096,-0.0458));
#6273=CARTESIAN_POINT('',(0.0462210852053114,0.06096,-0.0394360389693211));
#6274=CARTESIAN_POINT('',(0.0525850462359904,0.06096,-0.0330720779386422));
#6275=CARTESIAN_POINT('',(0.0525850462359904,0.06096,-0.0351933982822018));
#6276=CARTESIAN_POINT('',(-0.0315600798035549,0.06096,-0.0366070309229209));
#6277=CARTESIAN_POINT('',(-0.040753048880634,0.06096,-0.0458));
#6278=CARTESIAN_POINT('',(-0.0223671107264759,0.06096,-0.0274140618458419));
#6279=CARTESIAN_POINT('',(-0.0428743692241936,0.06096,-0.0458));
#6280=CARTESIAN_POINT('',(-0.0449956895677533,0.06096,-0.0458));
#6281=CARTESIAN_POINT('',(-0.0358027204906743,0.06096,-0.0366070309229209));
#6282=CARTESIAN_POINT('',(-0.0266097514135952,0.06096,-0.0274140618458419));
#6283=CARTESIAN_POINT('',(-0.0244884310700356,0.06096,-0.0274140618458419));
#6284=CARTESIAN_POINT('',(-0.0230747984293164,0.06096,-0.0366070309229209));
#6285=CARTESIAN_POINT('',(-0.0322677675063954,0.06096,-0.0458));
#6286=CARTESIAN_POINT('',(-0.0138818293522373,0.06096,-0.0274140618458419));
#6287=CARTESIAN_POINT('',(-0.0343890878499551,0.06096,-0.0458));
#6288=CARTESIAN_POINT('',(-0.0365104081935148,0.06096,-0.0458));
#6289=CARTESIAN_POINT('',(-0.0273174391164357,0.06096,-0.0366070309229209));
#6290=CARTESIAN_POINT('',(-0.0181244700393566,0.06096,-0.0274140618458419));
#6291=CARTESIAN_POINT('',(-0.0160031496957969,0.06096,-0.0274140618458419));
#6292=CARTESIAN_POINT('',(-0.0525850462359904,0.06096,-0.0385401142633196));
#6293=CARTESIAN_POINT('',(-0.0525850462359904,0.06096,-0.0364187939197599));
#6294=CARTESIAN_POINT('',(-0.0525850462359904,0.06096,-0.0406614346068791));
#6295=CARTESIAN_POINT('',(-0.0480826801990314,0.06096,-0.0319164278828009));
#6296=CARTESIAN_POINT('',(-0.0435803141620724,0.06096,-0.0274140618458419));
#6297=CARTESIAN_POINT('',(-0.0414589938185127,0.06096,-0.0274140618458419));
#6298=CARTESIAN_POINT('',(-0.0393376734749531,0.06096,-0.0274140618458419));
#6299=CARTESIAN_POINT('',(-0.0459613598554717,0.06096,-0.0340377482263606));
#6300=CARTESIAN_POINT('',(-0.0400453611777936,0.06096,-0.0366070309229209));
#6301=CARTESIAN_POINT('',(-0.0492383302548726,0.06096,-0.0458));
#6302=CARTESIAN_POINT('',(-0.0308523921007144,0.06096,-0.0274140618458419));
#6303=CARTESIAN_POINT('',(-0.0509116882454315,0.06096,-0.0458));
#6304=CARTESIAN_POINT('',(-0.0525850462359904,0.06096,-0.0458));
#6305=CARTESIAN_POINT('',(-0.0525850462359904,0.06096,-0.0453520376469992));
#6306=CARTESIAN_POINT('',(-0.0525850462359904,0.06096,-0.0449040752939984));
#6307=CARTESIAN_POINT('',(-0.043840039511912,0.06096,-0.0361590685699202));
#6308=CARTESIAN_POINT('',(-0.0350950327878337,0.06096,-0.0274140618458419));
#6309=CARTESIAN_POINT('',(-0.0329737124442741,0.06096,-0.0274140618458419));
#6310=CARTESIAN_POINT('',(0.0023810456933994,0.06096,-0.0366070309229209));
#6311=CARTESIAN_POINT('',(-0.00681192338367967,0.06096,-0.0458));
#6312=CARTESIAN_POINT('',(0.0115740147704785,0.06096,-0.0274140618458419));
#6313=CARTESIAN_POINT('',(-0.00893324372723931,0.06096,-0.0458));
#6314=CARTESIAN_POINT('',(-0.0110545640707989,0.06096,-0.0458));
#6315=CARTESIAN_POINT('',(-0.00186159499371989,0.06096,-0.0366070309229209));
#6316=CARTESIAN_POINT('',(0.00733137408335918,0.06096,-0.0274140618458419));
#6317=CARTESIAN_POINT('',(0.00945269442691882,0.06096,-0.0274140618458419));
#6318=CARTESIAN_POINT('',(0.010866327067638,0.06096,-0.0366070309229209));
#6319=CARTESIAN_POINT('',(0.00167335799055891,0.06096,-0.0458));
#6320=CARTESIAN_POINT('',(0.020059296144717,0.06096,-0.0274140618458419));
#6321=CARTESIAN_POINT('',(-0.000447962353000731,0.06096,-0.0458));
#6322=CARTESIAN_POINT('',(-0.00256928269656037,0.06096,-0.0458));
#6323=CARTESIAN_POINT('',(0.00662368638051868,0.06096,-0.0366070309229209));
#6324=CARTESIAN_POINT('',(0.0158166554575978,0.06096,-0.0274140618458419));
#6325=CARTESIAN_POINT('',(0.0179379758011574,0.06096,-0.0274140618458419));
#6326=CARTESIAN_POINT('',(-0.0145895170550778,0.06096,-0.0366070309229209));
#6327=CARTESIAN_POINT('',(-0.0237824861321568,0.06096,-0.0458));
#6328=CARTESIAN_POINT('',(-0.00539654797799871,0.06096,-0.0274140618458419));
#6329=CARTESIAN_POINT('',(-0.0259038064757165,0.06096,-0.0458));
#6330=CARTESIAN_POINT('',(-0.0280251268192762,0.06096,-0.0458));
#6331=CARTESIAN_POINT('',(-0.0188321577421971,0.06096,-0.0366070309229209));
#6332=CARTESIAN_POINT('',(-0.009639188665118,0.06096,-0.0274140618458419));
#6333=CARTESIAN_POINT('',(-0.00751786832155835,0.06096,-0.0274140618458419));
#6334=CARTESIAN_POINT('',(-0.00610423568083918,0.06096,-0.0366070309229209));
#6335=CARTESIAN_POINT('',(-0.0152972047579182,0.06096,-0.0458));
#6336=CARTESIAN_POINT('',(0.00308873339623988,0.06096,-0.0274140618458419));
#6337=CARTESIAN_POINT('',(-0.0174185251014779,0.06096,-0.0458));
#6338=CARTESIAN_POINT('',(-0.0195398454450375,0.06096,-0.0458));
#6339=CARTESIAN_POINT('',(-0.0103468763679585,0.06096,-0.0366070309229209));
#6340=CARTESIAN_POINT('',(-0.00115390729087941,0.06096,-0.0274140618458419));
#6341=CARTESIAN_POINT('',(0.000967413052680233,0.06096,-0.0274140618458419));
#6342=MECHANICAL_DESIGN_GEOMETRIC_PRESENTATION_REPRESENTATION('',(#3017),
#6343);
#6343=(
GEOMETRIC_REPRESENTATION_CONTEXT(3)
GLOBAL_UNCERTAINTY_ASSIGNED_CONTEXT((#6344))
GLOBAL_UNIT_ASSIGNED_CONTEXT((#6347,#6346,#6345))
REPRESENTATION_CONTEXT('Walls','TOP_LEVEL_ASSEMBLY_PART')
);
#6344=UNCERTAINTY_MEASURE_WITH_UNIT(LENGTH_MEASURE(2.E-5),#6347,
'DISTANCE_ACCURACY_VALUE','Maximum Tolerance applied to model');
#6345=(
NAMED_UNIT(*)
SI_UNIT($,.STERADIAN.)
SOLID_ANGLE_UNIT()
);
#6346=(
NAMED_UNIT(*)
PLANE_ANGLE_UNIT()
SI_UNIT($,.RADIAN.)
);
#6347=(
LENGTH_UNIT()
NAMED_UNIT(*)
SI_UNIT($,.METRE.)
);
#6348=PRODUCT_DEFINITION_SHAPE('','',#6349);
#6349=PRODUCT_DEFINITION('','',#6351,#6350);
#6350=PRODUCT_DEFINITION_CONTEXT('',#6357,'design');
#6351=PRODUCT_DEFINITION_FORMATION_WITH_SPECIFIED_SOURCE('','',#6353,
 .NOT_KNOWN.);
#6352=PRODUCT_RELATED_PRODUCT_CATEGORY('','',(#6353));
#6353=PRODUCT('Walls','Walls','Walls',(#6355));
#6354=PRODUCT_CATEGORY('','');
#6355=PRODUCT_CONTEXT('',#6357,'mechanical');
#6356=APPLICATION_PROTOCOL_DEFINITION('international standard',
'ap242_managed_model_based_3d_engineering',2011,#6357);
#6357=APPLICATION_CONTEXT('managed model based 3d engineering');
ENDSEC;
END-ISO-10303-21;
